Seed,Defense,run_id,Scenario,Network Size,Attack Reach Count,Attack Reach (%),Max Propagation Depth,Malicious Relay Attempts,Blocked Malicious Relays,Successful Malicious Relays,Malicious Relay Block (%),Benign Relay Attempts,Blocked Benign Relays,Benign False-Block (%),Fully Contained
7,No Defense,benign--assurance_triage--chain--n10--containment_drill--r4,benign,10,0,0.0,0,0,0,0,,0,0,,True
7,DonkeyRail,benign--assurance_triage--chain--n10--containment_drill--r4,benign,10,0,0.0,0,0,0,0,,0,0,,True
7,WormShield,benign--assurance_triage--chain--n10--containment_drill--r4,benign,10,0,0.0,0,0,0,0,,0,0,,True
7,No Defense,benign--assurance_triage--chain--n10--routine_update--r1,benign,10,0,0.0,0,0,0,0,,1,0,0.0,True
7,DonkeyRail,benign--assurance_triage--chain--n10--routine_update--r1,benign,10,0,0.0,0,0,0,0,,1,0,0.0,True
7,WormShield,benign--assurance_triage--chain--n10--routine_update--r1,benign,10,0,0.0,0,0,0,0,,1,0,0.0,True
7,No Defense,benign--assurance_triage--chain--n20--routine_update--r1,benign,20,0,0.0,0,0,0,0,,0,0,,True
7,DonkeyRail,benign--assurance_triage--chain--n20--routine_update--r1,benign,20,0,0.0,0,0,0,0,,0,0,,True
7,WormShield,benign--assurance_triage--chain--n20--routine_update--r1,benign,20,0,0.0,0,0,0,0,,0,0,,True
7,No Defense,benign--assurance_triage--chain--n8--maintenance_notice--r4,benign,8,0,0.0,0,0,0,0,,2,0,0.0,True
7,DonkeyRail,benign--assurance_triage--chain--n8--maintenance_notice--r4,benign,8,0,0.0,0,0,0,0,,2,2,100.0,True
7,WormShield,benign--assurance_triage--chain--n8--maintenance_notice--r4,benign,8,0,0.0,0,0,0,0,,2,0,0.0,True
7,No Defense,benign--assurance_triage--chain--n8--routine_update--r3,benign,8,0,0.0,0,0,0,0,,0,0,,True
7,DonkeyRail,benign--assurance_triage--chain--n8--routine_update--r3,benign,8,0,0.0,0,0,0,0,,0,0,,True
7,WormShield,benign--assurance_triage--chain--n8--routine_update--r3,benign,8,0,0.0,0,0,0,0,,0,0,,True
7,No Defense,benign--assurance_triage--mesh_lite--n8--containment_drill--r4,benign,8,0,0.0,0,0,0,0,,0,0,,True
7,DonkeyRail,benign--assurance_triage--mesh_lite--n8--containment_drill--r4,benign,8,0,0.0,0,0,0,0,,0,0,,True
7,WormShield,benign--assurance_triage--mesh_lite--n8--containment_drill--r4,benign,8,0,0.0,0,0,0,0,,0,0,,True
7,No Defense,benign--assurance_triage--mesh_lite--n8--maintenance_notice--r2,benign,8,0,0.0,0,0,0,0,,0,0,,True
7,DonkeyRail,benign--assurance_triage--mesh_lite--n8--maintenance_notice--r2,benign,8,0,0.0,0,0,0,0,,0,0,,True
7,WormShield,benign--assurance_triage--mesh_lite--n8--maintenance_notice--r2,benign,8,0,0.0,0,0,0,0,,0,0,,True
7,No Defense,benign--assurance_triage--random_min_degree--n10--routine_update--r1,benign,10,0,0.0,0,0,0,0,,0,0,,True
7,DonkeyRail,benign--assurance_triage--random_min_degree--n10--routine_update--r1,benign,10,0,0.0,0,0,0,0,,0,0,,True
7,WormShield,benign--assurance_triage--random_min_degree--n10--routine_update--r1,benign,10,0,0.0,0,0,0,0,,0,0,,True
7,No Defense,benign--assurance_triage--random_min_degree--n15--routine_update--r3,benign,15,0,0.0,0,0,0,0,,2,0,0.0,True
7,DonkeyRail,benign--assurance_triage--random_min_degree--n15--routine_update--r3,benign,15,0,0.0,0,0,0,0,,2,0,0.0,True
7,WormShield,benign--assurance_triage--random_min_degree--n15--routine_update--r3,benign,15,0,0.0,0,0,0,0,,2,0,0.0,True
7,No Defense,benign--assurance_triage--random_min_degree--n20--maintenance_notice--r6,benign,20,0,0.0,0,0,0,0,,2,0,0.0,True
7,DonkeyRail,benign--assurance_triage--random_min_degree--n20--maintenance_notice--r6,benign,20,0,0.0,0,0,0,0,,2,0,0.0,True
7,WormShield,benign--assurance_triage--random_min_degree--n20--maintenance_notice--r6,benign,20,0,0.0,0,0,0,0,,2,0,0.0,True
7,No Defense,benign--assurance_triage--random_min_degree--n4--maintenance_notice--r6,benign,4,0,0.0,0,0,0,0,,1,0,0.0,True
7,DonkeyRail,benign--assurance_triage--random_min_degree--n4--maintenance_notice--r6,benign,4,0,0.0,0,0,0,0,,1,1,100.0,True
7,WormShield,benign--assurance_triage--random_min_degree--n4--maintenance_notice--r6,benign,4,0,0.0,0,0,0,0,,1,0,0.0,True
7,No Defense,benign--assurance_triage--random_min_degree--n8--containment_drill--r6,benign,8,0,0.0,0,0,0,0,,0,0,,True
7,DonkeyRail,benign--assurance_triage--random_min_degree--n8--containment_drill--r6,benign,8,0,0.0,0,0,0,0,,0,0,,True
7,WormShield,benign--assurance_triage--random_min_degree--n8--containment_drill--r6,benign,8,0,0.0,0,0,0,0,,0,0,,True
7,No Defense,benign--assurance_triage--ring--n10--routine_update--r1,benign,10,0,0.0,0,0,0,0,,0,0,,True
7,DonkeyRail,benign--assurance_triage--ring--n10--routine_update--r1,benign,10,0,0.0,0,0,0,0,,0,0,,True
7,WormShield,benign--assurance_triage--ring--n10--routine_update--r1,benign,10,0,0.0,0,0,0,0,,0,0,,True
7,No Defense,benign--assurance_triage--ring--n15--containment_drill--r2,benign,15,0,0.0,0,0,0,0,,0,0,,True
7,DonkeyRail,benign--assurance_triage--ring--n15--containment_drill--r2,benign,15,0,0.0,0,0,0,0,,0,0,,True
7,WormShield,benign--assurance_triage--ring--n15--containment_drill--r2,benign,15,0,0.0,0,0,0,0,,0,0,,True
7,No Defense,benign--assurance_triage--star--n10--quoted_attack_review--r1,benign,10,0,0.0,0,0,0,0,,0,0,,True
7,DonkeyRail,benign--assurance_triage--star--n10--quoted_attack_review--r1,benign,10,0,0.0,0,0,0,0,,0,0,,True
7,WormShield,benign--assurance_triage--star--n10--quoted_attack_review--r1,benign,10,0,0.0,0,0,0,0,,0,0,,True
7,No Defense,benign--assurance_triage--star--n20--containment_drill--r2,benign,20,0,0.0,0,0,0,0,,2,0,0.0,True
7,DonkeyRail,benign--assurance_triage--star--n20--containment_drill--r2,benign,20,0,0.0,0,0,0,0,,1,1,100.0,True
7,WormShield,benign--assurance_triage--star--n20--containment_drill--r2,benign,20,0,0.0,0,0,0,0,,2,0,0.0,True
7,No Defense,benign--assurance_triage--star--n20--containment_drill--r6,benign,20,0,0.0,0,0,0,0,,1,0,0.0,True
7,DonkeyRail,benign--assurance_triage--star--n20--containment_drill--r6,benign,20,0,0.0,0,0,0,0,,1,0,0.0,True
7,WormShield,benign--assurance_triage--star--n20--containment_drill--r6,benign,20,0,0.0,0,0,0,0,,1,0,0.0,True
7,No Defense,benign--assurance_triage--star--n20--maintenance_notice--r4,benign,20,0,0.0,0,0,0,0,,1,0,0.0,True
7,DonkeyRail,benign--assurance_triage--star--n20--maintenance_notice--r4,benign,20,0,0.0,0,0,0,0,,1,1,100.0,True
7,WormShield,benign--assurance_triage--star--n20--maintenance_notice--r4,benign,20,0,0.0,0,0,0,0,,1,0,0.0,True
7,No Defense,benign--assurance_triage--star--n20--routine_update--r3,benign,20,0,0.0,0,0,0,0,,1,0,0.0,True
7,DonkeyRail,benign--assurance_triage--star--n20--routine_update--r3,benign,20,0,0.0,0,0,0,0,,1,0,0.0,True
7,WormShield,benign--assurance_triage--star--n20--routine_update--r3,benign,20,0,0.0,0,0,0,0,,1,0,0.0,True
7,No Defense,benign--assurance_triage--star--n8--containment_drill--r4,benign,8,0,0.0,0,0,0,0,,0,0,,True
7,DonkeyRail,benign--assurance_triage--star--n8--containment_drill--r4,benign,8,0,0.0,0,0,0,0,,0,0,,True
7,WormShield,benign--assurance_triage--star--n8--containment_drill--r4,benign,8,0,0.0,0,0,0,0,,0,0,,True
7,No Defense,benign--edge_mesh--chain--n15--containment_drill--r4,benign,15,0,0.0,0,0,0,0,,3,0,0.0,True
7,DonkeyRail,benign--edge_mesh--chain--n15--containment_drill--r4,benign,15,0,0.0,0,0,0,0,,3,1,33.333333333333336,True
7,WormShield,benign--edge_mesh--chain--n15--containment_drill--r4,benign,15,0,0.0,0,0,0,0,,3,0,0.0,True
7,No Defense,benign--edge_mesh--chain--n20--containment_drill--r2,benign,20,0,0.0,0,0,0,0,,0,0,,True
7,DonkeyRail,benign--edge_mesh--chain--n20--containment_drill--r2,benign,20,0,0.0,0,0,0,0,,0,0,,True
7,WormShield,benign--edge_mesh--chain--n20--containment_drill--r2,benign,20,0,0.0,0,0,0,0,,0,0,,True
7,No Defense,benign--edge_mesh--chain--n8--routine_update--r5,benign,8,0,0.0,0,0,0,0,,1,0,0.0,True
7,DonkeyRail,benign--edge_mesh--chain--n8--routine_update--r5,benign,8,0,0.0,0,0,0,0,,1,0,0.0,True
7,WormShield,benign--edge_mesh--chain--n8--routine_update--r5,benign,8,0,0.0,0,0,0,0,,1,0,0.0,True
7,No Defense,benign--edge_mesh--mesh_lite--n15--containment_drill--r2,benign,15,0,0.0,0,0,0,0,,0,0,,True
7,DonkeyRail,benign--edge_mesh--mesh_lite--n15--containment_drill--r2,benign,15,0,0.0,0,0,0,0,,0,0,,True
7,WormShield,benign--edge_mesh--mesh_lite--n15--containment_drill--r2,benign,15,0,0.0,0,0,0,0,,0,0,,True
7,No Defense,benign--edge_mesh--mesh_lite--n20--maintenance_notice--r2,benign,20,0,0.0,0,0,0,0,,0,0,,True
7,DonkeyRail,benign--edge_mesh--mesh_lite--n20--maintenance_notice--r2,benign,20,0,0.0,0,0,0,0,,0,0,,True
7,WormShield,benign--edge_mesh--mesh_lite--n20--maintenance_notice--r2,benign,20,0,0.0,0,0,0,0,,0,0,,True
7,No Defense,benign--edge_mesh--mesh_lite--n4--routine_update--r1,benign,4,0,0.0,0,0,0,0,,1,0,0.0,True
7,DonkeyRail,benign--edge_mesh--mesh_lite--n4--routine_update--r1,benign,4,0,0.0,0,0,0,0,,1,1,100.0,True
7,WormShield,benign--edge_mesh--mesh_lite--n4--routine_update--r1,benign,4,0,0.0,0,0,0,0,,1,0,0.0,True
7,No Defense,benign--edge_mesh--random_min_degree--n10--containment_drill--r2,benign,10,0,0.0,0,0,0,0,,2,0,0.0,True
7,DonkeyRail,benign--edge_mesh--random_min_degree--n10--containment_drill--r2,benign,10,0,0.0,0,0,0,0,,2,2,100.0,True
7,WormShield,benign--edge_mesh--random_min_degree--n10--containment_drill--r2,benign,10,0,0.0,0,0,0,0,,2,0,0.0,True
7,No Defense,benign--edge_mesh--random_min_degree--n15--routine_update--r1,benign,15,0,0.0,0,0,0,0,,0,0,,True
7,DonkeyRail,benign--edge_mesh--random_min_degree--n15--routine_update--r1,benign,15,0,0.0,0,0,0,0,,0,0,,True
7,WormShield,benign--edge_mesh--random_min_degree--n15--routine_update--r1,benign,15,0,0.0,0,0,0,0,,0,0,,True
7,No Defense,benign--edge_mesh--ring--n10--containment_drill--r2,benign,10,0,0.0,0,0,0,0,,0,0,,True
7,DonkeyRail,benign--edge_mesh--ring--n10--containment_drill--r2,benign,10,0,0.0,0,0,0,0,,0,0,,True
7,WormShield,benign--edge_mesh--ring--n10--containment_drill--r2,benign,10,0,0.0,0,0,0,0,,0,0,,True
7,No Defense,benign--edge_mesh--ring--n15--routine_update--r5,benign,15,0,0.0,0,0,0,0,,0,0,,True
7,DonkeyRail,benign--edge_mesh--ring--n15--routine_update--r5,benign,15,0,0.0,0,0,0,0,,0,0,,True
7,WormShield,benign--edge_mesh--ring--n15--routine_update--r5,benign,15,0,0.0,0,0,0,0,,0,0,,True
7,No Defense,benign--edge_mesh--ring--n4--containment_drill--r6,benign,4,0,0.0,0,0,0,0,,0,0,,True
7,DonkeyRail,benign--edge_mesh--ring--n4--containment_drill--r6,benign,4,0,0.0,0,0,0,0,,0,0,,True
7,WormShield,benign--edge_mesh--ring--n4--containment_drill--r6,benign,4,0,0.0,0,0,0,0,,0,0,,True
7,No Defense,benign--edge_mesh--ring--n4--routine_update--r3,benign,4,0,0.0,0,0,0,0,,0,0,,True
7,DonkeyRail,benign--edge_mesh--ring--n4--routine_update--r3,benign,4,0,0.0,0,0,0,0,,0,0,,True
7,WormShield,benign--edge_mesh--ring--n4--routine_update--r3,benign,4,0,0.0,0,0,0,0,,0,0,,True
7,No Defense,benign--edge_mesh--star--n10--routine_update--r5,benign,10,0,0.0,0,0,0,0,,1,0,0.0,True
7,DonkeyRail,benign--edge_mesh--star--n10--routine_update--r5,benign,10,0,0.0,0,0,0,0,,1,0,0.0,True
7,WormShield,benign--edge_mesh--star--n10--routine_update--r5,benign,10,0,0.0,0,0,0,0,,1,0,0.0,True
7,No Defense,benign--edge_mesh--star--n15--maintenance_notice--r4,benign,15,0,0.0,0,0,0,0,,1,0,0.0,True
7,DonkeyRail,benign--edge_mesh--star--n15--maintenance_notice--r4,benign,15,0,0.0,0,0,0,0,,1,1,100.0,True
7,WormShield,benign--edge_mesh--star--n15--maintenance_notice--r4,benign,15,0,0.0,0,0,0,0,,1,0,0.0,True
7,No Defense,benign--edge_mesh--star--n20--maintenance_notice--r6,benign,20,0,0.0,0,0,0,0,,1,0,0.0,True
7,DonkeyRail,benign--edge_mesh--star--n20--maintenance_notice--r6,benign,20,0,0.0,0,0,0,0,,1,1,100.0,True
7,WormShield,benign--edge_mesh--star--n20--maintenance_notice--r6,benign,20,0,0.0,0,0,0,0,,1,0,0.0,True
7,No Defense,benign--edge_mesh--star--n8--containment_drill--r2,benign,8,0,0.0,0,0,0,0,,2,0,0.0,True
7,DonkeyRail,benign--edge_mesh--star--n8--containment_drill--r2,benign,8,0,0.0,0,0,0,0,,1,1,100.0,True
7,WormShield,benign--edge_mesh--star--n8--containment_drill--r2,benign,8,0,0.0,0,0,0,0,,2,0,0.0,True
7,No Defense,benign--ran_orchestration--chain--n10--containment_drill--r4,benign,10,0,0.0,0,0,0,0,,3,0,0.0,True
7,DonkeyRail,benign--ran_orchestration--chain--n10--containment_drill--r4,benign,10,0,0.0,0,0,0,0,,3,0,0.0,True
7,WormShield,benign--ran_orchestration--chain--n10--containment_drill--r4,benign,10,0,0.0,0,0,0,0,,3,0,0.0,True
7,No Defense,benign--ran_orchestration--chain--n10--maintenance_notice--r6,benign,10,0,0.0,0,0,0,0,,1,0,0.0,True
7,DonkeyRail,benign--ran_orchestration--chain--n10--maintenance_notice--r6,benign,10,0,0.0,0,0,0,0,,1,1,100.0,True
7,WormShield,benign--ran_orchestration--chain--n10--maintenance_notice--r6,benign,10,0,0.0,0,0,0,0,,1,0,0.0,True
7,No Defense,benign--ran_orchestration--chain--n10--routine_update--r5,benign,10,0,0.0,0,0,0,0,,1,0,0.0,True
7,DonkeyRail,benign--ran_orchestration--chain--n10--routine_update--r5,benign,10,0,0.0,0,0,0,0,,1,0,0.0,True
7,WormShield,benign--ran_orchestration--chain--n10--routine_update--r5,benign,10,0,0.0,0,0,0,0,,1,0,0.0,True
7,No Defense,benign--ran_orchestration--chain--n20--maintenance_notice--r6,benign,20,0,0.0,0,0,0,0,,2,0,0.0,True
7,DonkeyRail,benign--ran_orchestration--chain--n20--maintenance_notice--r6,benign,20,0,0.0,0,0,0,0,,2,0,0.0,True
7,WormShield,benign--ran_orchestration--chain--n20--maintenance_notice--r6,benign,20,0,0.0,0,0,0,0,,2,0,0.0,True
7,No Defense,benign--ran_orchestration--chain--n4--routine_update--r1,benign,4,0,0.0,0,0,0,0,,1,0,0.0,True
7,DonkeyRail,benign--ran_orchestration--chain--n4--routine_update--r1,benign,4,0,0.0,0,0,0,0,,1,0,0.0,True
7,WormShield,benign--ran_orchestration--chain--n4--routine_update--r1,benign,4,0,0.0,0,0,0,0,,1,0,0.0,True
7,No Defense,benign--ran_orchestration--chain--n4--routine_update--r5,benign,4,0,0.0,0,0,0,0,,0,0,,True
7,DonkeyRail,benign--ran_orchestration--chain--n4--routine_update--r5,benign,4,0,0.0,0,0,0,0,,0,0,,True
7,WormShield,benign--ran_orchestration--chain--n4--routine_update--r5,benign,4,0,0.0,0,0,0,0,,0,0,,True
7,No Defense,benign--ran_orchestration--chain--n8--containment_drill--r2,benign,8,0,0.0,0,0,0,0,,0,0,,True
7,DonkeyRail,benign--ran_orchestration--chain--n8--containment_drill--r2,benign,8,0,0.0,0,0,0,0,,0,0,,True
7,WormShield,benign--ran_orchestration--chain--n8--containment_drill--r2,benign,8,0,0.0,0,0,0,0,,0,0,,True
7,No Defense,benign--ran_orchestration--mesh_lite--n15--maintenance_notice--r6,benign,15,0,0.0,0,0,0,0,,1,0,0.0,True
7,DonkeyRail,benign--ran_orchestration--mesh_lite--n15--maintenance_notice--r6,benign,15,0,0.0,0,0,0,0,,1,1,100.0,True
7,WormShield,benign--ran_orchestration--mesh_lite--n15--maintenance_notice--r6,benign,15,0,0.0,0,0,0,0,,1,0,0.0,True
7,No Defense,benign--ran_orchestration--mesh_lite--n15--routine_update--r1,benign,15,0,0.0,0,0,0,0,,0,0,,True
7,DonkeyRail,benign--ran_orchestration--mesh_lite--n15--routine_update--r1,benign,15,0,0.0,0,0,0,0,,0,0,,True
7,WormShield,benign--ran_orchestration--mesh_lite--n15--routine_update--r1,benign,15,0,0.0,0,0,0,0,,0,0,,True
7,No Defense,benign--ran_orchestration--mesh_lite--n4--containment_drill--r2,benign,4,0,0.0,0,0,0,0,,0,0,,True
7,DonkeyRail,benign--ran_orchestration--mesh_lite--n4--containment_drill--r2,benign,4,0,0.0,0,0,0,0,,0,0,,True
7,WormShield,benign--ran_orchestration--mesh_lite--n4--containment_drill--r2,benign,4,0,0.0,0,0,0,0,,0,0,,True
7,No Defense,benign--ran_orchestration--random_min_degree--n10--routine_update--r5,benign,10,0,0.0,0,0,0,0,,1,0,0.0,True
7,DonkeyRail,benign--ran_orchestration--random_min_degree--n10--routine_update--r5,benign,10,0,0.0,0,0,0,0,,1,0,0.0,True
7,WormShield,benign--ran_orchestration--random_min_degree--n10--routine_update--r5,benign,10,0,0.0,0,0,0,0,,1,0,0.0,True
7,No Defense,benign--ran_orchestration--random_min_degree--n15--quoted_attack_review--r5,benign,15,0,0.0,0,0,0,0,,0,0,,True
7,DonkeyRail,benign--ran_orchestration--random_min_degree--n15--quoted_attack_review--r5,benign,15,0,0.0,0,0,0,0,,0,0,,True
7,WormShield,benign--ran_orchestration--random_min_degree--n15--quoted_attack_review--r5,benign,15,0,0.0,0,0,0,0,,0,0,,True
7,No Defense,benign--ran_orchestration--random_min_degree--n20--quoted_attack_review--r3,benign,20,0,0.0,0,0,0,0,,5,0,0.0,True
7,DonkeyRail,benign--ran_orchestration--random_min_degree--n20--quoted_attack_review--r3,benign,20,0,0.0,0,0,0,0,,2,2,100.0,True
7,WormShield,benign--ran_orchestration--random_min_degree--n20--quoted_attack_review--r3,benign,20,0,0.0,0,0,0,0,,5,0,0.0,True
7,No Defense,benign--ran_orchestration--random_min_degree--n4--containment_drill--r4,benign,4,0,0.0,0,0,0,0,,0,0,,True
7,DonkeyRail,benign--ran_orchestration--random_min_degree--n4--containment_drill--r4,benign,4,0,0.0,0,0,0,0,,0,0,,True
7,WormShield,benign--ran_orchestration--random_min_degree--n4--containment_drill--r4,benign,4,0,0.0,0,0,0,0,,0,0,,True
7,No Defense,benign--ran_orchestration--random_min_degree--n4--maintenance_notice--r2,benign,4,0,0.0,0,0,0,0,,0,0,,True
7,DonkeyRail,benign--ran_orchestration--random_min_degree--n4--maintenance_notice--r2,benign,4,0,0.0,0,0,0,0,,0,0,,True
7,WormShield,benign--ran_orchestration--random_min_degree--n4--maintenance_notice--r2,benign,4,0,0.0,0,0,0,0,,0,0,,True
7,No Defense,benign--ran_orchestration--ring--n15--containment_drill--r2,benign,15,0,0.0,0,0,0,0,,0,0,,True
7,DonkeyRail,benign--ran_orchestration--ring--n15--containment_drill--r2,benign,15,0,0.0,0,0,0,0,,0,0,,True
7,WormShield,benign--ran_orchestration--ring--n15--containment_drill--r2,benign,15,0,0.0,0,0,0,0,,0,0,,True
7,No Defense,benign--ran_orchestration--ring--n15--maintenance_notice--r4,benign,15,0,0.0,0,0,0,0,,4,0,0.0,True
7,DonkeyRail,benign--ran_orchestration--ring--n15--maintenance_notice--r4,benign,15,0,0.0,0,0,0,0,,1,1,100.0,True
7,WormShield,benign--ran_orchestration--ring--n15--maintenance_notice--r4,benign,15,0,0.0,0,0,0,0,,4,0,0.0,True
7,No Defense,benign--ran_orchestration--ring--n4--containment_drill--r4,benign,4,0,0.0,0,0,0,0,,0,0,,True
7,DonkeyRail,benign--ran_orchestration--ring--n4--containment_drill--r4,benign,4,0,0.0,0,0,0,0,,0,0,,True
7,WormShield,benign--ran_orchestration--ring--n4--containment_drill--r4,benign,4,0,0.0,0,0,0,0,,0,0,,True
7,No Defense,benign--ran_orchestration--ring--n8--containment_drill--r6,benign,8,0,0.0,0,0,0,0,,4,0,0.0,True
7,DonkeyRail,benign--ran_orchestration--ring--n8--containment_drill--r6,benign,8,0,0.0,0,0,0,0,,4,1,25.0,True
7,WormShield,benign--ran_orchestration--ring--n8--containment_drill--r6,benign,8,0,0.0,0,0,0,0,,4,0,0.0,True
7,No Defense,benign--ran_orchestration--ring--n8--quoted_attack_review--r5,benign,8,0,0.0,0,0,0,0,,1,0,0.0,True
7,DonkeyRail,benign--ran_orchestration--ring--n8--quoted_attack_review--r5,benign,8,0,0.0,0,0,0,0,,1,0,0.0,True
7,WormShield,benign--ran_orchestration--ring--n8--quoted_attack_review--r5,benign,8,0,0.0,0,0,0,0,,1,0,0.0,True
7,No Defense,benign--ran_orchestration--star--n10--containment_drill--r2,benign,10,0,0.0,0,0,0,0,,0,0,,True
7,DonkeyRail,benign--ran_orchestration--star--n10--containment_drill--r2,benign,10,0,0.0,0,0,0,0,,0,0,,True
7,WormShield,benign--ran_orchestration--star--n10--containment_drill--r2,benign,10,0,0.0,0,0,0,0,,0,0,,True
7,No Defense,benign--ran_orchestration--star--n10--containment_drill--r6,benign,10,0,0.0,0,0,0,0,,2,0,0.0,True
7,DonkeyRail,benign--ran_orchestration--star--n10--containment_drill--r6,benign,10,0,0.0,0,0,0,0,,2,0,0.0,True
7,WormShield,benign--ran_orchestration--star--n10--containment_drill--r6,benign,10,0,0.0,0,0,0,0,,2,0,0.0,True
7,No Defense,benign--ran_orchestration--star--n10--routine_update--r3,benign,10,0,0.0,0,0,0,0,,1,0,0.0,True
7,DonkeyRail,benign--ran_orchestration--star--n10--routine_update--r3,benign,10,0,0.0,0,0,0,0,,1,1,100.0,True
7,WormShield,benign--ran_orchestration--star--n10--routine_update--r3,benign,10,0,0.0,0,0,0,0,,1,0,0.0,True
7,No Defense,benign--ran_orchestration--star--n15--containment_drill--r4,benign,15,0,0.0,0,0,0,0,,0,0,,True
7,DonkeyRail,benign--ran_orchestration--star--n15--containment_drill--r4,benign,15,0,0.0,0,0,0,0,,0,0,,True
7,WormShield,benign--ran_orchestration--star--n15--containment_drill--r4,benign,15,0,0.0,0,0,0,0,,0,0,,True
7,No Defense,benign--ran_orchestration--star--n8--maintenance_notice--r2,benign,8,0,0.0,0,0,0,0,,0,0,,True
7,DonkeyRail,benign--ran_orchestration--star--n8--maintenance_notice--r2,benign,8,0,0.0,0,0,0,0,,0,0,,True
7,WormShield,benign--ran_orchestration--star--n8--maintenance_notice--r2,benign,8,0,0.0,0,0,0,0,,0,0,,True
7,No Defense,benign--ran_orchestration--star--n8--maintenance_notice--r6,benign,8,0,0.0,0,0,0,0,,1,0,0.0,True
7,DonkeyRail,benign--ran_orchestration--star--n8--maintenance_notice--r6,benign,8,0,0.0,0,0,0,0,,1,1,100.0,True
7,WormShield,benign--ran_orchestration--star--n8--maintenance_notice--r6,benign,8,0,0.0,0,0,0,0,,1,0,0.0,True
7,No Defense,benign--ran_orchestration--star--n8--quoted_attack_review--r3,benign,8,0,0.0,0,0,0,0,,1,0,0.0,True
7,DonkeyRail,benign--ran_orchestration--star--n8--quoted_attack_review--r3,benign,8,0,0.0,0,0,0,0,,1,1,100.0,True
7,WormShield,benign--ran_orchestration--star--n8--quoted_attack_review--r3,benign,8,0,0.0,0,0,0,0,,1,0,0.0,True
7,No Defense,benign--ran_orchestration--star--n8--routine_update--r1,benign,8,0,0.0,0,0,0,0,,1,0,0.0,True
7,DonkeyRail,benign--ran_orchestration--star--n8--routine_update--r1,benign,8,0,0.0,0,0,0,0,,1,0,0.0,True
7,WormShield,benign--ran_orchestration--star--n8--routine_update--r1,benign,8,0,0.0,0,0,0,0,,1,0,0.0,True
7,No Defense,benign--slice_management--chain--n10--containment_drill--r2,benign,10,0,0.0,0,0,0,0,,0,0,,True
7,DonkeyRail,benign--slice_management--chain--n10--containment_drill--r2,benign,10,0,0.0,0,0,0,0,,0,0,,True
7,WormShield,benign--slice_management--chain--n10--containment_drill--r2,benign,10,0,0.0,0,0,0,0,,0,0,,True
7,No Defense,benign--slice_management--chain--n10--maintenance_notice--r4,benign,10,0,0.0,0,0,0,0,,0,0,,True
7,DonkeyRail,benign--slice_management--chain--n10--maintenance_notice--r4,benign,10,0,0.0,0,0,0,0,,0,0,,True
7,WormShield,benign--slice_management--chain--n10--maintenance_notice--r4,benign,10,0,0.0,0,0,0,0,,0,0,,True
7,No Defense,benign--slice_management--chain--n15--routine_update--r5,benign,15,0,0.0,0,0,0,0,,4,0,0.0,True
7,DonkeyRail,benign--slice_management--chain--n15--routine_update--r5,benign,15,0,0.0,0,0,0,0,,2,1,50.0,True
7,WormShield,benign--slice_management--chain--n15--routine_update--r5,benign,15,0,0.0,0,0,0,0,,4,0,0.0,True
7,No Defense,benign--slice_management--chain--n20--containment_drill--r2,benign,20,0,0.0,0,0,0,0,,0,0,,True
7,DonkeyRail,benign--slice_management--chain--n20--containment_drill--r2,benign,20,0,0.0,0,0,0,0,,0,0,,True
7,WormShield,benign--slice_management--chain--n20--containment_drill--r2,benign,20,0,0.0,0,0,0,0,,0,0,,True
7,No Defense,benign--slice_management--chain--n20--maintenance_notice--r4,benign,20,0,0.0,0,0,0,0,,1,0,0.0,True
7,DonkeyRail,benign--slice_management--chain--n20--maintenance_notice--r4,benign,20,0,0.0,0,0,0,0,,1,1,100.0,True
7,WormShield,benign--slice_management--chain--n20--maintenance_notice--r4,benign,20,0,0.0,0,0,0,0,,1,0,0.0,True
7,No Defense,benign--slice_management--chain--n4--containment_drill--r2,benign,4,0,0.0,0,0,0,0,,3,0,0.0,True
7,DonkeyRail,benign--slice_management--chain--n4--containment_drill--r2,benign,4,0,0.0,0,0,0,0,,2,2,100.0,True
7,WormShield,benign--slice_management--chain--n4--containment_drill--r2,benign,4,0,0.0,0,0,0,0,,3,0,0.0,True
7,No Defense,benign--slice_management--chain--n8--containment_drill--r4,benign,8,0,0.0,0,0,0,0,,0,0,,True
7,DonkeyRail,benign--slice_management--chain--n8--containment_drill--r4,benign,8,0,0.0,0,0,0,0,,0,0,,True
7,WormShield,benign--slice_management--chain--n8--containment_drill--r4,benign,8,0,0.0,0,0,0,0,,0,0,,True
7,No Defense,benign--slice_management--chain--n8--routine_update--r5,benign,8,0,0.0,0,0,0,0,,1,0,0.0,True
7,DonkeyRail,benign--slice_management--chain--n8--routine_update--r5,benign,8,0,0.0,0,0,0,0,,1,0,0.0,True
7,WormShield,benign--slice_management--chain--n8--routine_update--r5,benign,8,0,0.0,0,0,0,0,,1,0,0.0,True
7,No Defense,benign--slice_management--mesh_lite--n10--maintenance_notice--r2,benign,10,0,0.0,0,0,0,0,,0,0,,True
7,DonkeyRail,benign--slice_management--mesh_lite--n10--maintenance_notice--r2,benign,10,0,0.0,0,0,0,0,,0,0,,True
7,WormShield,benign--slice_management--mesh_lite--n10--maintenance_notice--r2,benign,10,0,0.0,0,0,0,0,,0,0,,True
7,No Defense,benign--slice_management--mesh_lite--n10--quoted_attack_review--r3,benign,10,0,0.0,0,0,0,0,,8,0,0.0,True
7,DonkeyRail,benign--slice_management--mesh_lite--n10--quoted_attack_review--r3,benign,10,0,0.0,0,0,0,0,,4,2,50.0,True
7,WormShield,benign--slice_management--mesh_lite--n10--quoted_attack_review--r3,benign,10,0,0.0,0,0,0,0,,8,0,0.0,True
7,No Defense,benign--slice_management--mesh_lite--n15--containment_drill--r2,benign,15,0,0.0,0,0,0,0,,0,0,,True
7,DonkeyRail,benign--slice_management--mesh_lite--n15--containment_drill--r2,benign,15,0,0.0,0,0,0,0,,0,0,,True
7,WormShield,benign--slice_management--mesh_lite--n15--containment_drill--r2,benign,15,0,0.0,0,0,0,0,,0,0,,True
7,No Defense,benign--slice_management--mesh_lite--n20--containment_drill--r4,benign,20,0,0.0,0,0,0,0,,2,0,0.0,True
7,DonkeyRail,benign--slice_management--mesh_lite--n20--containment_drill--r4,benign,20,0,0.0,0,0,0,0,,2,2,100.0,True
7,WormShield,benign--slice_management--mesh_lite--n20--containment_drill--r4,benign,20,0,0.0,0,0,0,0,,2,0,0.0,True
7,No Defense,benign--slice_management--mesh_lite--n20--maintenance_notice--r6,benign,20,0,0.0,0,0,0,0,,1,0,0.0,True
7,DonkeyRail,benign--slice_management--mesh_lite--n20--maintenance_notice--r6,benign,20,0,0.0,0,0,0,0,,1,0,0.0,True
7,WormShield,benign--slice_management--mesh_lite--n20--maintenance_notice--r6,benign,20,0,0.0,0,0,0,0,,1,0,0.0,True
7,No Defense,benign--slice_management--mesh_lite--n4--routine_update--r1,benign,4,0,0.0,0,0,0,0,,0,0,,True
7,DonkeyRail,benign--slice_management--mesh_lite--n4--routine_update--r1,benign,4,0,0.0,0,0,0,0,,0,0,,True
7,WormShield,benign--slice_management--mesh_lite--n4--routine_update--r1,benign,4,0,0.0,0,0,0,0,,0,0,,True
7,No Defense,benign--slice_management--mesh_lite--n8--routine_update--r3,benign,8,0,0.0,0,0,0,0,,6,0,0.0,True
7,DonkeyRail,benign--slice_management--mesh_lite--n8--routine_update--r3,benign,8,0,0.0,0,0,0,0,,6,0,0.0,True
7,WormShield,benign--slice_management--mesh_lite--n8--routine_update--r3,benign,8,0,0.0,0,0,0,0,,6,0,0.0,True
7,No Defense,benign--slice_management--random_min_degree--n10--containment_drill--r6,benign,10,0,0.0,0,0,0,0,,0,0,,True
7,DonkeyRail,benign--slice_management--random_min_degree--n10--containment_drill--r6,benign,10,0,0.0,0,0,0,0,,0,0,,True
7,WormShield,benign--slice_management--random_min_degree--n10--containment_drill--r6,benign,10,0,0.0,0,0,0,0,,0,0,,True
7,No Defense,benign--slice_management--random_min_degree--n10--quoted_attack_review--r1,benign,10,0,0.0,0,0,0,0,,0,0,,True
7,DonkeyRail,benign--slice_management--random_min_degree--n10--quoted_attack_review--r1,benign,10,0,0.0,0,0,0,0,,0,0,,True
7,WormShield,benign--slice_management--random_min_degree--n10--quoted_attack_review--r1,benign,10,0,0.0,0,0,0,0,,0,0,,True
7,No Defense,benign--slice_management--random_min_degree--n8--quoted_attack_review--r3,benign,8,0,0.0,0,0,0,0,,0,0,,True
7,DonkeyRail,benign--slice_management--random_min_degree--n8--quoted_attack_review--r3,benign,8,0,0.0,0,0,0,0,,0,0,,True
7,WormShield,benign--slice_management--random_min_degree--n8--quoted_attack_review--r3,benign,8,0,0.0,0,0,0,0,,0,0,,True
7,No Defense,benign--slice_management--ring--n10--routine_update--r3,benign,10,0,0.0,0,0,0,0,,0,0,,True
7,DonkeyRail,benign--slice_management--ring--n10--routine_update--r3,benign,10,0,0.0,0,0,0,0,,0,0,,True
7,WormShield,benign--slice_management--ring--n10--routine_update--r3,benign,10,0,0.0,0,0,0,0,,0,0,,True
7,No Defense,benign--slice_management--ring--n8--containment_drill--r4,benign,8,0,0.0,0,0,0,0,,0,0,,True
7,DonkeyRail,benign--slice_management--ring--n8--containment_drill--r4,benign,8,0,0.0,0,0,0,0,,0,0,,True
7,WormShield,benign--slice_management--ring--n8--containment_drill--r4,benign,8,0,0.0,0,0,0,0,,0,0,,True
7,No Defense,benign--slice_management--star--n10--containment_drill--r4,benign,10,0,0.0,0,0,0,0,,0,0,,True
7,DonkeyRail,benign--slice_management--star--n10--containment_drill--r4,benign,10,0,0.0,0,0,0,0,,0,0,,True
7,WormShield,benign--slice_management--star--n10--containment_drill--r4,benign,10,0,0.0,0,0,0,0,,0,0,,True
7,No Defense,benign--slice_management--star--n10--quoted_attack_review--r3,benign,10,0,0.0,0,0,0,0,,1,0,0.0,True
7,DonkeyRail,benign--slice_management--star--n10--quoted_attack_review--r3,benign,10,0,0.0,0,0,0,0,,1,0,0.0,True
7,WormShield,benign--slice_management--star--n10--quoted_attack_review--r3,benign,10,0,0.0,0,0,0,0,,1,0,0.0,True
7,No Defense,benign--slice_management--star--n15--containment_drill--r2,benign,15,0,0.0,0,0,0,0,,0,0,,True
7,DonkeyRail,benign--slice_management--star--n15--containment_drill--r2,benign,15,0,0.0,0,0,0,0,,0,0,,True
7,WormShield,benign--slice_management--star--n15--containment_drill--r2,benign,15,0,0.0,0,0,0,0,,0,0,,True
7,No Defense,benign--slice_management--star--n15--maintenance_notice--r4,benign,15,0,0.0,0,0,0,0,,1,0,0.0,True
7,DonkeyRail,benign--slice_management--star--n15--maintenance_notice--r4,benign,15,0,0.0,0,0,0,0,,1,1,100.0,True
7,WormShield,benign--slice_management--star--n15--maintenance_notice--r4,benign,15,0,0.0,0,0,0,0,,1,0,0.0,True
7,No Defense,benign--slice_management--star--n20--quoted_attack_review--r3,benign,20,0,0.0,0,0,0,0,,0,0,,True
7,DonkeyRail,benign--slice_management--star--n20--quoted_attack_review--r3,benign,20,0,0.0,0,0,0,0,,0,0,,True
7,WormShield,benign--slice_management--star--n20--quoted_attack_review--r3,benign,20,0,0.0,0,0,0,0,,0,0,,True
7,No Defense,benign--slice_management--star--n20--routine_update--r5,benign,20,0,0.0,0,0,0,0,,1,0,0.0,True
7,DonkeyRail,benign--slice_management--star--n20--routine_update--r5,benign,20,0,0.0,0,0,0,0,,1,0,0.0,True
7,WormShield,benign--slice_management--star--n20--routine_update--r5,benign,20,0,0.0,0,0,0,0,,1,0,0.0,True
7,No Defense,benign--slice_management--star--n4--maintenance_notice--r2,benign,4,0,0.0,0,0,0,0,,0,0,,True
7,DonkeyRail,benign--slice_management--star--n4--maintenance_notice--r2,benign,4,0,0.0,0,0,0,0,,0,0,,True
7,WormShield,benign--slice_management--star--n4--maintenance_notice--r2,benign,4,0,0.0,0,0,0,0,,0,0,,True
7,No Defense,benign--slice_management--star--n4--quoted_attack_review--r3,benign,4,0,0.0,0,0,0,0,,0,0,,True
7,DonkeyRail,benign--slice_management--star--n4--quoted_attack_review--r3,benign,4,0,0.0,0,0,0,0,,0,0,,True
7,WormShield,benign--slice_management--star--n4--quoted_attack_review--r3,benign,4,0,0.0,0,0,0,0,,0,0,,True
7,No Defense,mal--assurance_triage--chain--n10--control_plane_worm--r4,malicious,10,2,22.22222222222222,2,2,0,2,0.0,0,0,,False
7,DonkeyRail,mal--assurance_triage--chain--n10--control_plane_worm--r4,malicious,10,2,22.22222222222222,2,2,0,2,0.0,0,0,,False
7,WormShield,mal--assurance_triage--chain--n10--control_plane_worm--r4,malicious,10,0,0.0,0,1,1,0,100.0,0,0,,True
7,No Defense,mal--assurance_triage--chain--n15--exfiltration_propagation--r1,malicious,15,2,14.285714285714286,2,2,0,2,0.0,1,0,0.0,False
7,DonkeyRail,mal--assurance_triage--chain--n15--exfiltration_propagation--r1,malicious,15,0,0.0,0,1,1,0,100.0,0,0,,True
7,WormShield,mal--assurance_triage--chain--n15--exfiltration_propagation--r1,malicious,15,0,0.0,0,1,1,0,100.0,0,0,,True
7,No Defense,mal--assurance_triage--chain--n15--slice_takeover--r1,malicious,15,3,21.428571428571427,3,3,0,3,0.0,0,0,,False
7,DonkeyRail,mal--assurance_triage--chain--n15--slice_takeover--r1,malicious,15,0,0.0,0,1,1,0,100.0,0,0,,True
7,WormShield,mal--assurance_triage--chain--n15--slice_takeover--r1,malicious,15,0,0.0,0,1,1,0,100.0,0,0,,True
7,No Defense,mal--assurance_triage--chain--n20--control_plane_worm--r2,malicious,20,1,5.2631578947368425,1,1,0,1,0.0,0,0,,False
7,DonkeyRail,mal--assurance_triage--chain--n20--control_plane_worm--r2,malicious,20,0,0.0,0,1,1,0,100.0,0,0,,True
7,WormShield,mal--assurance_triage--chain--n20--control_plane_worm--r2,malicious,20,0,0.0,0,1,1,0,100.0,0,0,,True
7,No Defense,mal--assurance_triage--chain--n20--recovery_poisoning--r6,malicious,20,2,10.526315789473685,1,2,0,2,0.0,0,0,,False
7,DonkeyRail,mal--assurance_triage--chain--n20--recovery_poisoning--r6,malicious,20,0,0.0,0,2,2,0,100.0,0,0,,True
7,WormShield,mal--assurance_triage--chain--n20--recovery_poisoning--r6,malicious,20,0,0.0,0,2,2,0,100.0,0,0,,True
7,No Defense,mal--assurance_triage--chain--n4--control_plane_worm--r1,malicious,4,0,0.0,0,0,0,0,,0,0,,True
7,DonkeyRail,mal--assurance_triage--chain--n4--control_plane_worm--r1,malicious,4,0,0.0,0,0,0,0,,0,0,,True
7,WormShield,mal--assurance_triage--chain--n4--control_plane_worm--r1,malicious,4,0,0.0,0,0,0,0,,0,0,,True
7,No Defense,mal--assurance_triage--mesh_lite--n10--exfiltration_propagation--r2,malicious,10,3,33.333333333333336,3,6,0,6,0.0,0,0,,False
7,DonkeyRail,mal--assurance_triage--mesh_lite--n10--exfiltration_propagation--r2,malicious,10,0,0.0,0,2,2,0,100.0,0,0,,True
7,WormShield,mal--assurance_triage--mesh_lite--n10--exfiltration_propagation--r2,malicious,10,0,0.0,0,2,2,0,100.0,0,0,,True
7,No Defense,mal--assurance_triage--mesh_lite--n15--exfiltration_propagation--r1,malicious,15,1,7.142857142857143,1,1,0,1,0.0,0,0,,False
7,DonkeyRail,mal--assurance_triage--mesh_lite--n15--exfiltration_propagation--r1,malicious,15,1,7.142857142857143,1,1,0,1,0.0,0,0,,False
7,WormShield,mal--assurance_triage--mesh_lite--n15--exfiltration_propagation--r1,malicious,15,0,0.0,0,1,1,0,100.0,0,0,,True
7,No Defense,mal--assurance_triage--random_min_degree--n10--control_plane_worm--r4,malicious,10,4,44.44444444444444,3,4,0,4,0.0,1,0,0.0,False
7,DonkeyRail,mal--assurance_triage--random_min_degree--n10--control_plane_worm--r4,malicious,10,2,22.22222222222222,1,3,1,2,33.333333333333336,1,0,0.0,False
7,WormShield,mal--assurance_triage--random_min_degree--n10--control_plane_worm--r4,malicious,10,0,0.0,0,2,2,0,100.0,0,0,,True
7,No Defense,mal--assurance_triage--random_min_degree--n15--guard_suppression--r5,malicious,15,2,14.285714285714286,1,2,0,2,0.0,0,0,,False
7,DonkeyRail,mal--assurance_triage--random_min_degree--n15--guard_suppression--r5,malicious,15,0,0.0,0,2,2,0,100.0,0,0,,True
7,WormShield,mal--assurance_triage--random_min_degree--n15--guard_suppression--r5,malicious,15,0,0.0,0,2,2,0,100.0,0,0,,True
7,No Defense,mal--assurance_triage--random_min_degree--n20--guard_suppression--r4,malicious,20,2,10.526315789473685,1,2,0,2,0.0,3,0,0.0,False
7,DonkeyRail,mal--assurance_triage--random_min_degree--n20--guard_suppression--r4,malicious,20,0,0.0,0,2,2,0,100.0,0,0,,True
7,WormShield,mal--assurance_triage--random_min_degree--n20--guard_suppression--r4,malicious,20,0,0.0,0,2,2,0,100.0,0,0,,True
7,No Defense,mal--assurance_triage--ring--n15--recovery_poisoning--r2,malicious,15,2,14.285714285714286,2,2,0,2,0.0,0,0,,False
7,DonkeyRail,mal--assurance_triage--ring--n15--recovery_poisoning--r2,malicious,15,1,7.142857142857143,1,2,1,1,50.0,0,0,,False
7,WormShield,mal--assurance_triage--ring--n15--recovery_poisoning--r2,malicious,15,0,0.0,0,1,1,0,100.0,0,0,,True
7,No Defense,mal--assurance_triage--ring--n20--guard_suppression--r4,malicious,20,4,21.05263157894737,4,4,0,4,0.0,0,0,,False
7,DonkeyRail,mal--assurance_triage--ring--n20--guard_suppression--r4,malicious,20,0,0.0,0,1,1,0,100.0,0,0,,True
7,WormShield,mal--assurance_triage--ring--n20--guard_suppression--r4,malicious,20,0,0.0,0,1,1,0,100.0,0,0,,True
7,No Defense,mal--assurance_triage--ring--n8--control_plane_worm--r5,malicious,8,2,28.571428571428573,1,2,0,2,0.0,0,0,,False
7,DonkeyRail,mal--assurance_triage--ring--n8--control_plane_worm--r5,malicious,8,0,0.0,0,2,2,0,100.0,0,0,,True
7,WormShield,mal--assurance_triage--ring--n8--control_plane_worm--r5,malicious,8,0,0.0,0,2,2,0,100.0,0,0,,True
7,No Defense,mal--assurance_triage--star--n10--guard_suppression--r1,malicious,10,1,11.11111111111111,1,1,0,1,0.0,0,0,,False
7,DonkeyRail,mal--assurance_triage--star--n10--guard_suppression--r1,malicious,10,1,11.11111111111111,1,1,0,1,0.0,0,0,,False
7,WormShield,mal--assurance_triage--star--n10--guard_suppression--r1,malicious,10,0,0.0,0,1,1,0,100.0,0,0,,True
7,No Defense,mal--assurance_triage--star--n15--guard_suppression--r5,malicious,15,1,7.142857142857143,1,1,0,1,0.0,0,0,,False
7,DonkeyRail,mal--assurance_triage--star--n15--guard_suppression--r5,malicious,15,0,0.0,0,1,1,0,100.0,0,0,,True
7,WormShield,mal--assurance_triage--star--n15--guard_suppression--r5,malicious,15,0,0.0,0,1,1,0,100.0,0,0,,True
7,No Defense,mal--assurance_triage--star--n15--recovery_poisoning--r2,malicious,15,1,7.142857142857143,1,1,0,1,0.0,3,0,0.0,False
7,DonkeyRail,mal--assurance_triage--star--n15--recovery_poisoning--r2,malicious,15,0,0.0,0,1,1,0,100.0,0,0,,True
7,WormShield,mal--assurance_triage--star--n15--recovery_poisoning--r2,malicious,15,0,0.0,0,1,1,0,100.0,0,0,,True
7,No Defense,mal--assurance_triage--star--n15--slice_takeover--r1,malicious,15,1,7.142857142857143,1,1,0,1,0.0,0,0,,False
7,DonkeyRail,mal--assurance_triage--star--n15--slice_takeover--r1,malicious,15,0,0.0,0,1,1,0,100.0,0,0,,True
7,WormShield,mal--assurance_triage--star--n15--slice_takeover--r1,malicious,15,0,0.0,0,1,1,0,100.0,0,0,,True
7,No Defense,mal--assurance_triage--star--n15--slice_takeover--r4,malicious,15,1,7.142857142857143,1,1,0,1,0.0,0,0,,False
7,DonkeyRail,mal--assurance_triage--star--n15--slice_takeover--r4,malicious,15,0,0.0,0,1,1,0,100.0,0,0,,True
7,WormShield,mal--assurance_triage--star--n15--slice_takeover--r4,malicious,15,0,0.0,0,1,1,0,100.0,0,0,,True
7,No Defense,mal--assurance_triage--star--n20--control_plane_worm--r2,malicious,20,1,5.2631578947368425,1,1,0,1,0.0,0,0,,False
7,DonkeyRail,mal--assurance_triage--star--n20--control_plane_worm--r2,malicious,20,1,5.2631578947368425,1,1,0,1,0.0,0,0,,False
7,WormShield,mal--assurance_triage--star--n20--control_plane_worm--r2,malicious,20,0,0.0,0,1,1,0,100.0,0,0,,True
7,No Defense,mal--assurance_triage--star--n4--exfiltration_propagation--r4,malicious,4,1,33.333333333333336,1,1,0,1,0.0,1,0,0.0,False
7,DonkeyRail,mal--assurance_triage--star--n4--exfiltration_propagation--r4,malicious,4,1,33.333333333333336,1,1,0,1,0.0,1,0,0.0,False
7,WormShield,mal--assurance_triage--star--n4--exfiltration_propagation--r4,malicious,4,1,33.333333333333336,1,1,0,1,0.0,1,0,0.0,False
7,No Defense,mal--edge_mesh--chain--n20--exfiltration_propagation--r1,malicious,20,2,10.526315789473685,2,2,0,2,0.0,0,0,,False
7,DonkeyRail,mal--edge_mesh--chain--n20--exfiltration_propagation--r1,malicious,20,0,0.0,0,1,1,0,100.0,0,0,,True
7,WormShield,mal--edge_mesh--chain--n20--exfiltration_propagation--r1,malicious,20,0,0.0,0,1,1,0,100.0,0,0,,True
7,No Defense,mal--edge_mesh--chain--n20--recovery_poisoning--r6,malicious,20,1,5.2631578947368425,1,1,0,1,0.0,0,0,,False
7,DonkeyRail,mal--edge_mesh--chain--n20--recovery_poisoning--r6,malicious,20,0,0.0,0,1,1,0,100.0,0,0,,True
7,WormShield,mal--edge_mesh--chain--n20--recovery_poisoning--r6,malicious,20,0,0.0,0,1,1,0,100.0,0,0,,True
7,No Defense,mal--edge_mesh--chain--n20--slice_takeover--r3,malicious,20,2,10.526315789473685,2,2,0,2,0.0,0,0,,False
7,DonkeyRail,mal--edge_mesh--chain--n20--slice_takeover--r3,malicious,20,0,0.0,0,1,1,0,100.0,0,0,,True
7,WormShield,mal--edge_mesh--chain--n20--slice_takeover--r3,malicious,20,0,0.0,0,1,1,0,100.0,0,0,,True
7,No Defense,mal--edge_mesh--ring--n10--exfiltration_propagation--r2,malicious,10,1,11.11111111111111,1,1,0,1,0.0,0,0,,False
7,DonkeyRail,mal--edge_mesh--ring--n10--exfiltration_propagation--r2,malicious,10,1,11.11111111111111,1,1,0,1,0.0,0,0,,False
7,WormShield,mal--edge_mesh--ring--n10--exfiltration_propagation--r2,malicious,10,0,0.0,0,1,1,0,100.0,0,0,,True
7,No Defense,mal--edge_mesh--ring--n4--slice_takeover--r2,malicious,4,3,100.0,2,3,0,3,0.0,0,0,,False
7,DonkeyRail,mal--edge_mesh--ring--n4--slice_takeover--r2,malicious,4,0,0.0,0,2,2,0,100.0,0,0,,True
7,WormShield,mal--edge_mesh--ring--n4--slice_takeover--r2,malicious,4,0,0.0,0,2,2,0,100.0,0,0,,True
7,No Defense,mal--edge_mesh--ring--n8--guard_suppression--r1,malicious,8,1,14.285714285714286,1,1,0,1,0.0,0,0,,False
7,DonkeyRail,mal--edge_mesh--ring--n8--guard_suppression--r1,malicious,8,0,0.0,0,1,1,0,100.0,0,0,,True
7,WormShield,mal--edge_mesh--ring--n8--guard_suppression--r1,malicious,8,0,0.0,0,1,1,0,100.0,0,0,,True
7,No Defense,mal--edge_mesh--star--n15--exfiltration_propagation--r6,malicious,15,1,7.142857142857143,1,1,0,1,0.0,0,0,,False
7,DonkeyRail,mal--edge_mesh--star--n15--exfiltration_propagation--r6,malicious,15,0,0.0,0,1,1,0,100.0,0,0,,True
7,WormShield,mal--edge_mesh--star--n15--exfiltration_propagation--r6,malicious,15,0,0.0,0,1,1,0,100.0,0,0,,True
7,No Defense,mal--edge_mesh--star--n15--slice_takeover--r4,malicious,15,1,7.142857142857143,1,1,0,1,0.0,0,0,,False
7,DonkeyRail,mal--edge_mesh--star--n15--slice_takeover--r4,malicious,15,0,0.0,0,1,1,0,100.0,0,0,,True
7,WormShield,mal--edge_mesh--star--n15--slice_takeover--r4,malicious,15,0,0.0,0,1,1,0,100.0,0,0,,True
7,No Defense,mal--edge_mesh--star--n20--exfiltration_propagation--r5,malicious,20,1,5.2631578947368425,1,1,0,1,0.0,0,0,,False
7,DonkeyRail,mal--edge_mesh--star--n20--exfiltration_propagation--r5,malicious,20,0,0.0,0,1,1,0,100.0,0,0,,True
7,WormShield,mal--edge_mesh--star--n20--exfiltration_propagation--r5,malicious,20,0,0.0,0,1,1,0,100.0,0,0,,True
7,No Defense,mal--ran_orchestration--chain--n10--guard_suppression--r1,malicious,10,1,11.11111111111111,1,1,0,1,0.0,0,0,,False
7,DonkeyRail,mal--ran_orchestration--chain--n10--guard_suppression--r1,malicious,10,1,11.11111111111111,1,1,0,1,0.0,0,0,,False
7,WormShield,mal--ran_orchestration--chain--n10--guard_suppression--r1,malicious,10,0,0.0,0,1,1,0,100.0,0,0,,True
7,No Defense,mal--ran_orchestration--chain--n15--exfiltration_propagation--r1,malicious,15,1,7.142857142857143,1,1,0,1,0.0,0,0,,False
7,DonkeyRail,mal--ran_orchestration--chain--n15--exfiltration_propagation--r1,malicious,15,0,0.0,0,1,1,0,100.0,0,0,,True
7,WormShield,mal--ran_orchestration--chain--n15--exfiltration_propagation--r1,malicious,15,0,0.0,0,1,1,0,100.0,0,0,,True
7,No Defense,mal--ran_orchestration--chain--n20--exfiltration_propagation--r1,malicious,20,2,10.526315789473685,2,2,0,2,0.0,0,0,,False
7,DonkeyRail,mal--ran_orchestration--chain--n20--exfiltration_propagation--r1,malicious,20,0,0.0,0,1,1,0,100.0,0,0,,True
7,WormShield,mal--ran_orchestration--chain--n20--exfiltration_propagation--r1,malicious,20,0,0.0,0,1,1,0,100.0,0,0,,True
7,No Defense,mal--ran_orchestration--chain--n4--control_plane_worm--r1,malicious,4,1,33.333333333333336,1,1,0,1,0.0,0,0,,False
7,DonkeyRail,mal--ran_orchestration--chain--n4--control_plane_worm--r1,malicious,4,0,0.0,0,1,1,0,100.0,0,0,,True
7,WormShield,mal--ran_orchestration--chain--n4--control_plane_worm--r1,malicious,4,0,0.0,0,1,1,0,100.0,0,0,,True
7,No Defense,mal--ran_orchestration--random_min_degree--n10--recovery_poisoning--r3,malicious,10,0,0.0,0,0,0,0,,0,0,,True
7,DonkeyRail,mal--ran_orchestration--random_min_degree--n10--recovery_poisoning--r3,malicious,10,0,0.0,0,0,0,0,,0,0,,True
7,WormShield,mal--ran_orchestration--random_min_degree--n10--recovery_poisoning--r3,malicious,10,0,0.0,0,0,0,0,,0,0,,True
7,No Defense,mal--ran_orchestration--random_min_degree--n20--control_plane_worm--r2,malicious,20,3,15.789473684210526,2,3,0,3,0.0,0,0,,False
7,DonkeyRail,mal--ran_orchestration--random_min_degree--n20--control_plane_worm--r2,malicious,20,2,10.526315789473685,1,3,1,2,33.333333333333336,0,0,,False
7,WormShield,mal--ran_orchestration--random_min_degree--n20--control_plane_worm--r2,malicious,20,0,0.0,0,2,2,0,100.0,0,0,,True
7,No Defense,mal--ran_orchestration--random_min_degree--n20--recovery_poisoning--r1,malicious,20,3,15.789473684210526,1,3,0,3,0.0,2,0,0.0,False
7,DonkeyRail,mal--ran_orchestration--random_min_degree--n20--recovery_poisoning--r1,malicious,20,3,15.789473684210526,1,3,0,3,0.0,2,1,50.0,False
7,WormShield,mal--ran_orchestration--random_min_degree--n20--recovery_poisoning--r1,malicious,20,0,0.0,0,3,3,0,100.0,0,0,,True
7,No Defense,mal--ran_orchestration--random_min_degree--n20--recovery_poisoning--r2,malicious,20,1,5.2631578947368425,1,1,0,1,0.0,0,0,,False
7,DonkeyRail,mal--ran_orchestration--random_min_degree--n20--recovery_poisoning--r2,malicious,20,0,0.0,0,1,1,0,100.0,0,0,,True
7,WormShield,mal--ran_orchestration--random_min_degree--n20--recovery_poisoning--r2,malicious,20,0,0.0,0,1,1,0,100.0,0,0,,True
7,No Defense,mal--ran_orchestration--ring--n20--recovery_poisoning--r1,malicious,20,1,5.2631578947368425,1,1,0,1,0.0,0,0,,False
7,DonkeyRail,mal--ran_orchestration--ring--n20--recovery_poisoning--r1,malicious,20,1,5.2631578947368425,1,1,0,1,0.0,0,0,,False
7,WormShield,mal--ran_orchestration--ring--n20--recovery_poisoning--r1,malicious,20,0,0.0,0,1,1,0,100.0,0,0,,True
7,No Defense,mal--ran_orchestration--ring--n20--slice_takeover--r3,malicious,20,1,5.2631578947368425,1,1,0,1,0.0,0,0,,False
7,DonkeyRail,mal--ran_orchestration--ring--n20--slice_takeover--r3,malicious,20,0,0.0,0,1,1,0,100.0,0,0,,True
7,WormShield,mal--ran_orchestration--ring--n20--slice_takeover--r3,malicious,20,0,0.0,0,1,1,0,100.0,0,0,,True
7,No Defense,mal--ran_orchestration--ring--n4--control_plane_worm--r6,malicious,4,3,100.0,3,4,0,4,0.0,0,0,,False
7,DonkeyRail,mal--ran_orchestration--ring--n4--control_plane_worm--r6,malicious,4,0,0.0,0,2,2,0,100.0,0,0,,True
7,WormShield,mal--ran_orchestration--ring--n4--control_plane_worm--r6,malicious,4,0,0.0,0,2,2,0,100.0,0,0,,True
7,No Defense,mal--ran_orchestration--ring--n8--exfiltration_propagation--r3,malicious,8,1,14.285714285714286,1,1,0,1,0.0,1,0,0.0,False
7,DonkeyRail,mal--ran_orchestration--ring--n8--exfiltration_propagation--r3,malicious,8,1,14.285714285714286,1,1,0,1,0.0,1,0,0.0,False
7,WormShield,mal--ran_orchestration--ring--n8--exfiltration_propagation--r3,malicious,8,0,0.0,0,1,1,0,100.0,0,0,,True
7,No Defense,mal--ran_orchestration--star--n10--guard_suppression--r1,malicious,10,1,11.11111111111111,1,1,0,1,0.0,0,0,,False
7,DonkeyRail,mal--ran_orchestration--star--n10--guard_suppression--r1,malicious,10,0,0.0,0,1,1,0,100.0,0,0,,True
7,WormShield,mal--ran_orchestration--star--n10--guard_suppression--r1,malicious,10,0,0.0,0,1,1,0,100.0,0,0,,True
7,No Defense,mal--ran_orchestration--star--n10--guard_suppression--r6,malicious,10,1,11.11111111111111,1,1,0,1,0.0,0,0,,False
7,DonkeyRail,mal--ran_orchestration--star--n10--guard_suppression--r6,malicious,10,1,11.11111111111111,1,1,0,1,0.0,0,0,,False
7,WormShield,mal--ran_orchestration--star--n10--guard_suppression--r6,malicious,10,0,0.0,0,1,1,0,100.0,0,0,,True
7,No Defense,mal--ran_orchestration--star--n4--control_plane_worm--r1,malicious,4,2,66.66666666666667,1,2,0,2,0.0,0,0,,False
7,DonkeyRail,mal--ran_orchestration--star--n4--control_plane_worm--r1,malicious,4,0,0.0,0,2,2,0,100.0,0,0,,True
7,WormShield,mal--ran_orchestration--star--n4--control_plane_worm--r1,malicious,4,0,0.0,0,2,2,0,100.0,0,0,,True
7,No Defense,mal--ran_orchestration--star--n4--exfiltration_propagation--r4,malicious,4,2,66.66666666666667,2,2,0,2,0.0,0,0,,False
7,DonkeyRail,mal--ran_orchestration--star--n4--exfiltration_propagation--r4,malicious,4,2,66.66666666666667,2,2,0,2,0.0,0,0,,False
7,WormShield,mal--ran_orchestration--star--n4--exfiltration_propagation--r4,malicious,4,0,0.0,0,1,1,0,100.0,0,0,,True
7,No Defense,mal--ran_orchestration--star--n4--guard_suppression--r3,malicious,4,2,66.66666666666667,2,2,0,2,0.0,0,0,,False
7,DonkeyRail,mal--ran_orchestration--star--n4--guard_suppression--r3,malicious,4,0,0.0,0,1,1,0,100.0,0,0,,True
7,WormShield,mal--ran_orchestration--star--n4--guard_suppression--r3,malicious,4,0,0.0,0,1,1,0,100.0,0,0,,True
7,No Defense,mal--ran_orchestration--star--n8--exfiltration_propagation--r3,malicious,8,2,28.571428571428573,2,2,0,2,0.0,0,0,,False
7,DonkeyRail,mal--ran_orchestration--star--n8--exfiltration_propagation--r3,malicious,8,0,0.0,0,1,1,0,100.0,0,0,,True
7,WormShield,mal--ran_orchestration--star--n8--exfiltration_propagation--r3,malicious,8,0,0.0,0,1,1,0,100.0,0,0,,True
7,No Defense,mal--slice_management--chain--n10--control_plane_worm--r4,malicious,10,4,44.44444444444444,2,4,0,4,0.0,0,0,,False
7,DonkeyRail,mal--slice_management--chain--n10--control_plane_worm--r4,malicious,10,2,22.22222222222222,1,4,2,2,50.0,0,0,,False
7,WormShield,mal--slice_management--chain--n10--control_plane_worm--r4,malicious,10,0,0.0,0,2,2,0,100.0,0,0,,True
7,No Defense,mal--slice_management--chain--n20--recovery_poisoning--r2,malicious,20,1,5.2631578947368425,1,1,0,1,0.0,0,0,,False
7,DonkeyRail,mal--slice_management--chain--n20--recovery_poisoning--r2,malicious,20,1,5.2631578947368425,1,1,0,1,0.0,0,0,,False
7,WormShield,mal--slice_management--chain--n20--recovery_poisoning--r2,malicious,20,0,0.0,0,1,1,0,100.0,0,0,,True
7,No Defense,mal--slice_management--chain--n4--guard_suppression--r3,malicious,4,1,33.333333333333336,1,1,0,1,0.0,0,0,,False
7,DonkeyRail,mal--slice_management--chain--n4--guard_suppression--r3,malicious,4,0,0.0,0,1,1,0,100.0,0,0,,True
7,WormShield,mal--slice_management--chain--n4--guard_suppression--r3,malicious,4,0,0.0,0,1,1,0,100.0,0,0,,True
7,No Defense,mal--slice_management--chain--n8--guard_suppression--r2,malicious,8,2,28.571428571428573,1,2,0,2,0.0,0,0,,False
7,DonkeyRail,mal--slice_management--chain--n8--guard_suppression--r2,malicious,8,0,0.0,0,2,2,0,100.0,0,0,,True
7,WormShield,mal--slice_management--chain--n8--guard_suppression--r2,malicious,8,0,0.0,0,2,2,0,100.0,0,0,,True
7,No Defense,mal--slice_management--mesh_lite--n20--control_plane_worm--r2,malicious,20,3,15.789473684210526,4,6,0,6,0.0,0,0,,False
7,DonkeyRail,mal--slice_management--mesh_lite--n20--control_plane_worm--r2,malicious,20,0,0.0,0,2,2,0,100.0,0,0,,True
7,WormShield,mal--slice_management--mesh_lite--n20--control_plane_worm--r2,malicious,20,0,0.0,0,2,2,0,100.0,0,0,,True
7,No Defense,mal--slice_management--mesh_lite--n4--exfiltration_propagation--r4,malicious,4,3,100.0,2,6,0,6,0.0,0,0,,False
7,DonkeyRail,mal--slice_management--mesh_lite--n4--exfiltration_propagation--r4,malicious,4,3,100.0,1,5,2,3,40.0,0,0,,False
7,WormShield,mal--slice_management--mesh_lite--n4--exfiltration_propagation--r4,malicious,4,0,0.0,0,3,3,0,100.0,0,0,,True
7,No Defense,mal--slice_management--mesh_lite--n8--slice_takeover--r1,malicious,8,3,42.857142857142854,4,7,0,7,0.0,0,0,,False
7,DonkeyRail,mal--slice_management--mesh_lite--n8--slice_takeover--r1,malicious,8,1,14.285714285714286,1,2,1,1,50.0,0,0,,False
7,WormShield,mal--slice_management--mesh_lite--n8--slice_takeover--r1,malicious,8,0,0.0,0,1,1,0,100.0,0,0,,True
7,No Defense,mal--slice_management--random_min_degree--n20--recovery_poisoning--r2,malicious,20,6,31.57894736842105,4,6,0,6,0.0,0,0,,False
7,DonkeyRail,mal--slice_management--random_min_degree--n20--recovery_poisoning--r2,malicious,20,0,0.0,0,2,2,0,100.0,0,0,,True
7,WormShield,mal--slice_management--random_min_degree--n20--recovery_poisoning--r2,malicious,20,0,0.0,0,2,2,0,100.0,0,0,,True
7,No Defense,mal--slice_management--ring--n15--slice_takeover--r4,malicious,15,4,28.571428571428573,3,4,0,4,0.0,0,0,,False
7,DonkeyRail,mal--slice_management--ring--n15--slice_takeover--r4,malicious,15,0,0.0,0,2,2,0,100.0,0,0,,True
7,WormShield,mal--slice_management--ring--n15--slice_takeover--r4,malicious,15,0,0.0,0,2,2,0,100.0,0,0,,True
7,No Defense,mal--slice_management--star--n10--recovery_poisoning--r1,malicious,10,1,11.11111111111111,1,1,0,1,0.0,0,0,,False
7,DonkeyRail,mal--slice_management--star--n10--recovery_poisoning--r1,malicious,10,1,11.11111111111111,1,1,0,1,0.0,0,0,,False
7,WormShield,mal--slice_management--star--n10--recovery_poisoning--r1,malicious,10,1,11.11111111111111,1,1,0,1,0.0,0,0,,False
7,No Defense,mal--slice_management--star--n10--recovery_poisoning--r3,malicious,10,1,11.11111111111111,1,1,0,1,0.0,0,0,,False
7,DonkeyRail,mal--slice_management--star--n10--recovery_poisoning--r3,malicious,10,0,0.0,0,1,1,0,100.0,0,0,,True
7,WormShield,mal--slice_management--star--n10--recovery_poisoning--r3,malicious,10,0,0.0,0,1,1,0,100.0,0,0,,True
7,No Defense,mal--slice_management--star--n15--slice_takeover--r1,malicious,15,1,7.142857142857143,1,1,0,1,0.0,0,0,,False
7,DonkeyRail,mal--slice_management--star--n15--slice_takeover--r1,malicious,15,0,0.0,0,1,1,0,100.0,0,0,,True
7,WormShield,mal--slice_management--star--n15--slice_takeover--r1,malicious,15,0,0.0,0,1,1,0,100.0,0,0,,True
7,No Defense,mal--slice_management--star--n20--exfiltration_propagation--r1,malicious,20,1,5.2631578947368425,1,1,0,1,0.0,0,0,,False
7,DonkeyRail,mal--slice_management--star--n20--exfiltration_propagation--r1,malicious,20,0,0.0,0,1,1,0,100.0,0,0,,True
7,WormShield,mal--slice_management--star--n20--exfiltration_propagation--r1,malicious,20,0,0.0,0,1,1,0,100.0,0,0,,True
7,No Defense,mal--slice_management--star--n20--recovery_poisoning--r2,malicious,20,1,5.2631578947368425,1,1,0,1,0.0,0,0,,False
7,DonkeyRail,mal--slice_management--star--n20--recovery_poisoning--r2,malicious,20,0,0.0,0,1,1,0,100.0,0,0,,True
7,WormShield,mal--slice_management--star--n20--recovery_poisoning--r2,malicious,20,0,0.0,0,1,1,0,100.0,0,0,,True
7,No Defense,mal--slice_management--star--n4--exfiltration_propagation--r4,malicious,4,1,33.333333333333336,1,1,0,1,0.0,0,0,,False
7,DonkeyRail,mal--slice_management--star--n4--exfiltration_propagation--r4,malicious,4,1,33.333333333333336,1,1,0,1,0.0,0,0,,False
7,WormShield,mal--slice_management--star--n4--exfiltration_propagation--r4,malicious,4,0,0.0,0,1,1,0,100.0,0,0,,True
7,No Defense,mal--slice_management--star--n8--guard_suppression--r2,malicious,8,1,14.285714285714286,1,1,0,1,0.0,0,0,,False
7,DonkeyRail,mal--slice_management--star--n8--guard_suppression--r2,malicious,8,0,0.0,0,1,1,0,100.0,0,0,,True
7,WormShield,mal--slice_management--star--n8--guard_suppression--r2,malicious,8,0,0.0,0,1,1,0,100.0,0,0,,True
19,No Defense,benign--assurance_triage--chain--n10--containment_drill--r4,benign,10,0,0.0,0,0,0,0,,0,0,,True
19,DonkeyRail,benign--assurance_triage--chain--n10--containment_drill--r4,benign,10,0,0.0,0,0,0,0,,0,0,,True
19,WormShield,benign--assurance_triage--chain--n10--containment_drill--r4,benign,10,0,0.0,0,0,0,0,,0,0,,True
19,No Defense,benign--assurance_triage--chain--n20--quoted_attack_review--r3,benign,20,0,0.0,0,0,0,0,,3,0,0.0,True
19,DonkeyRail,benign--assurance_triage--chain--n20--quoted_attack_review--r3,benign,20,0,0.0,0,0,0,0,,3,1,33.333333333333336,True
19,WormShield,benign--assurance_triage--chain--n20--quoted_attack_review--r3,benign,20,0,0.0,0,0,0,0,,3,0,0.0,True
19,No Defense,benign--assurance_triage--chain--n4--maintenance_notice--r6,benign,4,0,0.0,0,0,0,0,,0,0,,True
19,DonkeyRail,benign--assurance_triage--chain--n4--maintenance_notice--r6,benign,4,0,0.0,0,0,0,0,,0,0,,True
19,WormShield,benign--assurance_triage--chain--n4--maintenance_notice--r6,benign,4,0,0.0,0,0,0,0,,0,0,,True
19,No Defense,benign--assurance_triage--chain--n4--quoted_attack_review--r3,benign,4,0,0.0,0,0,0,0,,2,0,0.0,True
19,DonkeyRail,benign--assurance_triage--chain--n4--quoted_attack_review--r3,benign,4,0,0.0,0,0,0,0,,2,0,0.0,True
19,WormShield,benign--assurance_triage--chain--n4--quoted_attack_review--r3,benign,4,0,0.0,0,0,0,0,,2,0,0.0,True
19,No Defense,benign--assurance_triage--chain--n4--routine_update--r1,benign,4,0,0.0,0,0,0,0,,1,0,0.0,True
19,DonkeyRail,benign--assurance_triage--chain--n4--routine_update--r1,benign,4,0,0.0,0,0,0,0,,1,0,0.0,True
19,WormShield,benign--assurance_triage--chain--n4--routine_update--r1,benign,4,0,0.0,0,0,0,0,,1,0,0.0,True
19,No Defense,benign--assurance_triage--mesh_lite--n20--routine_update--r3,benign,20,0,0.0,0,0,0,0,,0,0,,True
19,DonkeyRail,benign--assurance_triage--mesh_lite--n20--routine_update--r3,benign,20,0,0.0,0,0,0,0,,0,0,,True
19,WormShield,benign--assurance_triage--mesh_lite--n20--routine_update--r3,benign,20,0,0.0,0,0,0,0,,0,0,,True
19,No Defense,benign--assurance_triage--mesh_lite--n4--containment_drill--r6,benign,4,0,0.0,0,0,0,0,,0,0,,True
19,DonkeyRail,benign--assurance_triage--mesh_lite--n4--containment_drill--r6,benign,4,0,0.0,0,0,0,0,,0,0,,True
19,WormShield,benign--assurance_triage--mesh_lite--n4--containment_drill--r6,benign,4,0,0.0,0,0,0,0,,0,0,,True
19,No Defense,benign--assurance_triage--mesh_lite--n8--containment_drill--r4,benign,8,0,0.0,0,0,0,0,,0,0,,True
19,DonkeyRail,benign--assurance_triage--mesh_lite--n8--containment_drill--r4,benign,8,0,0.0,0,0,0,0,,0,0,,True
19,WormShield,benign--assurance_triage--mesh_lite--n8--containment_drill--r4,benign,8,0,0.0,0,0,0,0,,0,0,,True
19,No Defense,benign--assurance_triage--random_min_degree--n10--maintenance_notice--r6,benign,10,0,0.0,0,0,0,0,,2,0,0.0,True
19,DonkeyRail,benign--assurance_triage--random_min_degree--n10--maintenance_notice--r6,benign,10,0,0.0,0,0,0,0,,2,1,50.0,True
19,WormShield,benign--assurance_triage--random_min_degree--n10--maintenance_notice--r6,benign,10,0,0.0,0,0,0,0,,2,0,0.0,True
19,No Defense,benign--assurance_triage--random_min_degree--n10--quoted_attack_review--r3,benign,10,0,0.0,0,0,0,0,,2,0,0.0,True
19,DonkeyRail,benign--assurance_triage--random_min_degree--n10--quoted_attack_review--r3,benign,10,0,0.0,0,0,0,0,,2,0,0.0,True
19,WormShield,benign--assurance_triage--random_min_degree--n10--quoted_attack_review--r3,benign,10,0,0.0,0,0,0,0,,2,0,0.0,True
19,No Defense,benign--assurance_triage--random_min_degree--n15--maintenance_notice--r4,benign,15,0,0.0,0,0,0,0,,4,0,0.0,True
19,DonkeyRail,benign--assurance_triage--random_min_degree--n15--maintenance_notice--r4,benign,15,0,0.0,0,0,0,0,,2,1,50.0,True
19,WormShield,benign--assurance_triage--random_min_degree--n15--maintenance_notice--r4,benign,15,0,0.0,0,0,0,0,,4,0,0.0,True
19,No Defense,benign--assurance_triage--random_min_degree--n15--quoted_attack_review--r1,benign,15,0,0.0,0,0,0,0,,0,0,,True
19,DonkeyRail,benign--assurance_triage--random_min_degree--n15--quoted_attack_review--r1,benign,15,0,0.0,0,0,0,0,,0,0,,True
19,WormShield,benign--assurance_triage--random_min_degree--n15--quoted_attack_review--r1,benign,15,0,0.0,0,0,0,0,,0,0,,True
19,No Defense,benign--assurance_triage--random_min_degree--n4--maintenance_notice--r2,benign,4,0,0.0,0,0,0,0,,0,0,,True
19,DonkeyRail,benign--assurance_triage--random_min_degree--n4--maintenance_notice--r2,benign,4,0,0.0,0,0,0,0,,0,0,,True
19,WormShield,benign--assurance_triage--random_min_degree--n4--maintenance_notice--r2,benign,4,0,0.0,0,0,0,0,,0,0,,True
19,No Defense,benign--assurance_triage--random_min_degree--n4--maintenance_notice--r6,benign,4,0,0.0,0,0,0,0,,1,0,0.0,True
19,DonkeyRail,benign--assurance_triage--random_min_degree--n4--maintenance_notice--r6,benign,4,0,0.0,0,0,0,0,,1,1,100.0,True
19,WormShield,benign--assurance_triage--random_min_degree--n4--maintenance_notice--r6,benign,4,0,0.0,0,0,0,0,,1,0,0.0,True
19,No Defense,benign--assurance_triage--random_min_degree--n4--quoted_attack_review--r3,benign,4,0,0.0,0,0,0,0,,5,0,0.0,True
19,DonkeyRail,benign--assurance_triage--random_min_degree--n4--quoted_attack_review--r3,benign,4,0,0.0,0,0,0,0,,5,0,0.0,True
19,WormShield,benign--assurance_triage--random_min_degree--n4--quoted_attack_review--r3,benign,4,0,0.0,0,0,0,0,,5,0,0.0,True
19,No Defense,benign--assurance_triage--ring--n20--containment_drill--r4,benign,20,0,0.0,0,0,0,0,,2,0,0.0,True
19,DonkeyRail,benign--assurance_triage--ring--n20--containment_drill--r4,benign,20,0,0.0,0,0,0,0,,2,1,50.0,True
19,WormShield,benign--assurance_triage--ring--n20--containment_drill--r4,benign,20,0,0.0,0,0,0,0,,2,0,0.0,True
19,No Defense,benign--assurance_triage--ring--n8--containment_drill--r6,benign,8,0,0.0,0,0,0,0,,2,0,0.0,True
19,DonkeyRail,benign--assurance_triage--ring--n8--containment_drill--r6,benign,8,0,0.0,0,0,0,0,,2,0,0.0,True
19,WormShield,benign--assurance_triage--ring--n8--containment_drill--r6,benign,8,0,0.0,0,0,0,0,,2,0,0.0,True
19,No Defense,benign--assurance_triage--star--n10--quoted_attack_review--r1,benign,10,0,0.0,0,0,0,0,,0,0,,True
19,DonkeyRail,benign--assurance_triage--star--n10--quoted_attack_review--r1,benign,10,0,0.0,0,0,0,0,,0,0,,True
19,WormShield,benign--assurance_triage--star--n10--quoted_attack_review--r1,benign,10,0,0.0,0,0,0,0,,0,0,,True
19,No Defense,benign--assurance_triage--star--n15--maintenance_notice--r6,benign,15,0,0.0,0,0,0,0,,1,0,0.0,True
19,DonkeyRail,benign--assurance_triage--star--n15--maintenance_notice--r6,benign,15,0,0.0,0,0,0,0,,1,0,0.0,True
19,WormShield,benign--assurance_triage--star--n15--maintenance_notice--r6,benign,15,0,0.0,0,0,0,0,,1,0,0.0,True
19,No Defense,benign--assurance_triage--star--n15--routine_update--r5,benign,15,0,0.0,0,0,0,0,,1,0,0.0,True
19,DonkeyRail,benign--assurance_triage--star--n15--routine_update--r5,benign,15,0,0.0,0,0,0,0,,1,0,0.0,True
19,WormShield,benign--assurance_triage--star--n15--routine_update--r5,benign,15,0,0.0,0,0,0,0,,1,0,0.0,True
19,No Defense,benign--assurance_triage--star--n8--maintenance_notice--r2,benign,8,0,0.0,0,0,0,0,,0,0,,True
19,DonkeyRail,benign--assurance_triage--star--n8--maintenance_notice--r2,benign,8,0,0.0,0,0,0,0,,0,0,,True
19,WormShield,benign--assurance_triage--star--n8--maintenance_notice--r2,benign,8,0,0.0,0,0,0,0,,0,0,,True
19,No Defense,benign--edge_mesh--chain--n10--containment_drill--r2,benign,10,0,0.0,0,0,0,0,,0,0,,True
19,DonkeyRail,benign--edge_mesh--chain--n10--containment_drill--r2,benign,10,0,0.0,0,0,0,0,,0,0,,True
19,WormShield,benign--edge_mesh--chain--n10--containment_drill--r2,benign,10,0,0.0,0,0,0,0,,0,0,,True
19,No Defense,benign--edge_mesh--chain--n15--routine_update--r1,benign,15,0,0.0,0,0,0,0,,1,0,0.0,True
19,DonkeyRail,benign--edge_mesh--chain--n15--routine_update--r1,benign,15,0,0.0,0,0,0,0,,1,0,0.0,True
19,WormShield,benign--edge_mesh--chain--n15--routine_update--r1,benign,15,0,0.0,0,0,0,0,,1,0,0.0,True
19,No Defense,benign--edge_mesh--chain--n20--containment_drill--r2,benign,20,0,0.0,0,0,0,0,,0,0,,True
19,DonkeyRail,benign--edge_mesh--chain--n20--containment_drill--r2,benign,20,0,0.0,0,0,0,0,,0,0,,True
19,WormShield,benign--edge_mesh--chain--n20--containment_drill--r2,benign,20,0,0.0,0,0,0,0,,0,0,,True
19,No Defense,benign--edge_mesh--chain--n20--containment_drill--r6,benign,20,0,0.0,0,0,0,0,,0,0,,True
19,DonkeyRail,benign--edge_mesh--chain--n20--containment_drill--r6,benign,20,0,0.0,0,0,0,0,,0,0,,True
19,WormShield,benign--edge_mesh--chain--n20--containment_drill--r6,benign,20,0,0.0,0,0,0,0,,0,0,,True
19,No Defense,benign--edge_mesh--chain--n4--containment_drill--r6,benign,4,0,0.0,0,0,0,0,,0,0,,True
19,DonkeyRail,benign--edge_mesh--chain--n4--containment_drill--r6,benign,4,0,0.0,0,0,0,0,,0,0,,True
19,WormShield,benign--edge_mesh--chain--n4--containment_drill--r6,benign,4,0,0.0,0,0,0,0,,0,0,,True
19,No Defense,benign--edge_mesh--chain--n8--routine_update--r1,benign,8,0,0.0,0,0,0,0,,1,0,0.0,True
19,DonkeyRail,benign--edge_mesh--chain--n8--routine_update--r1,benign,8,0,0.0,0,0,0,0,,1,0,0.0,True
19,WormShield,benign--edge_mesh--chain--n8--routine_update--r1,benign,8,0,0.0,0,0,0,0,,1,0,0.0,True
19,No Defense,benign--edge_mesh--mesh_lite--n10--routine_update--r5,benign,10,0,0.0,0,0,0,0,,0,0,,True
19,DonkeyRail,benign--edge_mesh--mesh_lite--n10--routine_update--r5,benign,10,0,0.0,0,0,0,0,,0,0,,True
19,WormShield,benign--edge_mesh--mesh_lite--n10--routine_update--r5,benign,10,0,0.0,0,0,0,0,,0,0,,True
19,No Defense,benign--edge_mesh--mesh_lite--n4--maintenance_notice--r6,benign,4,0,0.0,0,0,0,0,,0,0,,True
19,DonkeyRail,benign--edge_mesh--mesh_lite--n4--maintenance_notice--r6,benign,4,0,0.0,0,0,0,0,,0,0,,True
19,WormShield,benign--edge_mesh--mesh_lite--n4--maintenance_notice--r6,benign,4,0,0.0,0,0,0,0,,0,0,,True
19,No Defense,benign--edge_mesh--mesh_lite--n4--routine_update--r1,benign,4,0,0.0,0,0,0,0,,1,0,0.0,True
19,DonkeyRail,benign--edge_mesh--mesh_lite--n4--routine_update--r1,benign,4,0,0.0,0,0,0,0,,1,1,100.0,True
19,WormShield,benign--edge_mesh--mesh_lite--n4--routine_update--r1,benign,4,0,0.0,0,0,0,0,,1,0,0.0,True
19,No Defense,benign--edge_mesh--random_min_degree--n8--maintenance_notice--r2,benign,8,0,0.0,0,0,0,0,,0,0,,True
19,DonkeyRail,benign--edge_mesh--random_min_degree--n8--maintenance_notice--r2,benign,8,0,0.0,0,0,0,0,,0,0,,True
19,WormShield,benign--edge_mesh--random_min_degree--n8--maintenance_notice--r2,benign,8,0,0.0,0,0,0,0,,0,0,,True
19,No Defense,benign--edge_mesh--ring--n15--maintenance_notice--r2,benign,15,0,0.0,0,0,0,0,,0,0,,True
19,DonkeyRail,benign--edge_mesh--ring--n15--maintenance_notice--r2,benign,15,0,0.0,0,0,0,0,,0,0,,True
19,WormShield,benign--edge_mesh--ring--n15--maintenance_notice--r2,benign,15,0,0.0,0,0,0,0,,0,0,,True
19,No Defense,benign--edge_mesh--ring--n15--routine_update--r5,benign,15,0,0.0,0,0,0,0,,0,0,,True
19,DonkeyRail,benign--edge_mesh--ring--n15--routine_update--r5,benign,15,0,0.0,0,0,0,0,,0,0,,True
19,WormShield,benign--edge_mesh--ring--n15--routine_update--r5,benign,15,0,0.0,0,0,0,0,,0,0,,True
19,No Defense,benign--edge_mesh--ring--n4--containment_drill--r6,benign,4,0,0.0,0,0,0,0,,0,0,,True
19,DonkeyRail,benign--edge_mesh--ring--n4--containment_drill--r6,benign,4,0,0.0,0,0,0,0,,0,0,,True
19,WormShield,benign--edge_mesh--ring--n4--containment_drill--r6,benign,4,0,0.0,0,0,0,0,,0,0,,True
19,No Defense,benign--edge_mesh--star--n10--quoted_attack_review--r3,benign,10,0,0.0,0,0,0,0,,1,0,0.0,True
19,DonkeyRail,benign--edge_mesh--star--n10--quoted_attack_review--r3,benign,10,0,0.0,0,0,0,0,,1,1,100.0,True
19,WormShield,benign--edge_mesh--star--n10--quoted_attack_review--r3,benign,10,0,0.0,0,0,0,0,,1,0,0.0,True
19,No Defense,benign--edge_mesh--star--n15--containment_drill--r2,benign,15,0,0.0,0,0,0,0,,1,0,0.0,True
19,DonkeyRail,benign--edge_mesh--star--n15--containment_drill--r2,benign,15,0,0.0,0,0,0,0,,1,0,0.0,True
19,WormShield,benign--edge_mesh--star--n15--containment_drill--r2,benign,15,0,0.0,0,0,0,0,,1,0,0.0,True
19,No Defense,benign--edge_mesh--star--n20--containment_drill--r4,benign,20,0,0.0,0,0,0,0,,1,0,0.0,True
19,DonkeyRail,benign--edge_mesh--star--n20--containment_drill--r4,benign,20,0,0.0,0,0,0,0,,1,0,0.0,True
19,WormShield,benign--edge_mesh--star--n20--containment_drill--r4,benign,20,0,0.0,0,0,0,0,,1,0,0.0,True
19,No Defense,benign--edge_mesh--star--n8--quoted_attack_review--r5,benign,8,0,0.0,0,0,0,0,,1,0,0.0,True
19,DonkeyRail,benign--edge_mesh--star--n8--quoted_attack_review--r5,benign,8,0,0.0,0,0,0,0,,1,0,0.0,True
19,WormShield,benign--edge_mesh--star--n8--quoted_attack_review--r5,benign,8,0,0.0,0,0,0,0,,1,0,0.0,True
19,No Defense,benign--edge_mesh--star--n8--routine_update--r3,benign,8,0,0.0,0,0,0,0,,1,0,0.0,True
19,DonkeyRail,benign--edge_mesh--star--n8--routine_update--r3,benign,8,0,0.0,0,0,0,0,,1,0,0.0,True
19,WormShield,benign--edge_mesh--star--n8--routine_update--r3,benign,8,0,0.0,0,0,0,0,,1,0,0.0,True
19,No Defense,benign--ran_orchestration--chain--n10--routine_update--r1,benign,10,0,0.0,0,0,0,0,,1,0,0.0,True
19,DonkeyRail,benign--ran_orchestration--chain--n10--routine_update--r1,benign,10,0,0.0,0,0,0,0,,1,0,0.0,True
19,WormShield,benign--ran_orchestration--chain--n10--routine_update--r1,benign,10,0,0.0,0,0,0,0,,1,0,0.0,True
19,No Defense,benign--ran_orchestration--chain--n4--containment_drill--r4,benign,4,0,0.0,0,0,0,0,,2,0,0.0,True
19,DonkeyRail,benign--ran_orchestration--chain--n4--containment_drill--r4,benign,4,0,0.0,0,0,0,0,,2,0,0.0,True
19,WormShield,benign--ran_orchestration--chain--n4--containment_drill--r4,benign,4,0,0.0,0,0,0,0,,2,0,0.0,True
19,No Defense,benign--ran_orchestration--chain--n4--maintenance_notice--r2,benign,4,0,0.0,0,0,0,0,,0,0,,True
19,DonkeyRail,benign--ran_orchestration--chain--n4--maintenance_notice--r2,benign,4,0,0.0,0,0,0,0,,0,0,,True
19,WormShield,benign--ran_orchestration--chain--n4--maintenance_notice--r2,benign,4,0,0.0,0,0,0,0,,0,0,,True
19,No Defense,benign--ran_orchestration--mesh_lite--n15--maintenance_notice--r6,benign,15,0,0.0,0,0,0,0,,1,0,0.0,True
19,DonkeyRail,benign--ran_orchestration--mesh_lite--n15--maintenance_notice--r6,benign,15,0,0.0,0,0,0,0,,1,0,0.0,True
19,WormShield,benign--ran_orchestration--mesh_lite--n15--maintenance_notice--r6,benign,15,0,0.0,0,0,0,0,,1,0,0.0,True
19,No Defense,benign--ran_orchestration--mesh_lite--n15--routine_update--r1,benign,15,0,0.0,0,0,0,0,,0,0,,True
19,DonkeyRail,benign--ran_orchestration--mesh_lite--n15--routine_update--r1,benign,15,0,0.0,0,0,0,0,,0,0,,True
19,WormShield,benign--ran_orchestration--mesh_lite--n15--routine_update--r1,benign,15,0,0.0,0,0,0,0,,0,0,,True
19,No Defense,benign--ran_orchestration--mesh_lite--n4--containment_drill--r2,benign,4,0,0.0,0,0,0,0,,0,0,,True
19,DonkeyRail,benign--ran_orchestration--mesh_lite--n4--containment_drill--r2,benign,4,0,0.0,0,0,0,0,,0,0,,True
19,WormShield,benign--ran_orchestration--mesh_lite--n4--containment_drill--r2,benign,4,0,0.0,0,0,0,0,,0,0,,True
19,No Defense,benign--ran_orchestration--mesh_lite--n4--maintenance_notice--r4,benign,4,0,0.0,0,0,0,0,,0,0,,True
19,DonkeyRail,benign--ran_orchestration--mesh_lite--n4--maintenance_notice--r4,benign,4,0,0.0,0,0,0,0,,0,0,,True
19,WormShield,benign--ran_orchestration--mesh_lite--n4--maintenance_notice--r4,benign,4,0,0.0,0,0,0,0,,0,0,,True
19,No Defense,benign--ran_orchestration--mesh_lite--n8--containment_drill--r4,benign,8,0,0.0,0,0,0,0,,7,0,0.0,True
19,DonkeyRail,benign--ran_orchestration--mesh_lite--n8--containment_drill--r4,benign,8,0,0.0,0,0,0,0,,6,4,66.66666666666667,True
19,WormShield,benign--ran_orchestration--mesh_lite--n8--containment_drill--r4,benign,8,0,0.0,0,0,0,0,,7,0,0.0,True
19,No Defense,benign--ran_orchestration--random_min_degree--n10--maintenance_notice--r2,benign,10,0,0.0,0,0,0,0,,3,0,0.0,True
19,DonkeyRail,benign--ran_orchestration--random_min_degree--n10--maintenance_notice--r2,benign,10,0,0.0,0,0,0,0,,3,0,0.0,True
19,WormShield,benign--ran_orchestration--random_min_degree--n10--maintenance_notice--r2,benign,10,0,0.0,0,0,0,0,,3,0,0.0,True
19,No Defense,benign--ran_orchestration--random_min_degree--n10--maintenance_notice--r6,benign,10,0,0.0,0,0,0,0,,3,0,0.0,True
19,DonkeyRail,benign--ran_orchestration--random_min_degree--n10--maintenance_notice--r6,benign,10,0,0.0,0,0,0,0,,3,0,0.0,True
19,WormShield,benign--ran_orchestration--random_min_degree--n10--maintenance_notice--r6,benign,10,0,0.0,0,0,0,0,,3,0,0.0,True
19,No Defense,benign--ran_orchestration--random_min_degree--n15--containment_drill--r2,benign,15,0,0.0,0,0,0,0,,0,0,,True
19,DonkeyRail,benign--ran_orchestration--random_min_degree--n15--containment_drill--r2,benign,15,0,0.0,0,0,0,0,,0,0,,True
19,WormShield,benign--ran_orchestration--random_min_degree--n15--containment_drill--r2,benign,15,0,0.0,0,0,0,0,,0,0,,True
19,No Defense,benign--ran_orchestration--random_min_degree--n20--quoted_attack_review--r3,benign,20,0,0.0,0,0,0,0,,5,0,0.0,True
19,DonkeyRail,benign--ran_orchestration--random_min_degree--n20--quoted_attack_review--r3,benign,20,0,0.0,0,0,0,0,,5,1,20.0,True
19,WormShield,benign--ran_orchestration--random_min_degree--n20--quoted_attack_review--r3,benign,20,0,0.0,0,0,0,0,,5,0,0.0,True
19,No Defense,benign--ran_orchestration--random_min_degree--n20--routine_update--r5,benign,20,0,0.0,0,0,0,0,,1,0,0.0,True
19,DonkeyRail,benign--ran_orchestration--random_min_degree--n20--routine_update--r5,benign,20,0,0.0,0,0,0,0,,1,0,0.0,True
19,WormShield,benign--ran_orchestration--random_min_degree--n20--routine_update--r5,benign,20,0,0.0,0,0,0,0,,1,0,0.0,True
19,No Defense,benign--ran_orchestration--random_min_degree--n4--quoted_attack_review--r3,benign,4,0,0.0,0,0,0,0,,3,0,0.0,True
19,DonkeyRail,benign--ran_orchestration--random_min_degree--n4--quoted_attack_review--r3,benign,4,0,0.0,0,0,0,0,,3,0,0.0,True
19,WormShield,benign--ran_orchestration--random_min_degree--n4--quoted_attack_review--r3,benign,4,0,0.0,0,0,0,0,,3,0,0.0,True
19,No Defense,benign--ran_orchestration--random_min_degree--n4--routine_update--r5,benign,4,0,0.0,0,0,0,0,,1,0,0.0,True
19,DonkeyRail,benign--ran_orchestration--random_min_degree--n4--routine_update--r5,benign,4,0,0.0,0,0,0,0,,1,0,0.0,True
19,WormShield,benign--ran_orchestration--random_min_degree--n4--routine_update--r5,benign,4,0,0.0,0,0,0,0,,1,0,0.0,True
19,No Defense,benign--ran_orchestration--random_min_degree--n8--containment_drill--r6,benign,8,0,0.0,0,0,0,0,,0,0,,True
19,DonkeyRail,benign--ran_orchestration--random_min_degree--n8--containment_drill--r6,benign,8,0,0.0,0,0,0,0,,0,0,,True
19,WormShield,benign--ran_orchestration--random_min_degree--n8--containment_drill--r6,benign,8,0,0.0,0,0,0,0,,0,0,,True
19,No Defense,benign--ran_orchestration--ring--n10--routine_update--r1,benign,10,0,0.0,0,0,0,0,,0,0,,True
19,DonkeyRail,benign--ran_orchestration--ring--n10--routine_update--r1,benign,10,0,0.0,0,0,0,0,,0,0,,True
19,WormShield,benign--ran_orchestration--ring--n10--routine_update--r1,benign,10,0,0.0,0,0,0,0,,0,0,,True
19,No Defense,benign--ran_orchestration--ring--n15--containment_drill--r6,benign,15,0,0.0,0,0,0,0,,0,0,,True
19,DonkeyRail,benign--ran_orchestration--ring--n15--containment_drill--r6,benign,15,0,0.0,0,0,0,0,,0,0,,True
19,WormShield,benign--ran_orchestration--ring--n15--containment_drill--r6,benign,15,0,0.0,0,0,0,0,,0,0,,True
19,No Defense,benign--ran_orchestration--ring--n20--maintenance_notice--r2,benign,20,0,0.0,0,0,0,0,,2,0,0.0,True
19,DonkeyRail,benign--ran_orchestration--ring--n20--maintenance_notice--r2,benign,20,0,0.0,0,0,0,0,,1,1,100.0,True
19,WormShield,benign--ran_orchestration--ring--n20--maintenance_notice--r2,benign,20,0,0.0,0,0,0,0,,2,0,0.0,True
19,No Defense,benign--ran_orchestration--ring--n4--maintenance_notice--r2,benign,4,0,0.0,0,0,0,0,,0,0,,True
19,DonkeyRail,benign--ran_orchestration--ring--n4--maintenance_notice--r2,benign,4,0,0.0,0,0,0,0,,0,0,,True
19,WormShield,benign--ran_orchestration--ring--n4--maintenance_notice--r2,benign,4,0,0.0,0,0,0,0,,0,0,,True
19,No Defense,benign--ran_orchestration--ring--n4--routine_update--r5,benign,4,0,0.0,0,0,0,0,,2,0,0.0,True
19,DonkeyRail,benign--ran_orchestration--ring--n4--routine_update--r5,benign,4,0,0.0,0,0,0,0,,2,0,0.0,True
19,WormShield,benign--ran_orchestration--ring--n4--routine_update--r5,benign,4,0,0.0,0,0,0,0,,2,0,0.0,True
19,No Defense,benign--ran_orchestration--ring--n8--quoted_attack_review--r5,benign,8,0,0.0,0,0,0,0,,1,0,0.0,True
19,DonkeyRail,benign--ran_orchestration--ring--n8--quoted_attack_review--r5,benign,8,0,0.0,0,0,0,0,,1,0,0.0,True
19,WormShield,benign--ran_orchestration--ring--n8--quoted_attack_review--r5,benign,8,0,0.0,0,0,0,0,,1,0,0.0,True
19,No Defense,benign--ran_orchestration--star--n10--containment_drill--r2,benign,10,0,0.0,0,0,0,0,,0,0,,True
19,DonkeyRail,benign--ran_orchestration--star--n10--containment_drill--r2,benign,10,0,0.0,0,0,0,0,,0,0,,True
19,WormShield,benign--ran_orchestration--star--n10--containment_drill--r2,benign,10,0,0.0,0,0,0,0,,0,0,,True
19,No Defense,benign--ran_orchestration--star--n10--routine_update--r3,benign,10,0,0.0,0,0,0,0,,1,0,0.0,True
19,DonkeyRail,benign--ran_orchestration--star--n10--routine_update--r3,benign,10,0,0.0,0,0,0,0,,1,1,100.0,True
19,WormShield,benign--ran_orchestration--star--n10--routine_update--r3,benign,10,0,0.0,0,0,0,0,,1,0,0.0,True
19,No Defense,benign--ran_orchestration--star--n15--containment_drill--r4,benign,15,0,0.0,0,0,0,0,,0,0,,True
19,DonkeyRail,benign--ran_orchestration--star--n15--containment_drill--r4,benign,15,0,0.0,0,0,0,0,,0,0,,True
19,WormShield,benign--ran_orchestration--star--n15--containment_drill--r4,benign,15,0,0.0,0,0,0,0,,0,0,,True
19,No Defense,benign--ran_orchestration--star--n15--maintenance_notice--r2,benign,15,0,0.0,0,0,0,0,,0,0,,True
19,DonkeyRail,benign--ran_orchestration--star--n15--maintenance_notice--r2,benign,15,0,0.0,0,0,0,0,,0,0,,True
19,WormShield,benign--ran_orchestration--star--n15--maintenance_notice--r2,benign,15,0,0.0,0,0,0,0,,0,0,,True
19,No Defense,benign--ran_orchestration--star--n20--quoted_attack_review--r1,benign,20,0,0.0,0,0,0,0,,1,0,0.0,True
19,DonkeyRail,benign--ran_orchestration--star--n20--quoted_attack_review--r1,benign,20,0,0.0,0,0,0,0,,1,0,0.0,True
19,WormShield,benign--ran_orchestration--star--n20--quoted_attack_review--r1,benign,20,0,0.0,0,0,0,0,,1,0,0.0,True
19,No Defense,benign--ran_orchestration--star--n8--containment_drill--r4,benign,8,0,0.0,0,0,0,0,,2,0,0.0,True
19,DonkeyRail,benign--ran_orchestration--star--n8--containment_drill--r4,benign,8,0,0.0,0,0,0,0,,1,1,100.0,True
19,WormShield,benign--ran_orchestration--star--n8--containment_drill--r4,benign,8,0,0.0,0,0,0,0,,2,0,0.0,True
19,No Defense,benign--ran_orchestration--star--n8--maintenance_notice--r2,benign,8,0,0.0,0,0,0,0,,0,0,,True
19,DonkeyRail,benign--ran_orchestration--star--n8--maintenance_notice--r2,benign,8,0,0.0,0,0,0,0,,0,0,,True
19,WormShield,benign--ran_orchestration--star--n8--maintenance_notice--r2,benign,8,0,0.0,0,0,0,0,,0,0,,True
19,No Defense,benign--ran_orchestration--star--n8--quoted_attack_review--r3,benign,8,0,0.0,0,0,0,0,,1,0,0.0,True
19,DonkeyRail,benign--ran_orchestration--star--n8--quoted_attack_review--r3,benign,8,0,0.0,0,0,0,0,,1,0,0.0,True
19,WormShield,benign--ran_orchestration--star--n8--quoted_attack_review--r3,benign,8,0,0.0,0,0,0,0,,1,0,0.0,True
19,No Defense,benign--ran_orchestration--star--n8--routine_update--r1,benign,8,0,0.0,0,0,0,0,,1,0,0.0,True
19,DonkeyRail,benign--ran_orchestration--star--n8--routine_update--r1,benign,8,0,0.0,0,0,0,0,,1,0,0.0,True
19,WormShield,benign--ran_orchestration--star--n8--routine_update--r1,benign,8,0,0.0,0,0,0,0,,1,1,100.0,True
19,No Defense,benign--slice_management--chain--n15--routine_update--r5,benign,15,0,0.0,0,0,0,0,,4,0,0.0,True
19,DonkeyRail,benign--slice_management--chain--n15--routine_update--r5,benign,15,0,0.0,0,0,0,0,,2,1,50.0,True
19,WormShield,benign--slice_management--chain--n15--routine_update--r5,benign,15,0,0.0,0,0,0,0,,4,0,0.0,True
19,No Defense,benign--slice_management--chain--n20--containment_drill--r2,benign,20,0,0.0,0,0,0,0,,0,0,,True
19,DonkeyRail,benign--slice_management--chain--n20--containment_drill--r2,benign,20,0,0.0,0,0,0,0,,0,0,,True
19,WormShield,benign--slice_management--chain--n20--containment_drill--r2,benign,20,0,0.0,0,0,0,0,,0,0,,True
19,No Defense,benign--slice_management--chain--n20--maintenance_notice--r4,benign,20,0,0.0,0,0,0,0,,1,0,0.0,True
19,DonkeyRail,benign--slice_management--chain--n20--maintenance_notice--r4,benign,20,0,0.0,0,0,0,0,,1,0,0.0,True
19,WormShield,benign--slice_management--chain--n20--maintenance_notice--r4,benign,20,0,0.0,0,0,0,0,,1,0,0.0,True
19,No Defense,benign--slice_management--chain--n4--quoted_attack_review--r1,benign,4,0,0.0,0,0,0,0,,1,0,0.0,True
19,DonkeyRail,benign--slice_management--chain--n4--quoted_attack_review--r1,benign,4,0,0.0,0,0,0,0,,1,1,100.0,True
19,WormShield,benign--slice_management--chain--n4--quoted_attack_review--r1,benign,4,0,0.0,0,0,0,0,,1,0,0.0,True
19,No Defense,benign--slice_management--chain--n8--containment_drill--r4,benign,8,0,0.0,0,0,0,0,,0,0,,True
19,DonkeyRail,benign--slice_management--chain--n8--containment_drill--r4,benign,8,0,0.0,0,0,0,0,,0,0,,True
19,WormShield,benign--slice_management--chain--n8--containment_drill--r4,benign,8,0,0.0,0,0,0,0,,0,0,,True
19,No Defense,benign--slice_management--mesh_lite--n10--containment_drill--r4,benign,10,0,0.0,0,0,0,0,,8,0,0.0,True
19,DonkeyRail,benign--slice_management--mesh_lite--n10--containment_drill--r4,benign,10,0,0.0,0,0,0,0,,4,1,25.0,True
19,WormShield,benign--slice_management--mesh_lite--n10--containment_drill--r4,benign,10,0,0.0,0,0,0,0,,8,0,0.0,True
19,No Defense,benign--slice_management--mesh_lite--n15--containment_drill--r2,benign,15,0,0.0,0,0,0,0,,0,0,,True
19,DonkeyRail,benign--slice_management--mesh_lite--n15--containment_drill--r2,benign,15,0,0.0,0,0,0,0,,0,0,,True
19,WormShield,benign--slice_management--mesh_lite--n15--containment_drill--r2,benign,15,0,0.0,0,0,0,0,,0,0,,True
19,No Defense,benign--slice_management--mesh_lite--n20--quoted_attack_review--r3,benign,20,0,0.0,0,0,0,0,,2,0,0.0,True
19,DonkeyRail,benign--slice_management--mesh_lite--n20--quoted_attack_review--r3,benign,20,0,0.0,0,0,0,0,,2,0,0.0,True
19,WormShield,benign--slice_management--mesh_lite--n20--quoted_attack_review--r3,benign,20,0,0.0,0,0,0,0,,2,0,0.0,True
19,No Defense,benign--slice_management--mesh_lite--n4--maintenance_notice--r6,benign,4,0,0.0,0,0,0,0,,0,0,,True
19,DonkeyRail,benign--slice_management--mesh_lite--n4--maintenance_notice--r6,benign,4,0,0.0,0,0,0,0,,0,0,,True
19,WormShield,benign--slice_management--mesh_lite--n4--maintenance_notice--r6,benign,4,0,0.0,0,0,0,0,,0,0,,True
19,No Defense,benign--slice_management--random_min_degree--n10--containment_drill--r2,benign,10,0,0.0,0,0,0,0,,0,0,,True
19,DonkeyRail,benign--slice_management--random_min_degree--n10--containment_drill--r2,benign,10,0,0.0,0,0,0,0,,0,0,,True
19,WormShield,benign--slice_management--random_min_degree--n10--containment_drill--r2,benign,10,0,0.0,0,0,0,0,,0,0,,True
19,No Defense,benign--slice_management--random_min_degree--n10--quoted_attack_review--r1,benign,10,0,0.0,0,0,0,0,,0,0,,True
19,DonkeyRail,benign--slice_management--random_min_degree--n10--quoted_attack_review--r1,benign,10,0,0.0,0,0,0,0,,0,0,,True
19,WormShield,benign--slice_management--random_min_degree--n10--quoted_attack_review--r1,benign,10,0,0.0,0,0,0,0,,0,0,,True
19,No Defense,benign--slice_management--random_min_degree--n20--containment_drill--r2,benign,20,0,0.0,0,0,0,0,,0,0,,True
19,DonkeyRail,benign--slice_management--random_min_degree--n20--containment_drill--r2,benign,20,0,0.0,0,0,0,0,,0,0,,True
19,WormShield,benign--slice_management--random_min_degree--n20--containment_drill--r2,benign,20,0,0.0,0,0,0,0,,0,0,,True
19,No Defense,benign--slice_management--random_min_degree--n4--quoted_attack_review--r5,benign,4,0,0.0,0,0,0,0,,0,0,,True
19,DonkeyRail,benign--slice_management--random_min_degree--n4--quoted_attack_review--r5,benign,4,0,0.0,0,0,0,0,,0,0,,True
19,WormShield,benign--slice_management--random_min_degree--n4--quoted_attack_review--r5,benign,4,0,0.0,0,0,0,0,,0,0,,True
19,No Defense,benign--slice_management--random_min_degree--n8--maintenance_notice--r2,benign,8,0,0.0,0,0,0,0,,0,0,,True
19,DonkeyRail,benign--slice_management--random_min_degree--n8--maintenance_notice--r2,benign,8,0,0.0,0,0,0,0,,0,0,,True
19,WormShield,benign--slice_management--random_min_degree--n8--maintenance_notice--r2,benign,8,0,0.0,0,0,0,0,,0,0,,True
19,No Defense,benign--slice_management--ring--n10--containment_drill--r6,benign,10,0,0.0,0,0,0,0,,2,0,0.0,True
19,DonkeyRail,benign--slice_management--ring--n10--containment_drill--r6,benign,10,0,0.0,0,0,0,0,,2,0,0.0,True
19,WormShield,benign--slice_management--ring--n10--containment_drill--r6,benign,10,0,0.0,0,0,0,0,,2,0,0.0,True
19,No Defense,benign--slice_management--ring--n15--containment_drill--r4,benign,15,0,0.0,0,0,0,0,,0,0,,True
19,DonkeyRail,benign--slice_management--ring--n15--containment_drill--r4,benign,15,0,0.0,0,0,0,0,,0,0,,True
19,WormShield,benign--slice_management--ring--n15--containment_drill--r4,benign,15,0,0.0,0,0,0,0,,0,0,,True
19,No Defense,benign--slice_management--ring--n15--routine_update--r1,benign,15,0,0.0,0,0,0,0,,0,0,,True
19,DonkeyRail,benign--slice_management--ring--n15--routine_update--r1,benign,15,0,0.0,0,0,0,0,,0,0,,True
19,WormShield,benign--slice_management--ring--n15--routine_update--r1,benign,15,0,0.0,0,0,0,0,,0,0,,True
19,No Defense,benign--slice_management--ring--n4--quoted_attack_review--r5,benign,4,0,0.0,0,0,0,0,,0,0,,True
19,DonkeyRail,benign--slice_management--ring--n4--quoted_attack_review--r5,benign,4,0,0.0,0,0,0,0,,0,0,,True
19,WormShield,benign--slice_management--ring--n4--quoted_attack_review--r5,benign,4,0,0.0,0,0,0,0,,0,0,,True
19,No Defense,benign--slice_management--ring--n8--containment_drill--r4,benign,8,0,0.0,0,0,0,0,,0,0,,True
19,DonkeyRail,benign--slice_management--ring--n8--containment_drill--r4,benign,8,0,0.0,0,0,0,0,,0,0,,True
19,WormShield,benign--slice_management--ring--n8--containment_drill--r4,benign,8,0,0.0,0,0,0,0,,0,0,,True
19,No Defense,benign--slice_management--ring--n8--maintenance_notice--r6,benign,8,0,0.0,0,0,0,0,,0,0,,True
19,DonkeyRail,benign--slice_management--ring--n8--maintenance_notice--r6,benign,8,0,0.0,0,0,0,0,,0,0,,True
19,WormShield,benign--slice_management--ring--n8--maintenance_notice--r6,benign,8,0,0.0,0,0,0,0,,0,0,,True
19,No Defense,benign--slice_management--ring--n8--quoted_attack_review--r3,benign,8,0,0.0,0,0,0,0,,6,0,0.0,True
19,DonkeyRail,benign--slice_management--ring--n8--quoted_attack_review--r3,benign,8,0,0.0,0,0,0,0,,4,2,50.0,True
19,WormShield,benign--slice_management--ring--n8--quoted_attack_review--r3,benign,8,0,0.0,0,0,0,0,,6,0,0.0,True
19,No Defense,benign--slice_management--ring--n8--routine_update--r5,benign,8,0,0.0,0,0,0,0,,0,0,,True
19,DonkeyRail,benign--slice_management--ring--n8--routine_update--r5,benign,8,0,0.0,0,0,0,0,,0,0,,True
19,WormShield,benign--slice_management--ring--n8--routine_update--r5,benign,8,0,0.0,0,0,0,0,,0,0,,True
19,No Defense,benign--slice_management--star--n10--containment_drill--r4,benign,10,0,0.0,0,0,0,0,,0,0,,True
19,DonkeyRail,benign--slice_management--star--n10--containment_drill--r4,benign,10,0,0.0,0,0,0,0,,0,0,,True
19,WormShield,benign--slice_management--star--n10--containment_drill--r4,benign,10,0,0.0,0,0,0,0,,0,0,,True
19,No Defense,benign--slice_management--star--n15--maintenance_notice--r4,benign,15,0,0.0,0,0,0,0,,1,0,0.0,True
19,DonkeyRail,benign--slice_management--star--n15--maintenance_notice--r4,benign,15,0,0.0,0,0,0,0,,1,0,0.0,True
19,WormShield,benign--slice_management--star--n15--maintenance_notice--r4,benign,15,0,0.0,0,0,0,0,,1,0,0.0,True
19,No Defense,benign--slice_management--star--n20--maintenance_notice--r2,benign,20,0,0.0,0,0,0,0,,0,0,,True
19,DonkeyRail,benign--slice_management--star--n20--maintenance_notice--r2,benign,20,0,0.0,0,0,0,0,,0,0,,True
19,WormShield,benign--slice_management--star--n20--maintenance_notice--r2,benign,20,0,0.0,0,0,0,0,,0,0,,True
19,No Defense,benign--slice_management--star--n20--quoted_attack_review--r3,benign,20,0,0.0,0,0,0,0,,0,0,,True
19,DonkeyRail,benign--slice_management--star--n20--quoted_attack_review--r3,benign,20,0,0.0,0,0,0,0,,0,0,,True
19,WormShield,benign--slice_management--star--n20--quoted_attack_review--r3,benign,20,0,0.0,0,0,0,0,,0,0,,True
19,No Defense,benign--slice_management--star--n8--containment_drill--r6,benign,8,0,0.0,0,0,0,0,,1,0,0.0,True
19,DonkeyRail,benign--slice_management--star--n8--containment_drill--r6,benign,8,0,0.0,0,0,0,0,,1,0,0.0,True
19,WormShield,benign--slice_management--star--n8--containment_drill--r6,benign,8,0,0.0,0,0,0,0,,1,0,0.0,True
19,No Defense,mal--assurance_triage--chain--n10--recovery_poisoning--r1,malicious,10,1,11.11111111111111,1,1,0,1,0.0,1,0,0.0,False
19,DonkeyRail,mal--assurance_triage--chain--n10--recovery_poisoning--r1,malicious,10,1,11.11111111111111,1,1,0,1,0.0,1,0,0.0,False
19,WormShield,mal--assurance_triage--chain--n10--recovery_poisoning--r1,malicious,10,0,0.0,0,1,1,0,100.0,0,0,,True
19,No Defense,mal--assurance_triage--chain--n15--guard_suppression--r2,malicious,15,4,28.571428571428573,2,4,0,4,0.0,0,0,,False
19,DonkeyRail,mal--assurance_triage--chain--n15--guard_suppression--r2,malicious,15,0,0.0,0,2,2,0,100.0,0,0,,True
19,WormShield,mal--assurance_triage--chain--n15--guard_suppression--r2,malicious,15,0,0.0,0,2,2,0,100.0,0,0,,True
19,No Defense,mal--assurance_triage--chain--n4--slice_takeover--r2,malicious,4,1,33.333333333333336,1,1,0,1,0.0,0,0,,False
19,DonkeyRail,mal--assurance_triage--chain--n4--slice_takeover--r2,malicious,4,1,33.333333333333336,1,1,0,1,0.0,0,0,,False
19,WormShield,mal--assurance_triage--chain--n4--slice_takeover--r2,malicious,4,0,0.0,0,1,1,0,100.0,0,0,,True
19,No Defense,mal--assurance_triage--mesh_lite--n20--recovery_poisoning--r1,malicious,20,0,0.0,0,0,0,0,,0,0,,True
19,DonkeyRail,mal--assurance_triage--mesh_lite--n20--recovery_poisoning--r1,malicious,20,0,0.0,0,0,0,0,,0,0,,True
19,WormShield,mal--assurance_triage--mesh_lite--n20--recovery_poisoning--r1,malicious,20,0,0.0,0,0,0,0,,0,0,,True
19,No Defense,mal--assurance_triage--mesh_lite--n4--guard_suppression--r3,malicious,4,2,66.66666666666667,2,3,0,3,0.0,0,0,,False
19,DonkeyRail,mal--assurance_triage--mesh_lite--n4--guard_suppression--r3,malicious,4,0,0.0,0,2,2,0,100.0,0,0,,True
19,WormShield,mal--assurance_triage--mesh_lite--n4--guard_suppression--r3,malicious,4,0,0.0,0,2,2,0,100.0,0,0,,True
19,No Defense,mal--assurance_triage--random_min_degree--n10--control_plane_worm--r4,malicious,10,4,44.44444444444444,3,4,0,4,0.0,1,0,0.0,False
19,DonkeyRail,mal--assurance_triage--random_min_degree--n10--control_plane_worm--r4,malicious,10,2,22.22222222222222,1,3,1,2,33.333333333333336,1,0,0.0,False
19,WormShield,mal--assurance_triage--random_min_degree--n10--control_plane_worm--r4,malicious,10,0,0.0,0,2,2,0,100.0,0,0,,True
19,No Defense,mal--assurance_triage--random_min_degree--n10--exfiltration_propagation--r2,malicious,10,3,33.333333333333336,2,3,0,3,0.0,0,0,,False
19,DonkeyRail,mal--assurance_triage--random_min_degree--n10--exfiltration_propagation--r2,malicious,10,0,0.0,0,2,2,0,100.0,0,0,,True
19,WormShield,mal--assurance_triage--random_min_degree--n10--exfiltration_propagation--r2,malicious,10,0,0.0,0,2,2,0,100.0,0,0,,True
19,No Defense,mal--assurance_triage--random_min_degree--n20--guard_suppression--r4,malicious,20,2,10.526315789473685,1,2,0,2,0.0,3,0,0.0,False
19,DonkeyRail,mal--assurance_triage--random_min_degree--n20--guard_suppression--r4,malicious,20,2,10.526315789473685,1,2,0,2,0.0,3,0,0.0,False
19,WormShield,mal--assurance_triage--random_min_degree--n20--guard_suppression--r4,malicious,20,0,0.0,0,2,2,0,100.0,0,0,,True
19,No Defense,mal--assurance_triage--random_min_degree--n20--recovery_poisoning--r6,malicious,20,2,10.526315789473685,2,2,0,2,0.0,0,0,,False
19,DonkeyRail,mal--assurance_triage--random_min_degree--n20--recovery_poisoning--r6,malicious,20,0,0.0,0,1,1,0,100.0,0,0,,True
19,WormShield,mal--assurance_triage--random_min_degree--n20--recovery_poisoning--r6,malicious,20,0,0.0,0,1,1,0,100.0,0,0,,True
19,No Defense,mal--assurance_triage--star--n15--guard_suppression--r2,malicious,15,1,7.142857142857143,1,1,0,1,0.0,0,0,,False
19,DonkeyRail,mal--assurance_triage--star--n15--guard_suppression--r2,malicious,15,0,0.0,0,1,1,0,100.0,0,0,,True
19,WormShield,mal--assurance_triage--star--n15--guard_suppression--r2,malicious,15,0,0.0,0,1,1,0,100.0,0,0,,True
19,No Defense,mal--assurance_triage--star--n15--recovery_poisoning--r2,malicious,15,1,7.142857142857143,1,1,0,1,0.0,3,0,0.0,False
19,DonkeyRail,mal--assurance_triage--star--n15--recovery_poisoning--r2,malicious,15,0,0.0,0,1,1,0,100.0,0,0,,True
19,WormShield,mal--assurance_triage--star--n15--recovery_poisoning--r2,malicious,15,0,0.0,0,1,1,0,100.0,0,0,,True
19,No Defense,mal--assurance_triage--star--n15--slice_takeover--r4,malicious,15,1,7.142857142857143,1,1,0,1,0.0,0,0,,False
19,DonkeyRail,mal--assurance_triage--star--n15--slice_takeover--r4,malicious,15,0,0.0,0,1,1,0,100.0,0,0,,True
19,WormShield,mal--assurance_triage--star--n15--slice_takeover--r4,malicious,15,0,0.0,0,1,1,0,100.0,0,0,,True
19,No Defense,mal--assurance_triage--star--n20--recovery_poisoning--r6,malicious,20,3,15.789473684210526,2,3,0,3,0.0,0,0,,False
19,DonkeyRail,mal--assurance_triage--star--n20--recovery_poisoning--r6,malicious,20,0,0.0,0,1,1,0,100.0,0,0,,True
19,WormShield,mal--assurance_triage--star--n20--recovery_poisoning--r6,malicious,20,0,0.0,0,1,1,0,100.0,0,0,,True
19,No Defense,mal--assurance_triage--star--n4--recovery_poisoning--r5,malicious,4,2,66.66666666666667,1,2,0,2,0.0,0,0,,False
19,DonkeyRail,mal--assurance_triage--star--n4--recovery_poisoning--r5,malicious,4,2,66.66666666666667,1,2,0,2,0.0,0,0,,False
19,WormShield,mal--assurance_triage--star--n4--recovery_poisoning--r5,malicious,4,0,0.0,0,2,2,0,100.0,0,0,,True
19,No Defense,mal--edge_mesh--chain--n10--guard_suppression--r1,malicious,10,1,11.11111111111111,1,1,0,1,0.0,0,0,,False
19,DonkeyRail,mal--edge_mesh--chain--n10--guard_suppression--r1,malicious,10,1,11.11111111111111,1,1,0,1,0.0,0,0,,False
19,WormShield,mal--edge_mesh--chain--n10--guard_suppression--r1,malicious,10,1,11.11111111111111,1,1,0,1,0.0,0,0,,False
19,No Defense,mal--edge_mesh--chain--n20--recovery_poisoning--r6,malicious,20,1,5.2631578947368425,1,1,0,1,0.0,0,0,,False
19,DonkeyRail,mal--edge_mesh--chain--n20--recovery_poisoning--r6,malicious,20,0,0.0,0,1,1,0,100.0,0,0,,True
19,WormShield,mal--edge_mesh--chain--n20--recovery_poisoning--r6,malicious,20,0,0.0,0,1,1,0,100.0,0,0,,True
19,No Defense,mal--edge_mesh--chain--n8--guard_suppression--r2,malicious,8,1,14.285714285714286,1,1,0,1,0.0,0,0,,False
19,DonkeyRail,mal--edge_mesh--chain--n8--guard_suppression--r2,malicious,8,0,0.0,0,1,1,0,100.0,0,0,,True
19,WormShield,mal--edge_mesh--chain--n8--guard_suppression--r2,malicious,8,0,0.0,0,1,1,0,100.0,0,0,,True
19,No Defense,mal--edge_mesh--ring--n4--slice_takeover--r2,malicious,4,3,100.0,2,3,0,3,0.0,0,0,,False
19,DonkeyRail,mal--edge_mesh--ring--n4--slice_takeover--r2,malicious,4,0,0.0,0,2,2,0,100.0,0,0,,True
19,WormShield,mal--edge_mesh--ring--n4--slice_takeover--r2,malicious,4,0,0.0,0,2,2,0,100.0,0,0,,True
19,No Defense,mal--edge_mesh--star--n10--control_plane_worm--r2,malicious,10,1,11.11111111111111,1,1,0,1,0.0,0,0,,False
19,DonkeyRail,mal--edge_mesh--star--n10--control_plane_worm--r2,malicious,10,0,0.0,0,1,1,0,100.0,0,0,,True
19,WormShield,mal--edge_mesh--star--n10--control_plane_worm--r2,malicious,10,0,0.0,0,1,1,0,100.0,0,0,,True
19,No Defense,mal--edge_mesh--star--n10--exfiltration_propagation--r2,malicious,10,2,22.22222222222222,2,2,0,2,0.0,0,0,,False
19,DonkeyRail,mal--edge_mesh--star--n10--exfiltration_propagation--r2,malicious,10,2,22.22222222222222,2,2,0,2,0.0,0,0,,False
19,WormShield,mal--edge_mesh--star--n10--exfiltration_propagation--r2,malicious,10,0,0.0,0,1,1,0,100.0,0,0,,True
19,No Defense,mal--edge_mesh--star--n15--recovery_poisoning--r2,malicious,15,1,7.142857142857143,1,1,0,1,0.0,0,0,,False
19,DonkeyRail,mal--edge_mesh--star--n15--recovery_poisoning--r2,malicious,15,0,0.0,0,1,1,0,100.0,0,0,,True
19,WormShield,mal--edge_mesh--star--n15--recovery_poisoning--r2,malicious,15,0,0.0,0,1,1,0,100.0,0,0,,True
19,No Defense,mal--edge_mesh--star--n4--exfiltration_propagation--r4,malicious,4,1,33.333333333333336,1,1,0,1,0.0,0,0,,False
19,DonkeyRail,mal--edge_mesh--star--n4--exfiltration_propagation--r4,malicious,4,1,33.333333333333336,1,1,0,1,0.0,0,0,,False
19,WormShield,mal--edge_mesh--star--n4--exfiltration_propagation--r4,malicious,4,0,0.0,0,1,1,0,100.0,0,0,,True
19,No Defense,mal--edge_mesh--star--n4--guard_suppression--r3,malicious,4,1,33.333333333333336,1,1,0,1,0.0,0,0,,False
19,DonkeyRail,mal--edge_mesh--star--n4--guard_suppression--r3,malicious,4,0,0.0,0,1,1,0,100.0,0,0,,True
19,WormShield,mal--edge_mesh--star--n4--guard_suppression--r3,malicious,4,0,0.0,0,1,1,0,100.0,0,0,,True
19,No Defense,mal--edge_mesh--star--n8--control_plane_worm--r5,malicious,8,1,14.285714285714286,1,1,0,1,0.0,0,0,,False
19,DonkeyRail,mal--edge_mesh--star--n8--control_plane_worm--r5,malicious,8,0,0.0,0,1,1,0,100.0,0,0,,True
19,WormShield,mal--edge_mesh--star--n8--control_plane_worm--r5,malicious,8,0,0.0,0,1,1,0,100.0,0,0,,True
19,No Defense,mal--ran_orchestration--chain--n20--exfiltration_propagation--r1,malicious,20,2,10.526315789473685,2,2,0,2,0.0,0,0,,False
19,DonkeyRail,mal--ran_orchestration--chain--n20--exfiltration_propagation--r1,malicious,20,0,0.0,0,1,1,0,100.0,0,0,,True
19,WormShield,mal--ran_orchestration--chain--n20--exfiltration_propagation--r1,malicious,20,0,0.0,0,1,1,0,100.0,0,0,,True
19,No Defense,mal--ran_orchestration--chain--n20--recovery_poisoning--r1,malicious,20,4,21.05263157894737,4,4,0,4,0.0,0,0,,False
19,DonkeyRail,mal--ran_orchestration--chain--n20--recovery_poisoning--r1,malicious,20,1,5.2631578947368425,1,2,1,1,50.0,0,0,,False
19,WormShield,mal--ran_orchestration--chain--n20--recovery_poisoning--r1,malicious,20,0,0.0,0,1,1,0,100.0,0,0,,True
19,No Defense,mal--ran_orchestration--chain--n20--recovery_poisoning--r2,malicious,20,1,5.2631578947368425,1,1,0,1,0.0,0,0,,False
19,DonkeyRail,mal--ran_orchestration--chain--n20--recovery_poisoning--r2,malicious,20,0,0.0,0,1,1,0,100.0,0,0,,True
19,WormShield,mal--ran_orchestration--chain--n20--recovery_poisoning--r2,malicious,20,0,0.0,0,1,1,0,100.0,0,0,,True
19,No Defense,mal--ran_orchestration--chain--n20--recovery_poisoning--r6,malicious,20,3,15.789473684210526,2,3,0,3,0.0,0,0,,False
19,DonkeyRail,mal--ran_orchestration--chain--n20--recovery_poisoning--r6,malicious,20,0,0.0,0,2,2,0,100.0,0,0,,True
19,WormShield,mal--ran_orchestration--chain--n20--recovery_poisoning--r6,malicious,20,0,0.0,0,2,2,0,100.0,0,0,,True
19,No Defense,mal--ran_orchestration--chain--n20--slice_takeover--r3,malicious,20,1,5.2631578947368425,1,1,0,1,0.0,0,0,,False
19,DonkeyRail,mal--ran_orchestration--chain--n20--slice_takeover--r3,malicious,20,0,0.0,0,1,1,0,100.0,0,0,,True
19,WormShield,mal--ran_orchestration--chain--n20--slice_takeover--r3,malicious,20,0,0.0,0,1,1,0,100.0,0,0,,True
19,No Defense,mal--ran_orchestration--chain--n4--control_plane_worm--r6,malicious,4,1,33.333333333333336,1,1,0,1,0.0,0,0,,False
19,DonkeyRail,mal--ran_orchestration--chain--n4--control_plane_worm--r6,malicious,4,0,0.0,0,1,1,0,100.0,0,0,,True
19,WormShield,mal--ran_orchestration--chain--n4--control_plane_worm--r6,malicious,4,0,0.0,0,1,1,0,100.0,0,0,,True
19,No Defense,mal--ran_orchestration--chain--n4--exfiltration_propagation--r4,malicious,4,1,33.333333333333336,1,1,0,1,0.0,0,0,,False
19,DonkeyRail,mal--ran_orchestration--chain--n4--exfiltration_propagation--r4,malicious,4,1,33.333333333333336,1,1,0,1,0.0,0,0,,False
19,WormShield,mal--ran_orchestration--chain--n4--exfiltration_propagation--r4,malicious,4,0,0.0,0,1,1,0,100.0,0,0,,True
19,No Defense,mal--ran_orchestration--chain--n4--guard_suppression--r3,malicious,4,3,100.0,2,3,0,3,0.0,0,0,,False
19,DonkeyRail,mal--ran_orchestration--chain--n4--guard_suppression--r3,malicious,4,2,66.66666666666667,1,3,1,2,33.333333333333336,0,0,,False
19,WormShield,mal--ran_orchestration--chain--n4--guard_suppression--r3,malicious,4,0,0.0,0,2,2,0,100.0,0,0,,True
19,No Defense,mal--ran_orchestration--chain--n4--slice_takeover--r2,malicious,4,2,66.66666666666667,1,2,0,2,0.0,0,0,,False
19,DonkeyRail,mal--ran_orchestration--chain--n4--slice_takeover--r2,malicious,4,0,0.0,0,2,2,0,100.0,0,0,,True
19,WormShield,mal--ran_orchestration--chain--n4--slice_takeover--r2,malicious,4,0,0.0,0,2,2,0,100.0,0,0,,True
19,No Defense,mal--ran_orchestration--mesh_lite--n15--slice_takeover--r4,malicious,15,1,7.142857142857143,1,1,0,1,0.0,0,0,,False
19,DonkeyRail,mal--ran_orchestration--mesh_lite--n15--slice_takeover--r4,malicious,15,1,7.142857142857143,1,1,0,1,0.0,0,0,,False
19,WormShield,mal--ran_orchestration--mesh_lite--n15--slice_takeover--r4,malicious,15,0,0.0,0,1,1,0,100.0,0,0,,True
19,No Defense,mal--ran_orchestration--mesh_lite--n4--exfiltration_propagation--r4,malicious,4,3,100.0,3,8,0,8,0.0,1,0,0.0,False
19,DonkeyRail,mal--ran_orchestration--mesh_lite--n4--exfiltration_propagation--r4,malicious,4,3,100.0,1,7,4,3,57.142857142857146,1,0,0.0,False
19,WormShield,mal--ran_orchestration--mesh_lite--n4--exfiltration_propagation--r4,malicious,4,0,0.0,0,3,3,0,100.0,0,0,,True
19,No Defense,mal--ran_orchestration--mesh_lite--n4--slice_takeover--r2,malicious,4,3,100.0,1,3,0,3,0.0,2,0,0.0,False
19,DonkeyRail,mal--ran_orchestration--mesh_lite--n4--slice_takeover--r2,malicious,4,0,0.0,0,3,3,0,100.0,0,0,,True
19,WormShield,mal--ran_orchestration--mesh_lite--n4--slice_takeover--r2,malicious,4,0,0.0,0,3,3,0,100.0,0,0,,True
19,No Defense,mal--ran_orchestration--mesh_lite--n8--exfiltration_propagation--r3,malicious,8,2,28.571428571428573,1,2,0,2,0.0,0,0,,False
19,DonkeyRail,mal--ran_orchestration--mesh_lite--n8--exfiltration_propagation--r3,malicious,8,2,28.571428571428573,1,2,0,2,0.0,0,0,,False
19,WormShield,mal--ran_orchestration--mesh_lite--n8--exfiltration_propagation--r3,malicious,8,0,0.0,0,2,2,0,100.0,0,0,,True
19,No Defense,mal--ran_orchestration--random_min_degree--n20--recovery_poisoning--r2,malicious,20,1,5.2631578947368425,1,1,0,1,0.0,0,0,,False
19,DonkeyRail,mal--ran_orchestration--random_min_degree--n20--recovery_poisoning--r2,malicious,20,0,0.0,0,1,1,0,100.0,0,0,,True
19,WormShield,mal--ran_orchestration--random_min_degree--n20--recovery_poisoning--r2,malicious,20,0,0.0,0,1,1,0,100.0,0,0,,True
19,No Defense,mal--ran_orchestration--random_min_degree--n4--slice_takeover--r2,malicious,4,2,66.66666666666667,4,5,0,5,0.0,0,0,,False
19,DonkeyRail,mal--ran_orchestration--random_min_degree--n4--slice_takeover--r2,malicious,4,0,0.0,0,2,2,0,100.0,0,0,,True
19,WormShield,mal--ran_orchestration--random_min_degree--n4--slice_takeover--r2,malicious,4,0,0.0,0,2,2,0,100.0,0,0,,True
19,No Defense,mal--ran_orchestration--random_min_degree--n8--exfiltration_propagation--r3,malicious,8,1,14.285714285714286,1,1,0,1,0.0,0,0,,False
19,DonkeyRail,mal--ran_orchestration--random_min_degree--n8--exfiltration_propagation--r3,malicious,8,1,14.285714285714286,1,1,0,1,0.0,0,0,,False
19,WormShield,mal--ran_orchestration--random_min_degree--n8--exfiltration_propagation--r3,malicious,8,0,0.0,0,1,1,0,100.0,0,0,,True
19,No Defense,mal--ran_orchestration--ring--n20--exfiltration_propagation--r5,malicious,20,1,5.2631578947368425,1,1,0,1,0.0,0,0,,False
19,DonkeyRail,mal--ran_orchestration--ring--n20--exfiltration_propagation--r5,malicious,20,0,0.0,0,1,1,0,100.0,0,0,,True
19,WormShield,mal--ran_orchestration--ring--n20--exfiltration_propagation--r5,malicious,20,0,0.0,0,1,1,0,100.0,0,0,,True
19,No Defense,mal--ran_orchestration--ring--n20--slice_takeover--r3,malicious,20,1,5.2631578947368425,1,1,0,1,0.0,0,0,,False
19,DonkeyRail,mal--ran_orchestration--ring--n20--slice_takeover--r3,malicious,20,0,0.0,0,1,1,0,100.0,0,0,,True
19,WormShield,mal--ran_orchestration--ring--n20--slice_takeover--r3,malicious,20,0,0.0,0,1,1,0,100.0,0,0,,True
19,No Defense,mal--ran_orchestration--star--n15--guard_suppression--r2,malicious,15,1,7.142857142857143,1,1,0,1,0.0,0,0,,False
19,DonkeyRail,mal--ran_orchestration--star--n15--guard_suppression--r2,malicious,15,0,0.0,0,1,1,0,100.0,0,0,,True
19,WormShield,mal--ran_orchestration--star--n15--guard_suppression--r2,malicious,15,0,0.0,0,1,1,0,100.0,0,0,,True
19,No Defense,mal--ran_orchestration--star--n8--exfiltration_propagation--r3,malicious,8,2,28.571428571428573,2,2,0,2,0.0,0,0,,False
19,DonkeyRail,mal--ran_orchestration--star--n8--exfiltration_propagation--r3,malicious,8,0,0.0,0,1,1,0,100.0,0,0,,True
19,WormShield,mal--ran_orchestration--star--n8--exfiltration_propagation--r3,malicious,8,0,0.0,0,1,1,0,100.0,0,0,,True
19,No Defense,mal--slice_management--chain--n10--guard_suppression--r6,malicious,10,1,11.11111111111111,1,1,0,1,0.0,0,0,,False
19,DonkeyRail,mal--slice_management--chain--n10--guard_suppression--r6,malicious,10,0,0.0,0,1,1,0,100.0,0,0,,True
19,WormShield,mal--slice_management--chain--n10--guard_suppression--r6,malicious,10,0,0.0,0,1,1,0,100.0,0,0,,True
19,No Defense,mal--slice_management--chain--n20--recovery_poisoning--r2,malicious,20,1,5.2631578947368425,1,1,0,1,0.0,0,0,,False
19,DonkeyRail,mal--slice_management--chain--n20--recovery_poisoning--r2,malicious,20,1,5.2631578947368425,1,1,0,1,0.0,0,0,,False
19,WormShield,mal--slice_management--chain--n20--recovery_poisoning--r2,malicious,20,0,0.0,0,1,1,0,100.0,0,0,,True
19,No Defense,mal--slice_management--mesh_lite--n10--exfiltration_propagation--r2,malicious,10,1,11.11111111111111,1,1,0,1,0.0,0,0,,False
19,DonkeyRail,mal--slice_management--mesh_lite--n10--exfiltration_propagation--r2,malicious,10,0,0.0,0,1,1,0,100.0,0,0,,True
19,WormShield,mal--slice_management--mesh_lite--n10--exfiltration_propagation--r2,malicious,10,0,0.0,0,1,1,0,100.0,0,0,,True
19,No Defense,mal--slice_management--mesh_lite--n8--slice_takeover--r1,malicious,8,3,42.857142857142854,4,7,0,7,0.0,0,0,,False
19,DonkeyRail,mal--slice_management--mesh_lite--n8--slice_takeover--r1,malicious,8,2,28.571428571428573,2,4,2,2,50.0,0,0,,False
19,WormShield,mal--slice_management--mesh_lite--n8--slice_takeover--r1,malicious,8,0,0.0,0,1,1,0,100.0,0,0,,True
19,No Defense,mal--slice_management--random_min_degree--n10--recovery_poisoning--r3,malicious,10,1,11.11111111111111,1,1,0,1,0.0,3,0,0.0,False
19,DonkeyRail,mal--slice_management--random_min_degree--n10--recovery_poisoning--r3,malicious,10,1,11.11111111111111,1,1,0,1,0.0,3,0,0.0,False
19,WormShield,mal--slice_management--random_min_degree--n10--recovery_poisoning--r3,malicious,10,0,0.0,0,1,1,0,100.0,0,0,,True
19,No Defense,mal--slice_management--random_min_degree--n15--guard_suppression--r2,malicious,15,4,28.571428571428573,2,4,0,4,0.0,0,0,,False
19,DonkeyRail,mal--slice_management--random_min_degree--n15--guard_suppression--r2,malicious,15,0,0.0,0,2,2,0,100.0,0,0,,True
19,WormShield,mal--slice_management--random_min_degree--n15--guard_suppression--r2,malicious,15,0,0.0,0,2,2,0,100.0,0,0,,True
19,No Defense,mal--slice_management--random_min_degree--n4--slice_takeover--r2,malicious,4,3,100.0,2,4,0,4,0.0,0,0,,False
19,DonkeyRail,mal--slice_management--random_min_degree--n4--slice_takeover--r2,malicious,4,2,66.66666666666667,1,4,2,2,50.0,0,0,,False
19,WormShield,mal--slice_management--random_min_degree--n4--slice_takeover--r2,malicious,4,0,0.0,0,2,2,0,100.0,0,0,,True
19,No Defense,mal--slice_management--ring--n15--guard_suppression--r2,malicious,15,2,14.285714285714286,2,2,0,2,0.0,2,0,0.0,False
19,DonkeyRail,mal--slice_management--ring--n15--guard_suppression--r2,malicious,15,0,0.0,0,1,1,0,100.0,0,0,,True
19,WormShield,mal--slice_management--ring--n15--guard_suppression--r2,malicious,15,0,0.0,0,1,1,0,100.0,0,0,,True
19,No Defense,mal--slice_management--ring--n15--slice_takeover--r4,malicious,15,4,28.571428571428573,3,4,0,4,0.0,0,0,,False
19,DonkeyRail,mal--slice_management--ring--n15--slice_takeover--r4,malicious,15,0,0.0,0,2,2,0,100.0,0,0,,True
19,WormShield,mal--slice_management--ring--n15--slice_takeover--r4,malicious,15,0,0.0,0,2,2,0,100.0,0,0,,True
19,No Defense,mal--slice_management--ring--n4--slice_takeover--r2,malicious,4,3,100.0,2,3,0,3,0.0,0,0,,False
19,DonkeyRail,mal--slice_management--ring--n4--slice_takeover--r2,malicious,4,2,66.66666666666667,1,3,1,2,33.333333333333336,0,0,,False
19,WormShield,mal--slice_management--ring--n4--slice_takeover--r2,malicious,4,3,100.0,2,3,0,3,0.0,0,0,,False
19,No Defense,mal--slice_management--star--n10--control_plane_worm--r4,malicious,10,1,11.11111111111111,1,1,0,1,0.0,0,0,,False
19,DonkeyRail,mal--slice_management--star--n10--control_plane_worm--r4,malicious,10,1,11.11111111111111,1,1,0,1,0.0,0,0,,False
19,WormShield,mal--slice_management--star--n10--control_plane_worm--r4,malicious,10,0,0.0,0,1,1,0,100.0,0,0,,True
19,No Defense,mal--slice_management--star--n10--recovery_poisoning--r1,malicious,10,1,11.11111111111111,1,1,0,1,0.0,0,0,,False
19,DonkeyRail,mal--slice_management--star--n10--recovery_poisoning--r1,malicious,10,1,11.11111111111111,1,1,0,1,0.0,0,0,,False
19,WormShield,mal--slice_management--star--n10--recovery_poisoning--r1,malicious,10,1,11.11111111111111,1,1,0,1,0.0,0,0,,False
19,No Defense,mal--slice_management--star--n15--guard_suppression--r2,malicious,15,1,7.142857142857143,1,1,0,1,0.0,0,0,,False
19,DonkeyRail,mal--slice_management--star--n15--guard_suppression--r2,malicious,15,0,0.0,0,1,1,0,100.0,0,0,,True
19,WormShield,mal--slice_management--star--n15--guard_suppression--r2,malicious,15,0,0.0,0,1,1,0,100.0,0,0,,True
19,No Defense,mal--slice_management--star--n15--slice_takeover--r1,malicious,15,1,7.142857142857143,1,1,0,1,0.0,0,0,,False
19,DonkeyRail,mal--slice_management--star--n15--slice_takeover--r1,malicious,15,0,0.0,0,1,1,0,100.0,0,0,,True
19,WormShield,mal--slice_management--star--n15--slice_takeover--r1,malicious,15,0,0.0,0,1,1,0,100.0,0,0,,True
19,No Defense,mal--slice_management--star--n20--exfiltration_propagation--r1,malicious,20,1,5.2631578947368425,1,1,0,1,0.0,0,0,,False
19,DonkeyRail,mal--slice_management--star--n20--exfiltration_propagation--r1,malicious,20,1,5.2631578947368425,1,1,0,1,0.0,0,0,,False
19,WormShield,mal--slice_management--star--n20--exfiltration_propagation--r1,malicious,20,0,0.0,0,1,1,0,100.0,0,0,,True
19,No Defense,mal--slice_management--star--n20--recovery_poisoning--r2,malicious,20,1,5.2631578947368425,1,1,0,1,0.0,0,0,,False
19,DonkeyRail,mal--slice_management--star--n20--recovery_poisoning--r2,malicious,20,0,0.0,0,1,1,0,100.0,0,0,,True
19,WormShield,mal--slice_management--star--n20--recovery_poisoning--r2,malicious,20,0,0.0,0,1,1,0,100.0,0,0,,True
19,No Defense,mal--slice_management--star--n8--guard_suppression--r2,malicious,8,1,14.285714285714286,1,1,0,1,0.0,0,0,,False
19,DonkeyRail,mal--slice_management--star--n8--guard_suppression--r2,malicious,8,0,0.0,0,1,1,0,100.0,0,0,,True
19,WormShield,mal--slice_management--star--n8--guard_suppression--r2,malicious,8,0,0.0,0,1,1,0,100.0,0,0,,True
31,No Defense,benign--assurance_triage--chain--n10--routine_update--r1,benign,10,0,0.0,0,0,0,0,,1,0,0.0,True
31,DonkeyRail,benign--assurance_triage--chain--n10--routine_update--r1,benign,10,0,0.0,0,0,0,0,,1,0,0.0,True
31,WormShield,benign--assurance_triage--chain--n10--routine_update--r1,benign,10,0,0.0,0,0,0,0,,1,0,0.0,True
31,No Defense,benign--assurance_triage--chain--n15--maintenance_notice--r4,benign,15,0,0.0,0,0,0,0,,0,0,,True
31,DonkeyRail,benign--assurance_triage--chain--n15--maintenance_notice--r4,benign,15,0,0.0,0,0,0,0,,0,0,,True
31,WormShield,benign--assurance_triage--chain--n15--maintenance_notice--r4,benign,15,0,0.0,0,0,0,0,,0,0,,True
31,No Defense,benign--assurance_triage--chain--n20--quoted_attack_review--r3,benign,20,0,0.0,0,0,0,0,,3,0,0.0,True
31,DonkeyRail,benign--assurance_triage--chain--n20--quoted_attack_review--r3,benign,20,0,0.0,0,0,0,0,,3,1,33.333333333333336,True
31,WormShield,benign--assurance_triage--chain--n20--quoted_attack_review--r3,benign,20,0,0.0,0,0,0,0,,3,0,0.0,True
31,No Defense,benign--assurance_triage--chain--n4--routine_update--r1,benign,4,0,0.0,0,0,0,0,,1,0,0.0,True
31,DonkeyRail,benign--assurance_triage--chain--n4--routine_update--r1,benign,4,0,0.0,0,0,0,0,,1,0,0.0,True
31,WormShield,benign--assurance_triage--chain--n4--routine_update--r1,benign,4,0,0.0,0,0,0,0,,1,0,0.0,True
31,No Defense,benign--assurance_triage--chain--n8--containment_drill--r2,benign,8,0,0.0,0,0,0,0,,0,0,,True
31,DonkeyRail,benign--assurance_triage--chain--n8--containment_drill--r2,benign,8,0,0.0,0,0,0,0,,0,0,,True
31,WormShield,benign--assurance_triage--chain--n8--containment_drill--r2,benign,8,0,0.0,0,0,0,0,,0,0,,True
31,No Defense,benign--assurance_triage--chain--n8--routine_update--r3,benign,8,0,0.0,0,0,0,0,,0,0,,True
31,DonkeyRail,benign--assurance_triage--chain--n8--routine_update--r3,benign,8,0,0.0,0,0,0,0,,0,0,,True
31,WormShield,benign--assurance_triage--chain--n8--routine_update--r3,benign,8,0,0.0,0,0,0,0,,0,0,,True
31,No Defense,benign--assurance_triage--mesh_lite--n10--maintenance_notice--r4,benign,10,0,0.0,0,0,0,0,,0,0,,True
31,DonkeyRail,benign--assurance_triage--mesh_lite--n10--maintenance_notice--r4,benign,10,0,0.0,0,0,0,0,,0,0,,True
31,WormShield,benign--assurance_triage--mesh_lite--n10--maintenance_notice--r4,benign,10,0,0.0,0,0,0,0,,0,0,,True
31,No Defense,benign--assurance_triage--mesh_lite--n15--containment_drill--r4,benign,15,0,0.0,0,0,0,0,,4,0,0.0,True
31,DonkeyRail,benign--assurance_triage--mesh_lite--n15--containment_drill--r4,benign,15,0,0.0,0,0,0,0,,4,0,0.0,True
31,WormShield,benign--assurance_triage--mesh_lite--n15--containment_drill--r4,benign,15,0,0.0,0,0,0,0,,4,0,0.0,True
31,No Defense,benign--assurance_triage--mesh_lite--n20--routine_update--r3,benign,20,0,0.0,0,0,0,0,,0,0,,True
31,DonkeyRail,benign--assurance_triage--mesh_lite--n20--routine_update--r3,benign,20,0,0.0,0,0,0,0,,0,0,,True
31,WormShield,benign--assurance_triage--mesh_lite--n20--routine_update--r3,benign,20,0,0.0,0,0,0,0,,0,0,,True
31,No Defense,benign--assurance_triage--random_min_degree--n10--quoted_attack_review--r3,benign,10,0,0.0,0,0,0,0,,2,0,0.0,True
31,DonkeyRail,benign--assurance_triage--random_min_degree--n10--quoted_attack_review--r3,benign,10,0,0.0,0,0,0,0,,2,1,50.0,True
31,WormShield,benign--assurance_triage--random_min_degree--n10--quoted_attack_review--r3,benign,10,0,0.0,0,0,0,0,,2,0,0.0,True
31,No Defense,benign--assurance_triage--random_min_degree--n10--routine_update--r1,benign,10,0,0.0,0,0,0,0,,0,0,,True
31,DonkeyRail,benign--assurance_triage--random_min_degree--n10--routine_update--r1,benign,10,0,0.0,0,0,0,0,,0,0,,True
31,WormShield,benign--assurance_triage--random_min_degree--n10--routine_update--r1,benign,10,0,0.0,0,0,0,0,,0,0,,True
31,No Defense,benign--assurance_triage--random_min_degree--n15--containment_drill--r2,benign,15,0,0.0,0,0,0,0,,0,0,,True
31,DonkeyRail,benign--assurance_triage--random_min_degree--n15--containment_drill--r2,benign,15,0,0.0,0,0,0,0,,0,0,,True
31,WormShield,benign--assurance_triage--random_min_degree--n15--containment_drill--r2,benign,15,0,0.0,0,0,0,0,,0,0,,True
31,No Defense,benign--assurance_triage--random_min_degree--n20--maintenance_notice--r2,benign,20,0,0.0,0,0,0,0,,0,0,,True
31,DonkeyRail,benign--assurance_triage--random_min_degree--n20--maintenance_notice--r2,benign,20,0,0.0,0,0,0,0,,0,0,,True
31,WormShield,benign--assurance_triage--random_min_degree--n20--maintenance_notice--r2,benign,20,0,0.0,0,0,0,0,,0,0,,True
31,No Defense,benign--assurance_triage--random_min_degree--n20--routine_update--r1,benign,20,0,0.0,0,0,0,0,,0,0,,True
31,DonkeyRail,benign--assurance_triage--random_min_degree--n20--routine_update--r1,benign,20,0,0.0,0,0,0,0,,0,0,,True
31,WormShield,benign--assurance_triage--random_min_degree--n20--routine_update--r1,benign,20,0,0.0,0,0,0,0,,0,0,,True
31,No Defense,benign--assurance_triage--ring--n10--routine_update--r1,benign,10,0,0.0,0,0,0,0,,0,0,,True
31,DonkeyRail,benign--assurance_triage--ring--n10--routine_update--r1,benign,10,0,0.0,0,0,0,0,,0,0,,True
31,WormShield,benign--assurance_triage--ring--n10--routine_update--r1,benign,10,0,0.0,0,0,0,0,,0,0,,True
31,No Defense,benign--assurance_triage--ring--n15--containment_drill--r2,benign,15,0,0.0,0,0,0,0,,0,0,,True
31,DonkeyRail,benign--assurance_triage--ring--n15--containment_drill--r2,benign,15,0,0.0,0,0,0,0,,0,0,,True
31,WormShield,benign--assurance_triage--ring--n15--containment_drill--r2,benign,15,0,0.0,0,0,0,0,,0,0,,True
31,No Defense,benign--assurance_triage--ring--n8--containment_drill--r2,benign,8,0,0.0,0,0,0,0,,0,0,,True
31,DonkeyRail,benign--assurance_triage--ring--n8--containment_drill--r2,benign,8,0,0.0,0,0,0,0,,0,0,,True
31,WormShield,benign--assurance_triage--ring--n8--containment_drill--r2,benign,8,0,0.0,0,0,0,0,,0,0,,True
31,No Defense,benign--assurance_triage--star--n15--routine_update--r1,benign,15,0,0.0,0,0,0,0,,0,0,,True
31,DonkeyRail,benign--assurance_triage--star--n15--routine_update--r1,benign,15,0,0.0,0,0,0,0,,0,0,,True
31,WormShield,benign--assurance_triage--star--n15--routine_update--r1,benign,15,0,0.0,0,0,0,0,,0,0,,True
31,No Defense,benign--assurance_triage--star--n20--maintenance_notice--r4,benign,20,0,0.0,0,0,0,0,,1,0,0.0,True
31,DonkeyRail,benign--assurance_triage--star--n20--maintenance_notice--r4,benign,20,0,0.0,0,0,0,0,,1,1,100.0,True
31,WormShield,benign--assurance_triage--star--n20--maintenance_notice--r4,benign,20,0,0.0,0,0,0,0,,1,0,0.0,True
31,No Defense,benign--assurance_triage--star--n8--maintenance_notice--r2,benign,8,0,0.0,0,0,0,0,,0,0,,True
31,DonkeyRail,benign--assurance_triage--star--n8--maintenance_notice--r2,benign,8,0,0.0,0,0,0,0,,0,0,,True
31,WormShield,benign--assurance_triage--star--n8--maintenance_notice--r2,benign,8,0,0.0,0,0,0,0,,0,0,,True
31,No Defense,benign--assurance_triage--star--n8--quoted_attack_review--r3,benign,8,0,0.0,0,0,0,0,,0,0,,True
31,DonkeyRail,benign--assurance_triage--star--n8--quoted_attack_review--r3,benign,8,0,0.0,0,0,0,0,,0,0,,True
31,WormShield,benign--assurance_triage--star--n8--quoted_attack_review--r3,benign,8,0,0.0,0,0,0,0,,0,0,,True
31,No Defense,benign--edge_mesh--chain--n10--containment_drill--r2,benign,10,0,0.0,0,0,0,0,,0,0,,True
31,DonkeyRail,benign--edge_mesh--chain--n10--containment_drill--r2,benign,10,0,0.0,0,0,0,0,,0,0,,True
31,WormShield,benign--edge_mesh--chain--n10--containment_drill--r2,benign,10,0,0.0,0,0,0,0,,0,0,,True
31,No Defense,benign--edge_mesh--chain--n10--maintenance_notice--r4,benign,10,0,0.0,0,0,0,0,,1,0,0.0,True
31,DonkeyRail,benign--edge_mesh--chain--n10--maintenance_notice--r4,benign,10,0,0.0,0,0,0,0,,1,1,100.0,True
31,WormShield,benign--edge_mesh--chain--n10--maintenance_notice--r4,benign,10,0,0.0,0,0,0,0,,1,0,0.0,True
31,No Defense,benign--edge_mesh--chain--n15--containment_drill--r4,benign,15,0,0.0,0,0,0,0,,3,0,0.0,True
31,DonkeyRail,benign--edge_mesh--chain--n15--containment_drill--r4,benign,15,0,0.0,0,0,0,0,,3,1,33.333333333333336,True
31,WormShield,benign--edge_mesh--chain--n15--containment_drill--r4,benign,15,0,0.0,0,0,0,0,,3,0,0.0,True
31,No Defense,benign--edge_mesh--chain--n20--quoted_attack_review--r5,benign,20,0,0.0,0,0,0,0,,1,0,0.0,True
31,DonkeyRail,benign--edge_mesh--chain--n20--quoted_attack_review--r5,benign,20,0,0.0,0,0,0,0,,1,0,0.0,True
31,WormShield,benign--edge_mesh--chain--n20--quoted_attack_review--r5,benign,20,0,0.0,0,0,0,0,,1,0,0.0,True
31,No Defense,benign--edge_mesh--chain--n20--routine_update--r3,benign,20,0,0.0,0,0,0,0,,1,0,0.0,True
31,DonkeyRail,benign--edge_mesh--chain--n20--routine_update--r3,benign,20,0,0.0,0,0,0,0,,1,0,0.0,True
31,WormShield,benign--edge_mesh--chain--n20--routine_update--r3,benign,20,0,0.0,0,0,0,0,,1,0,0.0,True
31,No Defense,benign--edge_mesh--chain--n8--containment_drill--r4,benign,8,0,0.0,0,0,0,0,,1,0,0.0,True
31,DonkeyRail,benign--edge_mesh--chain--n8--containment_drill--r4,benign,8,0,0.0,0,0,0,0,,1,0,0.0,True
31,WormShield,benign--edge_mesh--chain--n8--containment_drill--r4,benign,8,0,0.0,0,0,0,0,,1,0,0.0,True
31,No Defense,benign--edge_mesh--chain--n8--quoted_attack_review--r3,benign,8,0,0.0,0,0,0,0,,3,0,0.0,True
31,DonkeyRail,benign--edge_mesh--chain--n8--quoted_attack_review--r3,benign,8,0,0.0,0,0,0,0,,2,2,100.0,True
31,WormShield,benign--edge_mesh--chain--n8--quoted_attack_review--r3,benign,8,0,0.0,0,0,0,0,,3,0,0.0,True
31,No Defense,benign--edge_mesh--chain--n8--routine_update--r5,benign,8,0,0.0,0,0,0,0,,1,0,0.0,True
31,DonkeyRail,benign--edge_mesh--chain--n8--routine_update--r5,benign,8,0,0.0,0,0,0,0,,1,0,0.0,True
31,WormShield,benign--edge_mesh--chain--n8--routine_update--r5,benign,8,0,0.0,0,0,0,0,,1,0,0.0,True
31,No Defense,benign--edge_mesh--mesh_lite--n4--containment_drill--r4,benign,4,0,0.0,0,0,0,0,,0,0,,True
31,DonkeyRail,benign--edge_mesh--mesh_lite--n4--containment_drill--r4,benign,4,0,0.0,0,0,0,0,,0,0,,True
31,WormShield,benign--edge_mesh--mesh_lite--n4--containment_drill--r4,benign,4,0,0.0,0,0,0,0,,0,0,,True
31,No Defense,benign--edge_mesh--random_min_degree--n20--containment_drill--r2,benign,20,0,0.0,0,0,0,0,,1,0,0.0,True
31,DonkeyRail,benign--edge_mesh--random_min_degree--n20--containment_drill--r2,benign,20,0,0.0,0,0,0,0,,1,0,0.0,True
31,WormShield,benign--edge_mesh--random_min_degree--n20--containment_drill--r2,benign,20,0,0.0,0,0,0,0,,1,0,0.0,True
31,No Defense,benign--edge_mesh--random_min_degree--n4--containment_drill--r2,benign,4,0,0.0,0,0,0,0,,0,0,,True
31,DonkeyRail,benign--edge_mesh--random_min_degree--n4--containment_drill--r2,benign,4,0,0.0,0,0,0,0,,0,0,,True
31,WormShield,benign--edge_mesh--random_min_degree--n4--containment_drill--r2,benign,4,0,0.0,0,0,0,0,,0,0,,True
31,No Defense,benign--edge_mesh--random_min_degree--n8--routine_update--r1,benign,8,0,0.0,0,0,0,0,,1,0,0.0,True
31,DonkeyRail,benign--edge_mesh--random_min_degree--n8--routine_update--r1,benign,8,0,0.0,0,0,0,0,,1,1,100.0,True
31,WormShield,benign--edge_mesh--random_min_degree--n8--routine_update--r1,benign,8,0,0.0,0,0,0,0,,1,0,0.0,True
31,No Defense,benign--edge_mesh--ring--n10--containment_drill--r2,benign,10,0,0.0,0,0,0,0,,0,0,,True
31,DonkeyRail,benign--edge_mesh--ring--n10--containment_drill--r2,benign,10,0,0.0,0,0,0,0,,0,0,,True
31,WormShield,benign--edge_mesh--ring--n10--containment_drill--r2,benign,10,0,0.0,0,0,0,0,,0,0,,True
31,No Defense,benign--edge_mesh--ring--n15--maintenance_notice--r2,benign,15,0,0.0,0,0,0,0,,0,0,,True
31,DonkeyRail,benign--edge_mesh--ring--n15--maintenance_notice--r2,benign,15,0,0.0,0,0,0,0,,0,0,,True
31,WormShield,benign--edge_mesh--ring--n15--maintenance_notice--r2,benign,15,0,0.0,0,0,0,0,,0,0,,True
31,No Defense,benign--edge_mesh--ring--n15--routine_update--r1,benign,15,0,0.0,0,0,0,0,,4,0,0.0,True
31,DonkeyRail,benign--edge_mesh--ring--n15--routine_update--r1,benign,15,0,0.0,0,0,0,0,,1,1,100.0,True
31,WormShield,benign--edge_mesh--ring--n15--routine_update--r1,benign,15,0,0.0,0,0,0,0,,4,0,0.0,True
31,No Defense,benign--edge_mesh--ring--n4--maintenance_notice--r4,benign,4,0,0.0,0,0,0,0,,2,0,0.0,True
31,DonkeyRail,benign--edge_mesh--ring--n4--maintenance_notice--r4,benign,4,0,0.0,0,0,0,0,,1,1,100.0,True
31,WormShield,benign--edge_mesh--ring--n4--maintenance_notice--r4,benign,4,0,0.0,0,0,0,0,,2,0,0.0,True
31,No Defense,benign--edge_mesh--star--n10--routine_update--r5,benign,10,0,0.0,0,0,0,0,,1,0,0.0,True
31,DonkeyRail,benign--edge_mesh--star--n10--routine_update--r5,benign,10,0,0.0,0,0,0,0,,1,0,0.0,True
31,WormShield,benign--edge_mesh--star--n10--routine_update--r5,benign,10,0,0.0,0,0,0,0,,1,0,0.0,True
31,No Defense,benign--edge_mesh--star--n15--maintenance_notice--r4,benign,15,0,0.0,0,0,0,0,,1,0,0.0,True
31,DonkeyRail,benign--edge_mesh--star--n15--maintenance_notice--r4,benign,15,0,0.0,0,0,0,0,,1,0,0.0,True
31,WormShield,benign--edge_mesh--star--n15--maintenance_notice--r4,benign,15,0,0.0,0,0,0,0,,1,0,0.0,True
31,No Defense,benign--edge_mesh--star--n15--routine_update--r3,benign,15,0,0.0,0,0,0,0,,1,0,0.0,True
31,DonkeyRail,benign--edge_mesh--star--n15--routine_update--r3,benign,15,0,0.0,0,0,0,0,,1,0,0.0,True
31,WormShield,benign--edge_mesh--star--n15--routine_update--r3,benign,15,0,0.0,0,0,0,0,,1,0,0.0,True
31,No Defense,benign--edge_mesh--star--n8--routine_update--r3,benign,8,0,0.0,0,0,0,0,,1,0,0.0,True
31,DonkeyRail,benign--edge_mesh--star--n8--routine_update--r3,benign,8,0,0.0,0,0,0,0,,1,0,0.0,True
31,WormShield,benign--edge_mesh--star--n8--routine_update--r3,benign,8,0,0.0,0,0,0,0,,1,0,0.0,True
31,No Defense,benign--ran_orchestration--chain--n10--maintenance_notice--r6,benign,10,0,0.0,0,0,0,0,,1,0,0.0,True
31,DonkeyRail,benign--ran_orchestration--chain--n10--maintenance_notice--r6,benign,10,0,0.0,0,0,0,0,,1,1,100.0,True
31,WormShield,benign--ran_orchestration--chain--n10--maintenance_notice--r6,benign,10,0,0.0,0,0,0,0,,1,0,0.0,True
31,No Defense,benign--ran_orchestration--chain--n20--quoted_attack_review--r3,benign,20,0,0.0,0,0,0,0,,2,0,0.0,True
31,DonkeyRail,benign--ran_orchestration--chain--n20--quoted_attack_review--r3,benign,20,0,0.0,0,0,0,0,,2,1,50.0,True
31,WormShield,benign--ran_orchestration--chain--n20--quoted_attack_review--r3,benign,20,0,0.0,0,0,0,0,,2,0,0.0,True
31,No Defense,benign--ran_orchestration--mesh_lite--n4--containment_drill--r2,benign,4,0,0.0,0,0,0,0,,0,0,,True
31,DonkeyRail,benign--ran_orchestration--mesh_lite--n4--containment_drill--r2,benign,4,0,0.0,0,0,0,0,,0,0,,True
31,WormShield,benign--ran_orchestration--mesh_lite--n4--containment_drill--r2,benign,4,0,0.0,0,0,0,0,,0,0,,True
31,No Defense,benign--ran_orchestration--mesh_lite--n4--containment_drill--r6,benign,4,0,0.0,0,0,0,0,,1,0,0.0,True
31,DonkeyRail,benign--ran_orchestration--mesh_lite--n4--containment_drill--r6,benign,4,0,0.0,0,0,0,0,,1,1,100.0,True
31,WormShield,benign--ran_orchestration--mesh_lite--n4--containment_drill--r6,benign,4,0,0.0,0,0,0,0,,1,0,0.0,True
31,No Defense,benign--ran_orchestration--mesh_lite--n8--maintenance_notice--r2,benign,8,0,0.0,0,0,0,0,,0,0,,True
31,DonkeyRail,benign--ran_orchestration--mesh_lite--n8--maintenance_notice--r2,benign,8,0,0.0,0,0,0,0,,0,0,,True
31,WormShield,benign--ran_orchestration--mesh_lite--n8--maintenance_notice--r2,benign,8,0,0.0,0,0,0,0,,0,0,,True
31,No Defense,benign--ran_orchestration--random_min_degree--n10--maintenance_notice--r2,benign,10,0,0.0,0,0,0,0,,3,0,0.0,True
31,DonkeyRail,benign--ran_orchestration--random_min_degree--n10--maintenance_notice--r2,benign,10,0,0.0,0,0,0,0,,3,0,0.0,True
31,WormShield,benign--ran_orchestration--random_min_degree--n10--maintenance_notice--r2,benign,10,0,0.0,0,0,0,0,,3,0,0.0,True
31,No Defense,benign--ran_orchestration--random_min_degree--n10--maintenance_notice--r6,benign,10,0,0.0,0,0,0,0,,3,0,0.0,True
31,DonkeyRail,benign--ran_orchestration--random_min_degree--n10--maintenance_notice--r6,benign,10,0,0.0,0,0,0,0,,1,1,100.0,True
31,WormShield,benign--ran_orchestration--random_min_degree--n10--maintenance_notice--r6,benign,10,0,0.0,0,0,0,0,,3,0,0.0,True
31,No Defense,benign--ran_orchestration--random_min_degree--n15--containment_drill--r2,benign,15,0,0.0,0,0,0,0,,0,0,,True
31,DonkeyRail,benign--ran_orchestration--random_min_degree--n15--containment_drill--r2,benign,15,0,0.0,0,0,0,0,,0,0,,True
31,WormShield,benign--ran_orchestration--random_min_degree--n15--containment_drill--r2,benign,15,0,0.0,0,0,0,0,,0,0,,True
31,No Defense,benign--ran_orchestration--random_min_degree--n15--quoted_attack_review--r5,benign,15,0,0.0,0,0,0,0,,0,0,,True
31,DonkeyRail,benign--ran_orchestration--random_min_degree--n15--quoted_attack_review--r5,benign,15,0,0.0,0,0,0,0,,0,0,,True
31,WormShield,benign--ran_orchestration--random_min_degree--n15--quoted_attack_review--r5,benign,15,0,0.0,0,0,0,0,,0,0,,True
31,No Defense,benign--ran_orchestration--random_min_degree--n4--containment_drill--r4,benign,4,0,0.0,0,0,0,0,,0,0,,True
31,DonkeyRail,benign--ran_orchestration--random_min_degree--n4--containment_drill--r4,benign,4,0,0.0,0,0,0,0,,0,0,,True
31,WormShield,benign--ran_orchestration--random_min_degree--n4--containment_drill--r4,benign,4,0,0.0,0,0,0,0,,0,0,,True
31,No Defense,benign--ran_orchestration--random_min_degree--n8--containment_drill--r6,benign,8,0,0.0,0,0,0,0,,0,0,,True
31,DonkeyRail,benign--ran_orchestration--random_min_degree--n8--containment_drill--r6,benign,8,0,0.0,0,0,0,0,,0,0,,True
31,WormShield,benign--ran_orchestration--random_min_degree--n8--containment_drill--r6,benign,8,0,0.0,0,0,0,0,,0,0,,True
31,No Defense,benign--ran_orchestration--ring--n10--maintenance_notice--r6,benign,10,0,0.0,0,0,0,0,,2,0,0.0,True
31,DonkeyRail,benign--ran_orchestration--ring--n10--maintenance_notice--r6,benign,10,0,0.0,0,0,0,0,,2,1,50.0,True
31,WormShield,benign--ran_orchestration--ring--n10--maintenance_notice--r6,benign,10,0,0.0,0,0,0,0,,2,0,0.0,True
31,No Defense,benign--ran_orchestration--ring--n10--routine_update--r1,benign,10,0,0.0,0,0,0,0,,0,0,,True
31,DonkeyRail,benign--ran_orchestration--ring--n10--routine_update--r1,benign,10,0,0.0,0,0,0,0,,0,0,,True
31,WormShield,benign--ran_orchestration--ring--n10--routine_update--r1,benign,10,0,0.0,0,0,0,0,,0,0,,True
31,No Defense,benign--ran_orchestration--ring--n15--containment_drill--r2,benign,15,0,0.0,0,0,0,0,,0,0,,True
31,DonkeyRail,benign--ran_orchestration--ring--n15--containment_drill--r2,benign,15,0,0.0,0,0,0,0,,0,0,,True
31,WormShield,benign--ran_orchestration--ring--n15--containment_drill--r2,benign,15,0,0.0,0,0,0,0,,0,0,,True
31,No Defense,benign--ran_orchestration--ring--n15--routine_update--r3,benign,15,0,0.0,0,0,0,0,,1,0,0.0,True
31,DonkeyRail,benign--ran_orchestration--ring--n15--routine_update--r3,benign,15,0,0.0,0,0,0,0,,1,1,100.0,True
31,WormShield,benign--ran_orchestration--ring--n15--routine_update--r3,benign,15,0,0.0,0,0,0,0,,1,0,0.0,True
31,No Defense,benign--ran_orchestration--ring--n20--maintenance_notice--r2,benign,20,0,0.0,0,0,0,0,,2,0,0.0,True
31,DonkeyRail,benign--ran_orchestration--ring--n20--maintenance_notice--r2,benign,20,0,0.0,0,0,0,0,,1,1,100.0,True
31,WormShield,benign--ran_orchestration--ring--n20--maintenance_notice--r2,benign,20,0,0.0,0,0,0,0,,2,0,0.0,True
31,No Defense,benign--ran_orchestration--ring--n20--maintenance_notice--r6,benign,20,0,0.0,0,0,0,0,,0,0,,True
31,DonkeyRail,benign--ran_orchestration--ring--n20--maintenance_notice--r6,benign,20,0,0.0,0,0,0,0,,0,0,,True
31,WormShield,benign--ran_orchestration--ring--n20--maintenance_notice--r6,benign,20,0,0.0,0,0,0,0,,0,0,,True
31,No Defense,benign--ran_orchestration--ring--n20--routine_update--r1,benign,20,0,0.0,0,0,0,0,,1,0,0.0,True
31,DonkeyRail,benign--ran_orchestration--ring--n20--routine_update--r1,benign,20,0,0.0,0,0,0,0,,1,0,0.0,True
31,WormShield,benign--ran_orchestration--ring--n20--routine_update--r1,benign,20,0,0.0,0,0,0,0,,1,0,0.0,True
31,No Defense,benign--ran_orchestration--ring--n20--routine_update--r5,benign,20,0,0.0,0,0,0,0,,0,0,,True
31,DonkeyRail,benign--ran_orchestration--ring--n20--routine_update--r5,benign,20,0,0.0,0,0,0,0,,0,0,,True
31,WormShield,benign--ran_orchestration--ring--n20--routine_update--r5,benign,20,0,0.0,0,0,0,0,,0,0,,True
31,No Defense,benign--ran_orchestration--ring--n8--containment_drill--r6,benign,8,0,0.0,0,0,0,0,,4,0,0.0,True
31,DonkeyRail,benign--ran_orchestration--ring--n8--containment_drill--r6,benign,8,0,0.0,0,0,0,0,,4,1,25.0,True
31,WormShield,benign--ran_orchestration--ring--n8--containment_drill--r6,benign,8,0,0.0,0,0,0,0,,4,0,0.0,True
31,No Defense,benign--ran_orchestration--star--n10--routine_update--r3,benign,10,0,0.0,0,0,0,0,,1,0,0.0,True
31,DonkeyRail,benign--ran_orchestration--star--n10--routine_update--r3,benign,10,0,0.0,0,0,0,0,,1,1,100.0,True
31,WormShield,benign--ran_orchestration--star--n10--routine_update--r3,benign,10,0,0.0,0,0,0,0,,1,0,0.0,True
31,No Defense,benign--ran_orchestration--star--n15--maintenance_notice--r2,benign,15,0,0.0,0,0,0,0,,0,0,,True
31,DonkeyRail,benign--ran_orchestration--star--n15--maintenance_notice--r2,benign,15,0,0.0,0,0,0,0,,0,0,,True
31,WormShield,benign--ran_orchestration--star--n15--maintenance_notice--r2,benign,15,0,0.0,0,0,0,0,,0,0,,True
31,No Defense,benign--ran_orchestration--star--n20--containment_drill--r2,benign,20,0,0.0,0,0,0,0,,0,0,,True
31,DonkeyRail,benign--ran_orchestration--star--n20--containment_drill--r2,benign,20,0,0.0,0,0,0,0,,0,0,,True
31,WormShield,benign--ran_orchestration--star--n20--containment_drill--r2,benign,20,0,0.0,0,0,0,0,,0,0,,True
31,No Defense,benign--ran_orchestration--star--n8--containment_drill--r4,benign,8,0,0.0,0,0,0,0,,2,0,0.0,True
31,DonkeyRail,benign--ran_orchestration--star--n8--containment_drill--r4,benign,8,0,0.0,0,0,0,0,,1,1,100.0,True
31,WormShield,benign--ran_orchestration--star--n8--containment_drill--r4,benign,8,0,0.0,0,0,0,0,,2,0,0.0,True
31,No Defense,benign--slice_management--chain--n15--routine_update--r5,benign,15,0,0.0,0,0,0,0,,4,0,0.0,True
31,DonkeyRail,benign--slice_management--chain--n15--routine_update--r5,benign,15,0,0.0,0,0,0,0,,2,1,50.0,True
31,WormShield,benign--slice_management--chain--n15--routine_update--r5,benign,15,0,0.0,0,0,0,0,,4,0,0.0,True
31,No Defense,benign--slice_management--chain--n20--containment_drill--r2,benign,20,0,0.0,0,0,0,0,,0,0,,True
31,DonkeyRail,benign--slice_management--chain--n20--containment_drill--r2,benign,20,0,0.0,0,0,0,0,,0,0,,True
31,WormShield,benign--slice_management--chain--n20--containment_drill--r2,benign,20,0,0.0,0,0,0,0,,0,0,,True
31,No Defense,benign--slice_management--chain--n20--maintenance_notice--r4,benign,20,0,0.0,0,0,0,0,,1,0,0.0,True
31,DonkeyRail,benign--slice_management--chain--n20--maintenance_notice--r4,benign,20,0,0.0,0,0,0,0,,1,0,0.0,True
31,WormShield,benign--slice_management--chain--n20--maintenance_notice--r4,benign,20,0,0.0,0,0,0,0,,1,0,0.0,True
31,No Defense,benign--slice_management--chain--n4--containment_drill--r2,benign,4,0,0.0,0,0,0,0,,3,0,0.0,True
31,DonkeyRail,benign--slice_management--chain--n4--containment_drill--r2,benign,4,0,0.0,0,0,0,0,,2,2,100.0,True
31,WormShield,benign--slice_management--chain--n4--containment_drill--r2,benign,4,0,0.0,0,0,0,0,,3,0,0.0,True
31,No Defense,benign--slice_management--chain--n4--routine_update--r3,benign,4,0,0.0,0,0,0,0,,0,0,,True
31,DonkeyRail,benign--slice_management--chain--n4--routine_update--r3,benign,4,0,0.0,0,0,0,0,,0,0,,True
31,WormShield,benign--slice_management--chain--n4--routine_update--r3,benign,4,0,0.0,0,0,0,0,,0,0,,True
31,No Defense,benign--slice_management--chain--n8--routine_update--r1,benign,8,0,0.0,0,0,0,0,,0,0,,True
31,DonkeyRail,benign--slice_management--chain--n8--routine_update--r1,benign,8,0,0.0,0,0,0,0,,0,0,,True
31,WormShield,benign--slice_management--chain--n8--routine_update--r1,benign,8,0,0.0,0,0,0,0,,0,0,,True
31,No Defense,benign--slice_management--mesh_lite--n15--containment_drill--r6,benign,15,0,0.0,0,0,0,0,,0,0,,True
31,DonkeyRail,benign--slice_management--mesh_lite--n15--containment_drill--r6,benign,15,0,0.0,0,0,0,0,,0,0,,True
31,WormShield,benign--slice_management--mesh_lite--n15--containment_drill--r6,benign,15,0,0.0,0,0,0,0,,0,0,,True
31,No Defense,benign--slice_management--mesh_lite--n15--quoted_attack_review--r5,benign,15,0,0.0,0,0,0,0,,0,0,,True
31,DonkeyRail,benign--slice_management--mesh_lite--n15--quoted_attack_review--r5,benign,15,0,0.0,0,0,0,0,,0,0,,True
31,WormShield,benign--slice_management--mesh_lite--n15--quoted_attack_review--r5,benign,15,0,0.0,0,0,0,0,,0,0,,True
31,No Defense,benign--slice_management--mesh_lite--n4--maintenance_notice--r2,benign,4,0,0.0,0,0,0,0,,3,0,0.0,True
31,DonkeyRail,benign--slice_management--mesh_lite--n4--maintenance_notice--r2,benign,4,0,0.0,0,0,0,0,,2,2,100.0,True
31,WormShield,benign--slice_management--mesh_lite--n4--maintenance_notice--r2,benign,4,0,0.0,0,0,0,0,,3,0,0.0,True
31,No Defense,benign--slice_management--mesh_lite--n4--maintenance_notice--r6,benign,4,0,0.0,0,0,0,0,,0,0,,True
31,DonkeyRail,benign--slice_management--mesh_lite--n4--maintenance_notice--r6,benign,4,0,0.0,0,0,0,0,,0,0,,True
31,WormShield,benign--slice_management--mesh_lite--n4--maintenance_notice--r6,benign,4,0,0.0,0,0,0,0,,0,0,,True
31,No Defense,benign--slice_management--random_min_degree--n10--containment_drill--r2,benign,10,0,0.0,0,0,0,0,,0,0,,True
31,DonkeyRail,benign--slice_management--random_min_degree--n10--containment_drill--r2,benign,10,0,0.0,0,0,0,0,,0,0,,True
31,WormShield,benign--slice_management--random_min_degree--n10--containment_drill--r2,benign,10,0,0.0,0,0,0,0,,0,0,,True
31,No Defense,benign--slice_management--random_min_degree--n10--routine_update--r3,benign,10,0,0.0,0,0,0,0,,0,0,,True
31,DonkeyRail,benign--slice_management--random_min_degree--n10--routine_update--r3,benign,10,0,0.0,0,0,0,0,,0,0,,True
31,WormShield,benign--slice_management--random_min_degree--n10--routine_update--r3,benign,10,0,0.0,0,0,0,0,,0,0,,True
31,No Defense,benign--slice_management--random_min_degree--n20--containment_drill--r2,benign,20,0,0.0,0,0,0,0,,0,0,,True
31,DonkeyRail,benign--slice_management--random_min_degree--n20--containment_drill--r2,benign,20,0,0.0,0,0,0,0,,0,0,,True
31,WormShield,benign--slice_management--random_min_degree--n20--containment_drill--r2,benign,20,0,0.0,0,0,0,0,,0,0,,True
31,No Defense,benign--slice_management--random_min_degree--n8--maintenance_notice--r2,benign,8,0,0.0,0,0,0,0,,0,0,,True
31,DonkeyRail,benign--slice_management--random_min_degree--n8--maintenance_notice--r2,benign,8,0,0.0,0,0,0,0,,0,0,,True
31,WormShield,benign--slice_management--random_min_degree--n8--maintenance_notice--r2,benign,8,0,0.0,0,0,0,0,,0,0,,True
31,No Defense,benign--slice_management--random_min_degree--n8--quoted_attack_review--r3,benign,8,0,0.0,0,0,0,0,,0,0,,True
31,DonkeyRail,benign--slice_management--random_min_degree--n8--quoted_attack_review--r3,benign,8,0,0.0,0,0,0,0,,0,0,,True
31,WormShield,benign--slice_management--random_min_degree--n8--quoted_attack_review--r3,benign,8,0,0.0,0,0,0,0,,0,0,,True
31,No Defense,benign--slice_management--ring--n10--containment_drill--r2,benign,10,0,0.0,0,0,0,0,,0,0,,True
31,DonkeyRail,benign--slice_management--ring--n10--containment_drill--r2,benign,10,0,0.0,0,0,0,0,,0,0,,True
31,WormShield,benign--slice_management--ring--n10--containment_drill--r2,benign,10,0,0.0,0,0,0,0,,0,0,,True
31,No Defense,benign--slice_management--ring--n15--containment_drill--r4,benign,15,0,0.0,0,0,0,0,,0,0,,True
31,DonkeyRail,benign--slice_management--ring--n15--containment_drill--r4,benign,15,0,0.0,0,0,0,0,,0,0,,True
31,WormShield,benign--slice_management--ring--n15--containment_drill--r4,benign,15,0,0.0,0,0,0,0,,0,0,,True
31,No Defense,benign--slice_management--ring--n20--containment_drill--r2,benign,20,0,0.0,0,0,0,0,,0,0,,True
31,DonkeyRail,benign--slice_management--ring--n20--containment_drill--r2,benign,20,0,0.0,0,0,0,0,,0,0,,True
31,WormShield,benign--slice_management--ring--n20--containment_drill--r2,benign,20,0,0.0,0,0,0,0,,0,0,,True
31,No Defense,benign--slice_management--ring--n4--containment_drill--r2,benign,4,0,0.0,0,0,0,0,,0,0,,True
31,DonkeyRail,benign--slice_management--ring--n4--containment_drill--r2,benign,4,0,0.0,0,0,0,0,,0,0,,True
31,WormShield,benign--slice_management--ring--n4--containment_drill--r2,benign,4,0,0.0,0,0,0,0,,0,0,,True
31,No Defense,benign--slice_management--ring--n4--containment_drill--r6,benign,4,0,0.0,0,0,0,0,,0,0,,True
31,DonkeyRail,benign--slice_management--ring--n4--containment_drill--r6,benign,4,0,0.0,0,0,0,0,,0,0,,True
31,WormShield,benign--slice_management--ring--n4--containment_drill--r6,benign,4,0,0.0,0,0,0,0,,0,0,,True
31,No Defense,benign--slice_management--ring--n8--maintenance_notice--r2,benign,8,0,0.0,0,0,0,0,,0,0,,True
31,DonkeyRail,benign--slice_management--ring--n8--maintenance_notice--r2,benign,8,0,0.0,0,0,0,0,,0,0,,True
31,WormShield,benign--slice_management--ring--n8--maintenance_notice--r2,benign,8,0,0.0,0,0,0,0,,0,0,,True
31,No Defense,benign--slice_management--ring--n8--maintenance_notice--r6,benign,8,0,0.0,0,0,0,0,,0,0,,True
31,DonkeyRail,benign--slice_management--ring--n8--maintenance_notice--r6,benign,8,0,0.0,0,0,0,0,,0,0,,True
31,WormShield,benign--slice_management--ring--n8--maintenance_notice--r6,benign,8,0,0.0,0,0,0,0,,0,0,,True
31,No Defense,benign--slice_management--ring--n8--routine_update--r1,benign,8,0,0.0,0,0,0,0,,1,0,0.0,True
31,DonkeyRail,benign--slice_management--ring--n8--routine_update--r1,benign,8,0,0.0,0,0,0,0,,1,0,0.0,True
31,WormShield,benign--slice_management--ring--n8--routine_update--r1,benign,8,0,0.0,0,0,0,0,,1,0,0.0,True
31,No Defense,benign--slice_management--star--n10--maintenance_notice--r6,benign,10,0,0.0,0,0,0,0,,1,0,0.0,True
31,DonkeyRail,benign--slice_management--star--n10--maintenance_notice--r6,benign,10,0,0.0,0,0,0,0,,1,0,0.0,True
31,WormShield,benign--slice_management--star--n10--maintenance_notice--r6,benign,10,0,0.0,0,0,0,0,,1,0,0.0,True
31,No Defense,benign--slice_management--star--n10--quoted_attack_review--r3,benign,10,0,0.0,0,0,0,0,,1,0,0.0,True
31,DonkeyRail,benign--slice_management--star--n10--quoted_attack_review--r3,benign,10,0,0.0,0,0,0,0,,1,0,0.0,True
31,WormShield,benign--slice_management--star--n10--quoted_attack_review--r3,benign,10,0,0.0,0,0,0,0,,1,0,0.0,True
31,No Defense,benign--slice_management--star--n20--maintenance_notice--r2,benign,20,0,0.0,0,0,0,0,,0,0,,True
31,DonkeyRail,benign--slice_management--star--n20--maintenance_notice--r2,benign,20,0,0.0,0,0,0,0,,0,0,,True
31,WormShield,benign--slice_management--star--n20--maintenance_notice--r2,benign,20,0,0.0,0,0,0,0,,0,0,,True
31,No Defense,benign--slice_management--star--n4--routine_update--r5,benign,4,0,0.0,0,0,0,0,,1,0,0.0,True
31,DonkeyRail,benign--slice_management--star--n4--routine_update--r5,benign,4,0,0.0,0,0,0,0,,1,0,0.0,True
31,WormShield,benign--slice_management--star--n4--routine_update--r5,benign,4,0,0.0,0,0,0,0,,1,0,0.0,True
31,No Defense,benign--slice_management--star--n8--maintenance_notice--r4,benign,8,0,0.0,0,0,0,0,,1,0,0.0,True
31,DonkeyRail,benign--slice_management--star--n8--maintenance_notice--r4,benign,8,0,0.0,0,0,0,0,,1,1,100.0,True
31,WormShield,benign--slice_management--star--n8--maintenance_notice--r4,benign,8,0,0.0,0,0,0,0,,1,0,0.0,True
31,No Defense,mal--assurance_triage--chain--n15--exfiltration_propagation--r1,malicious,15,2,14.285714285714286,2,2,0,2,0.0,1,0,0.0,False
31,DonkeyRail,mal--assurance_triage--chain--n15--exfiltration_propagation--r1,malicious,15,0,0.0,0,1,1,0,100.0,0,0,,True
31,WormShield,mal--assurance_triage--chain--n15--exfiltration_propagation--r1,malicious,15,0,0.0,0,1,1,0,100.0,0,0,,True
31,No Defense,mal--assurance_triage--random_min_degree--n10--control_plane_worm--r4,malicious,10,4,44.44444444444444,3,4,0,4,0.0,1,0,0.0,False
31,DonkeyRail,mal--assurance_triage--random_min_degree--n10--control_plane_worm--r4,malicious,10,2,22.22222222222222,1,3,1,2,33.333333333333336,1,0,0.0,False
31,WormShield,mal--assurance_triage--random_min_degree--n10--control_plane_worm--r4,malicious,10,0,0.0,0,2,2,0,100.0,0,0,,True
31,No Defense,mal--assurance_triage--random_min_degree--n15--guard_suppression--r5,malicious,15,2,14.285714285714286,1,2,0,2,0.0,0,0,,False
31,DonkeyRail,mal--assurance_triage--random_min_degree--n15--guard_suppression--r5,malicious,15,0,0.0,0,2,2,0,100.0,0,0,,True
31,WormShield,mal--assurance_triage--random_min_degree--n15--guard_suppression--r5,malicious,15,0,0.0,0,2,2,0,100.0,0,0,,True
31,No Defense,mal--assurance_triage--random_min_degree--n20--recovery_poisoning--r6,malicious,20,2,10.526315789473685,2,2,0,2,0.0,0,0,,False
31,DonkeyRail,mal--assurance_triage--random_min_degree--n20--recovery_poisoning--r6,malicious,20,0,0.0,0,1,1,0,100.0,0,0,,True
31,WormShield,mal--assurance_triage--random_min_degree--n20--recovery_poisoning--r6,malicious,20,0,0.0,0,1,1,0,100.0,0,0,,True
31,No Defense,mal--assurance_triage--random_min_degree--n4--guard_suppression--r3,malicious,4,2,66.66666666666667,1,2,0,2,0.0,1,0,0.0,False
31,DonkeyRail,mal--assurance_triage--random_min_degree--n4--guard_suppression--r3,malicious,4,2,66.66666666666667,1,2,0,2,0.0,1,0,0.0,False
31,WormShield,mal--assurance_triage--random_min_degree--n4--guard_suppression--r3,malicious,4,0,0.0,0,2,2,0,100.0,0,0,,True
31,No Defense,mal--assurance_triage--ring--n15--guard_suppression--r5,malicious,15,1,7.142857142857143,1,1,0,1,0.0,3,0,0.0,False
31,DonkeyRail,mal--assurance_triage--ring--n15--guard_suppression--r5,malicious,15,0,0.0,0,1,1,0,100.0,0,0,,True
31,WormShield,mal--assurance_triage--ring--n15--guard_suppression--r5,malicious,15,0,0.0,0,1,1,0,100.0,0,0,,True
31,No Defense,mal--assurance_triage--ring--n15--recovery_poisoning--r2,malicious,15,2,14.285714285714286,2,2,0,2,0.0,0,0,,False
31,DonkeyRail,mal--assurance_triage--ring--n15--recovery_poisoning--r2,malicious,15,1,7.142857142857143,1,2,1,1,50.0,0,0,,False
31,WormShield,mal--assurance_triage--ring--n15--recovery_poisoning--r2,malicious,15,0,0.0,0,1,1,0,100.0,0,0,,True
31,No Defense,mal--assurance_triage--ring--n8--control_plane_worm--r5,malicious,8,2,28.571428571428573,1,2,0,2,0.0,0,0,,False
31,DonkeyRail,mal--assurance_triage--ring--n8--control_plane_worm--r5,malicious,8,0,0.0,0,2,2,0,100.0,0,0,,True
31,WormShield,mal--assurance_triage--ring--n8--control_plane_worm--r5,malicious,8,0,0.0,0,2,2,0,100.0,0,0,,True
31,No Defense,mal--assurance_triage--star--n15--control_plane_worm--r3,malicious,15,1,7.142857142857143,1,1,0,1,0.0,0,0,,False
31,DonkeyRail,mal--assurance_triage--star--n15--control_plane_worm--r3,malicious,15,1,7.142857142857143,1,1,0,1,0.0,0,0,,False
31,WormShield,mal--assurance_triage--star--n15--control_plane_worm--r3,malicious,15,0,0.0,0,1,1,0,100.0,0,0,,True
31,No Defense,mal--assurance_triage--star--n15--guard_suppression--r5,malicious,15,1,7.142857142857143,1,1,0,1,0.0,0,0,,False
31,DonkeyRail,mal--assurance_triage--star--n15--guard_suppression--r5,malicious,15,0,0.0,0,1,1,0,100.0,0,0,,True
31,WormShield,mal--assurance_triage--star--n15--guard_suppression--r5,malicious,15,0,0.0,0,1,1,0,100.0,0,0,,True
31,No Defense,mal--assurance_triage--star--n15--recovery_poisoning--r2,malicious,15,1,7.142857142857143,1,1,0,1,0.0,3,0,0.0,False
31,DonkeyRail,mal--assurance_triage--star--n15--recovery_poisoning--r2,malicious,15,0,0.0,0,1,1,0,100.0,0,0,,True
31,WormShield,mal--assurance_triage--star--n15--recovery_poisoning--r2,malicious,15,1,7.142857142857143,1,1,0,1,0.0,3,3,100.0,False
31,No Defense,mal--assurance_triage--star--n15--slice_takeover--r4,malicious,15,1,7.142857142857143,1,1,0,1,0.0,0,0,,False
31,DonkeyRail,mal--assurance_triage--star--n15--slice_takeover--r4,malicious,15,0,0.0,0,1,1,0,100.0,0,0,,True
31,WormShield,mal--assurance_triage--star--n15--slice_takeover--r4,malicious,15,0,0.0,0,1,1,0,100.0,0,0,,True
31,No Defense,mal--assurance_triage--star--n20--slice_takeover--r3,malicious,20,1,5.2631578947368425,1,1,0,1,0.0,0,0,,False
31,DonkeyRail,mal--assurance_triage--star--n20--slice_takeover--r3,malicious,20,0,0.0,0,1,1,0,100.0,0,0,,True
31,WormShield,mal--assurance_triage--star--n20--slice_takeover--r3,malicious,20,0,0.0,0,1,1,0,100.0,0,0,,True
31,No Defense,mal--assurance_triage--star--n4--recovery_poisoning--r5,malicious,4,2,66.66666666666667,1,2,0,2,0.0,0,0,,False
31,DonkeyRail,mal--assurance_triage--star--n4--recovery_poisoning--r5,malicious,4,2,66.66666666666667,1,2,0,2,0.0,0,0,,False
31,WormShield,mal--assurance_triage--star--n4--recovery_poisoning--r5,malicious,4,0,0.0,0,2,2,0,100.0,0,0,,True
31,No Defense,mal--edge_mesh--chain--n10--recovery_poisoning--r1,malicious,10,1,11.11111111111111,1,1,0,1,0.0,2,0,0.0,False
31,DonkeyRail,mal--edge_mesh--chain--n10--recovery_poisoning--r1,malicious,10,0,0.0,0,1,1,0,100.0,0,0,,True
31,WormShield,mal--edge_mesh--chain--n10--recovery_poisoning--r1,malicious,10,0,0.0,0,1,1,0,100.0,0,0,,True
31,No Defense,mal--edge_mesh--chain--n20--slice_takeover--r3,malicious,20,2,10.526315789473685,2,2,0,2,0.0,0,0,,False
31,DonkeyRail,mal--edge_mesh--chain--n20--slice_takeover--r3,malicious,20,0,0.0,0,1,1,0,100.0,0,0,,True
31,WormShield,mal--edge_mesh--chain--n20--slice_takeover--r3,malicious,20,0,0.0,0,1,1,0,100.0,0,0,,True
31,No Defense,mal--edge_mesh--chain--n4--slice_takeover--r2,malicious,4,2,66.66666666666667,2,2,0,2,0.0,0,0,,False
31,DonkeyRail,mal--edge_mesh--chain--n4--slice_takeover--r2,malicious,4,0,0.0,0,1,1,0,100.0,0,0,,True
31,WormShield,mal--edge_mesh--chain--n4--slice_takeover--r2,malicious,4,0,0.0,0,1,1,0,100.0,0,0,,True
31,No Defense,mal--edge_mesh--chain--n8--exfiltration_propagation--r2,malicious,8,1,14.285714285714286,1,1,0,1,0.0,0,0,,False
31,DonkeyRail,mal--edge_mesh--chain--n8--exfiltration_propagation--r2,malicious,8,0,0.0,0,1,1,0,100.0,0,0,,True
31,WormShield,mal--edge_mesh--chain--n8--exfiltration_propagation--r2,malicious,8,0,0.0,0,1,1,0,100.0,0,0,,True
31,No Defense,mal--edge_mesh--random_min_degree--n10--control_plane_worm--r2,malicious,10,3,33.333333333333336,2,3,0,3,0.0,1,0,0.0,False
31,DonkeyRail,mal--edge_mesh--random_min_degree--n10--control_plane_worm--r2,malicious,10,0,0.0,0,2,2,0,100.0,0,0,,True
31,WormShield,mal--edge_mesh--random_min_degree--n10--control_plane_worm--r2,malicious,10,0,0.0,0,2,2,0,100.0,0,0,,True
31,No Defense,mal--edge_mesh--random_min_degree--n8--exfiltration_propagation--r2,malicious,8,3,42.857142857142854,3,2,0,2,0.0,3,0,0.0,False
31,DonkeyRail,mal--edge_mesh--random_min_degree--n8--exfiltration_propagation--r2,malicious,8,0,0.0,0,2,2,0,100.0,0,0,,True
31,WormShield,mal--edge_mesh--random_min_degree--n8--exfiltration_propagation--r2,malicious,8,0,0.0,0,2,2,0,100.0,0,0,,True
31,No Defense,mal--edge_mesh--ring--n10--exfiltration_propagation--r2,malicious,10,1,11.11111111111111,1,1,0,1,0.0,0,0,,False
31,DonkeyRail,mal--edge_mesh--ring--n10--exfiltration_propagation--r2,malicious,10,1,11.11111111111111,1,1,0,1,0.0,0,0,,False
31,WormShield,mal--edge_mesh--ring--n10--exfiltration_propagation--r2,malicious,10,0,0.0,0,1,1,0,100.0,0,0,,True
31,No Defense,mal--edge_mesh--ring--n8--guard_suppression--r2,malicious,8,1,14.285714285714286,1,1,0,1,0.0,0,0,,False
31,DonkeyRail,mal--edge_mesh--ring--n8--guard_suppression--r2,malicious,8,0,0.0,0,1,1,0,100.0,0,0,,True
31,WormShield,mal--edge_mesh--ring--n8--guard_suppression--r2,malicious,8,0,0.0,0,1,1,0,100.0,0,0,,True
31,No Defense,mal--edge_mesh--star--n15--recovery_poisoning--r2,malicious,15,1,7.142857142857143,1,1,0,1,0.0,0,0,,False
31,DonkeyRail,mal--edge_mesh--star--n15--recovery_poisoning--r2,malicious,15,0,0.0,0,1,1,0,100.0,0,0,,True
31,WormShield,mal--edge_mesh--star--n15--recovery_poisoning--r2,malicious,15,0,0.0,0,1,1,0,100.0,0,0,,True
31,No Defense,mal--edge_mesh--star--n20--recovery_poisoning--r2,malicious,20,1,5.2631578947368425,1,1,0,1,0.0,1,0,0.0,False
31,DonkeyRail,mal--edge_mesh--star--n20--recovery_poisoning--r2,malicious,20,0,0.0,0,1,1,0,100.0,0,0,,True
31,WormShield,mal--edge_mesh--star--n20--recovery_poisoning--r2,malicious,20,0,0.0,0,1,1,0,100.0,0,0,,True
31,No Defense,mal--edge_mesh--star--n4--control_plane_worm--r6,malicious,4,0,0.0,0,0,0,0,,0,0,,True
31,DonkeyRail,mal--edge_mesh--star--n4--control_plane_worm--r6,malicious,4,0,0.0,0,0,0,0,,0,0,,True
31,WormShield,mal--edge_mesh--star--n4--control_plane_worm--r6,malicious,4,0,0.0,0,0,0,0,,0,0,,True
31,No Defense,mal--edge_mesh--star--n8--control_plane_worm--r5,malicious,8,1,14.285714285714286,1,1,0,1,0.0,0,0,,False
31,DonkeyRail,mal--edge_mesh--star--n8--control_plane_worm--r5,malicious,8,0,0.0,0,1,1,0,100.0,0,0,,True
31,WormShield,mal--edge_mesh--star--n8--control_plane_worm--r5,malicious,8,0,0.0,0,1,1,0,100.0,0,0,,True
31,No Defense,mal--edge_mesh--star--n8--slice_takeover--r6,malicious,8,1,14.285714285714286,1,1,0,1,0.0,0,0,,False
31,DonkeyRail,mal--edge_mesh--star--n8--slice_takeover--r6,malicious,8,0,0.0,0,1,1,0,100.0,0,0,,True
31,WormShield,mal--edge_mesh--star--n8--slice_takeover--r6,malicious,8,0,0.0,0,1,1,0,100.0,0,0,,True
31,No Defense,mal--ran_orchestration--chain--n10--recovery_poisoning--r1,malicious,10,2,22.22222222222222,2,2,0,2,0.0,0,0,,False
31,DonkeyRail,mal--ran_orchestration--chain--n10--recovery_poisoning--r1,malicious,10,0,0.0,0,1,1,0,100.0,0,0,,True
31,WormShield,mal--ran_orchestration--chain--n10--recovery_poisoning--r1,malicious,10,0,0.0,0,1,1,0,100.0,0,0,,True
31,No Defense,mal--ran_orchestration--chain--n15--recovery_poisoning--r2,malicious,15,3,21.428571428571427,2,3,0,3,0.0,0,0,,False
31,DonkeyRail,mal--ran_orchestration--chain--n15--recovery_poisoning--r2,malicious,15,0,0.0,0,2,2,0,100.0,0,0,,True
31,WormShield,mal--ran_orchestration--chain--n15--recovery_poisoning--r2,malicious,15,0,0.0,0,2,2,0,100.0,0,0,,True
31,No Defense,mal--ran_orchestration--chain--n20--control_plane_worm--r2,malicious,20,2,10.526315789473685,2,2,0,2,0.0,2,0,0.0,False
31,DonkeyRail,mal--ran_orchestration--chain--n20--control_plane_worm--r2,malicious,20,0,0.0,0,1,1,0,100.0,0,0,,True
31,WormShield,mal--ran_orchestration--chain--n20--control_plane_worm--r2,malicious,20,0,0.0,0,1,1,0,100.0,0,0,,True
31,No Defense,mal--ran_orchestration--chain--n20--recovery_poisoning--r1,malicious,20,4,21.05263157894737,4,4,0,4,0.0,0,0,,False
31,DonkeyRail,mal--ran_orchestration--chain--n20--recovery_poisoning--r1,malicious,20,1,5.2631578947368425,1,2,1,1,50.0,0,0,,False
31,WormShield,mal--ran_orchestration--chain--n20--recovery_poisoning--r1,malicious,20,0,0.0,0,1,1,0,100.0,0,0,,True
31,No Defense,mal--ran_orchestration--chain--n20--recovery_poisoning--r2,malicious,20,1,5.2631578947368425,1,1,0,1,0.0,0,0,,False
31,DonkeyRail,mal--ran_orchestration--chain--n20--recovery_poisoning--r2,malicious,20,0,0.0,0,1,1,0,100.0,0,0,,True
31,WormShield,mal--ran_orchestration--chain--n20--recovery_poisoning--r2,malicious,20,0,0.0,0,1,1,0,100.0,0,0,,True
31,No Defense,mal--ran_orchestration--chain--n20--slice_takeover--r3,malicious,20,1,5.2631578947368425,1,1,0,1,0.0,0,0,,False
31,DonkeyRail,mal--ran_orchestration--chain--n20--slice_takeover--r3,malicious,20,0,0.0,0,1,1,0,100.0,0,0,,True
31,WormShield,mal--ran_orchestration--chain--n20--slice_takeover--r3,malicious,20,0,0.0,0,1,1,0,100.0,0,0,,True
31,No Defense,mal--ran_orchestration--chain--n4--control_plane_worm--r6,malicious,4,1,33.333333333333336,1,1,0,1,0.0,0,0,,False
31,DonkeyRail,mal--ran_orchestration--chain--n4--control_plane_worm--r6,malicious,4,0,0.0,0,1,1,0,100.0,0,0,,True
31,WormShield,mal--ran_orchestration--chain--n4--control_plane_worm--r6,malicious,4,0,0.0,0,1,1,0,100.0,0,0,,True
31,No Defense,mal--ran_orchestration--chain--n4--exfiltration_propagation--r4,malicious,4,1,33.333333333333336,1,1,0,1,0.0,0,0,,False
31,DonkeyRail,mal--ran_orchestration--chain--n4--exfiltration_propagation--r4,malicious,4,1,33.333333333333336,1,1,0,1,0.0,0,0,,False
31,WormShield,mal--ran_orchestration--chain--n4--exfiltration_propagation--r4,malicious,4,0,0.0,0,1,1,0,100.0,0,0,,True
31,No Defense,mal--ran_orchestration--mesh_lite--n4--slice_takeover--r2,malicious,4,3,100.0,1,3,0,3,0.0,2,0,0.0,False
31,DonkeyRail,mal--ran_orchestration--mesh_lite--n4--slice_takeover--r2,malicious,4,0,0.0,0,3,3,0,100.0,0,0,,True
31,WormShield,mal--ran_orchestration--mesh_lite--n4--slice_takeover--r2,malicious,4,0,0.0,0,3,3,0,100.0,0,0,,True
31,No Defense,mal--ran_orchestration--random_min_degree--n10--control_plane_worm--r4,malicious,10,1,11.11111111111111,1,1,0,1,0.0,2,0,0.0,False
31,DonkeyRail,mal--ran_orchestration--random_min_degree--n10--control_plane_worm--r4,malicious,10,1,11.11111111111111,1,1,0,1,0.0,2,0,0.0,False
31,WormShield,mal--ran_orchestration--random_min_degree--n10--control_plane_worm--r4,malicious,10,0,0.0,0,1,1,0,100.0,0,0,,True
31,No Defense,mal--ran_orchestration--random_min_degree--n10--exfiltration_propagation--r2,malicious,10,1,11.11111111111111,1,1,0,1,0.0,0,0,,False
31,DonkeyRail,mal--ran_orchestration--random_min_degree--n10--exfiltration_propagation--r2,malicious,10,0,0.0,0,1,1,0,100.0,0,0,,True
31,WormShield,mal--ran_orchestration--random_min_degree--n10--exfiltration_propagation--r2,malicious,10,0,0.0,0,1,1,0,100.0,0,0,,True
31,No Defense,mal--ran_orchestration--random_min_degree--n20--recovery_poisoning--r2,malicious,20,1,5.2631578947368425,1,1,0,1,0.0,0,0,,False
31,DonkeyRail,mal--ran_orchestration--random_min_degree--n20--recovery_poisoning--r2,malicious,20,0,0.0,0,1,1,0,100.0,0,0,,True
31,WormShield,mal--ran_orchestration--random_min_degree--n20--recovery_poisoning--r2,malicious,20,0,0.0,0,1,1,0,100.0,0,0,,True
31,No Defense,mal--ran_orchestration--ring--n15--control_plane_worm--r3,malicious,15,2,14.285714285714286,1,2,0,2,0.0,0,0,,False
31,DonkeyRail,mal--ran_orchestration--ring--n15--control_plane_worm--r3,malicious,15,0,0.0,0,2,2,0,100.0,0,0,,True
31,WormShield,mal--ran_orchestration--ring--n15--control_plane_worm--r3,malicious,15,0,0.0,0,2,2,0,100.0,0,0,,True
31,No Defense,mal--ran_orchestration--ring--n20--recovery_poisoning--r1,malicious,20,1,5.2631578947368425,1,1,0,1,0.0,0,0,,False
31,DonkeyRail,mal--ran_orchestration--ring--n20--recovery_poisoning--r1,malicious,20,1,5.2631578947368425,1,1,0,1,0.0,0,0,,False
31,WormShield,mal--ran_orchestration--ring--n20--recovery_poisoning--r1,malicious,20,1,5.2631578947368425,1,1,0,1,0.0,0,0,,False
31,No Defense,mal--ran_orchestration--ring--n4--control_plane_worm--r6,malicious,4,3,100.0,3,4,0,4,0.0,0,0,,False
31,DonkeyRail,mal--ran_orchestration--ring--n4--control_plane_worm--r6,malicious,4,0,0.0,0,2,2,0,100.0,0,0,,True
31,WormShield,mal--ran_orchestration--ring--n4--control_plane_worm--r6,malicious,4,0,0.0,0,2,2,0,100.0,0,0,,True
31,No Defense,mal--ran_orchestration--ring--n8--exfiltration_propagation--r3,malicious,8,1,14.285714285714286,1,1,0,1,0.0,1,0,0.0,False
31,DonkeyRail,mal--ran_orchestration--ring--n8--exfiltration_propagation--r3,malicious,8,1,14.285714285714286,1,1,0,1,0.0,1,0,0.0,False
31,WormShield,mal--ran_orchestration--ring--n8--exfiltration_propagation--r3,malicious,8,0,0.0,0,1,1,0,100.0,0,0,,True
31,No Defense,mal--ran_orchestration--star--n10--control_plane_worm--r2,malicious,10,1,11.11111111111111,1,1,0,1,0.0,0,0,,False
31,DonkeyRail,mal--ran_orchestration--star--n10--control_plane_worm--r2,malicious,10,0,0.0,0,1,1,0,100.0,0,0,,True
31,WormShield,mal--ran_orchestration--star--n10--control_plane_worm--r2,malicious,10,0,0.0,0,1,1,0,100.0,0,0,,True
31,No Defense,mal--ran_orchestration--star--n10--exfiltration_propagation--r2,malicious,10,1,11.11111111111111,1,1,0,1,0.0,0,0,,False
31,DonkeyRail,mal--ran_orchestration--star--n10--exfiltration_propagation--r2,malicious,10,0,0.0,0,1,1,0,100.0,0,0,,True
31,WormShield,mal--ran_orchestration--star--n10--exfiltration_propagation--r2,malicious,10,0,0.0,0,1,1,0,100.0,0,0,,True
31,No Defense,mal--ran_orchestration--star--n15--slice_takeover--r4,malicious,15,1,7.142857142857143,1,1,0,1,0.0,0,0,,False
31,DonkeyRail,mal--ran_orchestration--star--n15--slice_takeover--r4,malicious,15,0,0.0,0,1,1,0,100.0,0,0,,True
31,WormShield,mal--ran_orchestration--star--n15--slice_takeover--r4,malicious,15,0,0.0,0,1,1,0,100.0,0,0,,True
31,No Defense,mal--ran_orchestration--star--n4--guard_suppression--r3,malicious,4,2,66.66666666666667,2,2,0,2,0.0,0,0,,False
31,DonkeyRail,mal--ran_orchestration--star--n4--guard_suppression--r3,malicious,4,0,0.0,0,1,1,0,100.0,0,0,,True
31,WormShield,mal--ran_orchestration--star--n4--guard_suppression--r3,malicious,4,0,0.0,0,1,1,0,100.0,0,0,,True
31,No Defense,mal--ran_orchestration--star--n4--recovery_poisoning--r5,malicious,4,2,66.66666666666667,1,2,0,2,0.0,0,0,,False
31,DonkeyRail,mal--ran_orchestration--star--n4--recovery_poisoning--r5,malicious,4,2,66.66666666666667,1,2,0,2,0.0,0,0,,False
31,WormShield,mal--ran_orchestration--star--n4--recovery_poisoning--r5,malicious,4,0,0.0,0,2,2,0,100.0,0,0,,True
31,No Defense,mal--ran_orchestration--star--n4--slice_takeover--r2,malicious,4,1,33.333333333333336,1,1,0,1,0.0,0,0,,False
31,DonkeyRail,mal--ran_orchestration--star--n4--slice_takeover--r2,malicious,4,0,0.0,0,1,1,0,100.0,0,0,,True
31,WormShield,mal--ran_orchestration--star--n4--slice_takeover--r2,malicious,4,0,0.0,0,1,1,0,100.0,0,0,,True
31,No Defense,mal--ran_orchestration--star--n8--control_plane_worm--r5,malicious,8,1,14.285714285714286,1,1,0,1,0.0,1,0,0.0,False
31,DonkeyRail,mal--ran_orchestration--star--n8--control_plane_worm--r5,malicious,8,0,0.0,0,1,1,0,100.0,0,0,,True
31,WormShield,mal--ran_orchestration--star--n8--control_plane_worm--r5,malicious,8,0,0.0,0,1,1,0,100.0,0,0,,True
31,No Defense,mal--ran_orchestration--star--n8--exfiltration_propagation--r3,malicious,8,2,28.571428571428573,2,2,0,2,0.0,0,0,,False
31,DonkeyRail,mal--ran_orchestration--star--n8--exfiltration_propagation--r3,malicious,8,0,0.0,0,1,1,0,100.0,0,0,,True
31,WormShield,mal--ran_orchestration--star--n8--exfiltration_propagation--r3,malicious,8,0,0.0,0,1,1,0,100.0,0,0,,True
31,No Defense,mal--slice_management--chain--n10--slice_takeover--r5,malicious,10,1,11.11111111111111,1,1,0,1,0.0,0,0,,False
31,DonkeyRail,mal--slice_management--chain--n10--slice_takeover--r5,malicious,10,0,0.0,0,1,1,0,100.0,0,0,,True
31,WormShield,mal--slice_management--chain--n10--slice_takeover--r5,malicious,10,0,0.0,0,1,1,0,100.0,0,0,,True
31,No Defense,mal--slice_management--chain--n20--recovery_poisoning--r2,malicious,20,1,5.2631578947368425,1,1,0,1,0.0,0,0,,False
31,DonkeyRail,mal--slice_management--chain--n20--recovery_poisoning--r2,malicious,20,1,5.2631578947368425,1,1,0,1,0.0,0,0,,False
31,WormShield,mal--slice_management--chain--n20--recovery_poisoning--r2,malicious,20,0,0.0,0,1,1,0,100.0,0,0,,True
31,No Defense,mal--slice_management--mesh_lite--n10--recovery_poisoning--r3,malicious,10,2,22.22222222222222,1,2,0,2,0.0,0,0,,False
31,DonkeyRail,mal--slice_management--mesh_lite--n10--recovery_poisoning--r3,malicious,10,2,22.22222222222222,1,2,0,2,0.0,0,0,,False
31,WormShield,mal--slice_management--mesh_lite--n10--recovery_poisoning--r3,malicious,10,0,0.0,0,2,2,0,100.0,0,0,,True
31,No Defense,mal--slice_management--mesh_lite--n8--slice_takeover--r1,malicious,8,3,42.857142857142854,4,7,0,7,0.0,0,0,,False
31,DonkeyRail,mal--slice_management--mesh_lite--n8--slice_takeover--r1,malicious,8,1,14.285714285714286,1,2,1,1,50.0,0,0,,False
31,WormShield,mal--slice_management--mesh_lite--n8--slice_takeover--r1,malicious,8,0,0.0,0,1,1,0,100.0,0,0,,True
31,No Defense,mal--slice_management--random_min_degree--n10--recovery_poisoning--r3,malicious,10,1,11.11111111111111,1,1,0,1,0.0,3,0,0.0,False
31,DonkeyRail,mal--slice_management--random_min_degree--n10--recovery_poisoning--r3,malicious,10,1,11.11111111111111,1,1,0,1,0.0,3,1,33.333333333333336,False
31,WormShield,mal--slice_management--random_min_degree--n10--recovery_poisoning--r3,malicious,10,1,11.11111111111111,1,1,0,1,0.0,3,0,0.0,False
31,No Defense,mal--slice_management--random_min_degree--n20--recovery_poisoning--r2,malicious,20,6,31.57894736842105,4,6,0,6,0.0,0,0,,False
31,DonkeyRail,mal--slice_management--random_min_degree--n20--recovery_poisoning--r2,malicious,20,0,0.0,0,2,2,0,100.0,0,0,,True
31,WormShield,mal--slice_management--random_min_degree--n20--recovery_poisoning--r2,malicious,20,0,0.0,0,2,2,0,100.0,0,0,,True
31,No Defense,mal--slice_management--random_min_degree--n4--slice_takeover--r2,malicious,4,3,100.0,2,4,0,4,0.0,0,0,,False
31,DonkeyRail,mal--slice_management--random_min_degree--n4--slice_takeover--r2,malicious,4,0,0.0,0,2,2,0,100.0,0,0,,True
31,WormShield,mal--slice_management--random_min_degree--n4--slice_takeover--r2,malicious,4,0,0.0,0,2,2,0,100.0,0,0,,True
31,No Defense,mal--slice_management--random_min_degree--n8--control_plane_worm--r5,malicious,8,2,28.571428571428573,2,3,0,3,0.0,0,0,,False
31,DonkeyRail,mal--slice_management--random_min_degree--n8--control_plane_worm--r5,malicious,8,0,0.0,0,2,2,0,100.0,0,0,,True
31,WormShield,mal--slice_management--random_min_degree--n8--control_plane_worm--r5,malicious,8,0,0.0,0,2,2,0,100.0,0,0,,True
31,No Defense,mal--slice_management--ring--n20--slice_takeover--r3,malicious,20,4,21.05263157894737,3,4,0,4,0.0,0,0,,False
31,DonkeyRail,mal--slice_management--ring--n20--slice_takeover--r3,malicious,20,0,0.0,0,2,2,0,100.0,0,0,,True
31,WormShield,mal--slice_management--ring--n20--slice_takeover--r3,malicious,20,0,0.0,0,2,2,0,100.0,0,0,,True
31,No Defense,mal--slice_management--star--n10--control_plane_worm--r4,malicious,10,1,11.11111111111111,1,1,0,1,0.0,0,0,,False
31,DonkeyRail,mal--slice_management--star--n10--control_plane_worm--r4,malicious,10,1,11.11111111111111,1,1,0,1,0.0,0,0,,False
31,WormShield,mal--slice_management--star--n10--control_plane_worm--r4,malicious,10,0,0.0,0,1,1,0,100.0,0,0,,True
43,No Defense,benign--assurance_triage--chain--n10--containment_drill--r4,benign,10,0,0.0,0,0,0,0,,0,0,,True
43,DonkeyRail,benign--assurance_triage--chain--n10--containment_drill--r4,benign,10,0,0.0,0,0,0,0,,0,0,,True
43,WormShield,benign--assurance_triage--chain--n10--containment_drill--r4,benign,10,0,0.0,0,0,0,0,,0,0,,True
43,No Defense,benign--assurance_triage--mesh_lite--n10--containment_drill--r6,benign,10,0,0.0,0,0,0,0,,2,0,0.0,True
43,DonkeyRail,benign--assurance_triage--mesh_lite--n10--containment_drill--r6,benign,10,0,0.0,0,0,0,0,,2,2,100.0,True
43,WormShield,benign--assurance_triage--mesh_lite--n10--containment_drill--r6,benign,10,0,0.0,0,0,0,0,,2,0,0.0,True
43,No Defense,benign--assurance_triage--mesh_lite--n10--maintenance_notice--r4,benign,10,0,0.0,0,0,0,0,,0,0,,True
43,DonkeyRail,benign--assurance_triage--mesh_lite--n10--maintenance_notice--r4,benign,10,0,0.0,0,0,0,0,,0,0,,True
43,WormShield,benign--assurance_triage--mesh_lite--n10--maintenance_notice--r4,benign,10,0,0.0,0,0,0,0,,0,0,,True
43,No Defense,benign--assurance_triage--mesh_lite--n15--containment_drill--r4,benign,15,0,0.0,0,0,0,0,,4,0,0.0,True
43,DonkeyRail,benign--assurance_triage--mesh_lite--n15--containment_drill--r4,benign,15,0,0.0,0,0,0,0,,4,0,0.0,True
43,WormShield,benign--assurance_triage--mesh_lite--n15--containment_drill--r4,benign,15,0,0.0,0,0,0,0,,4,0,0.0,True
43,No Defense,benign--assurance_triage--mesh_lite--n15--maintenance_notice--r2,benign,15,0,0.0,0,0,0,0,,5,0,0.0,True
43,DonkeyRail,benign--assurance_triage--mesh_lite--n15--maintenance_notice--r2,benign,15,0,0.0,0,0,0,0,,2,2,100.0,True
43,WormShield,benign--assurance_triage--mesh_lite--n15--maintenance_notice--r2,benign,15,0,0.0,0,0,0,0,,5,1,20.0,True
43,No Defense,benign--assurance_triage--mesh_lite--n4--containment_drill--r2,benign,4,0,0.0,0,0,0,0,,0,0,,True
43,DonkeyRail,benign--assurance_triage--mesh_lite--n4--containment_drill--r2,benign,4,0,0.0,0,0,0,0,,0,0,,True
43,WormShield,benign--assurance_triage--mesh_lite--n4--containment_drill--r2,benign,4,0,0.0,0,0,0,0,,0,0,,True
43,No Defense,benign--assurance_triage--random_min_degree--n15--routine_update--r3,benign,15,0,0.0,0,0,0,0,,2,0,0.0,True
43,DonkeyRail,benign--assurance_triage--random_min_degree--n15--routine_update--r3,benign,15,0,0.0,0,0,0,0,,2,0,0.0,True
43,WormShield,benign--assurance_triage--random_min_degree--n15--routine_update--r3,benign,15,0,0.0,0,0,0,0,,2,0,0.0,True
43,No Defense,benign--assurance_triage--random_min_degree--n20--maintenance_notice--r2,benign,20,0,0.0,0,0,0,0,,0,0,,True
43,DonkeyRail,benign--assurance_triage--random_min_degree--n20--maintenance_notice--r2,benign,20,0,0.0,0,0,0,0,,0,0,,True
43,WormShield,benign--assurance_triage--random_min_degree--n20--maintenance_notice--r2,benign,20,0,0.0,0,0,0,0,,0,0,,True
43,No Defense,benign--assurance_triage--random_min_degree--n20--maintenance_notice--r6,benign,20,0,0.0,0,0,0,0,,2,0,0.0,True
43,DonkeyRail,benign--assurance_triage--random_min_degree--n20--maintenance_notice--r6,benign,20,0,0.0,0,0,0,0,,2,0,0.0,True
43,WormShield,benign--assurance_triage--random_min_degree--n20--maintenance_notice--r6,benign,20,0,0.0,0,0,0,0,,2,0,0.0,True
43,No Defense,benign--assurance_triage--random_min_degree--n4--quoted_attack_review--r3,benign,4,0,0.0,0,0,0,0,,5,0,0.0,True
43,DonkeyRail,benign--assurance_triage--random_min_degree--n4--quoted_attack_review--r3,benign,4,0,0.0,0,0,0,0,,2,2,100.0,True
43,WormShield,benign--assurance_triage--random_min_degree--n4--quoted_attack_review--r3,benign,4,0,0.0,0,0,0,0,,5,0,0.0,True
43,No Defense,benign--assurance_triage--random_min_degree--n8--containment_drill--r6,benign,8,0,0.0,0,0,0,0,,0,0,,True
43,DonkeyRail,benign--assurance_triage--random_min_degree--n8--containment_drill--r6,benign,8,0,0.0,0,0,0,0,,0,0,,True
43,WormShield,benign--assurance_triage--random_min_degree--n8--containment_drill--r6,benign,8,0,0.0,0,0,0,0,,0,0,,True
43,No Defense,benign--assurance_triage--random_min_degree--n8--routine_update--r3,benign,8,0,0.0,0,0,0,0,,1,0,0.0,True
43,DonkeyRail,benign--assurance_triage--random_min_degree--n8--routine_update--r3,benign,8,0,0.0,0,0,0,0,,1,0,0.0,True
43,WormShield,benign--assurance_triage--random_min_degree--n8--routine_update--r3,benign,8,0,0.0,0,0,0,0,,1,0,0.0,True
43,No Defense,benign--assurance_triage--ring--n10--containment_drill--r4,benign,10,0,0.0,0,0,0,0,,5,0,0.0,True
43,DonkeyRail,benign--assurance_triage--ring--n10--containment_drill--r4,benign,10,0,0.0,0,0,0,0,,2,2,100.0,True
43,WormShield,benign--assurance_triage--ring--n10--containment_drill--r4,benign,10,0,0.0,0,0,0,0,,5,0,0.0,True
43,No Defense,benign--assurance_triage--ring--n15--containment_drill--r2,benign,15,0,0.0,0,0,0,0,,0,0,,True
43,DonkeyRail,benign--assurance_triage--ring--n15--containment_drill--r2,benign,15,0,0.0,0,0,0,0,,0,0,,True
43,WormShield,benign--assurance_triage--ring--n15--containment_drill--r2,benign,15,0,0.0,0,0,0,0,,0,0,,True
43,No Defense,benign--assurance_triage--ring--n8--containment_drill--r6,benign,8,0,0.0,0,0,0,0,,2,0,0.0,True
43,DonkeyRail,benign--assurance_triage--ring--n8--containment_drill--r6,benign,8,0,0.0,0,0,0,0,,2,0,0.0,True
43,WormShield,benign--assurance_triage--ring--n8--containment_drill--r6,benign,8,0,0.0,0,0,0,0,,2,0,0.0,True
43,No Defense,benign--assurance_triage--star--n10--containment_drill--r2,benign,10,0,0.0,0,0,0,0,,1,0,0.0,True
43,DonkeyRail,benign--assurance_triage--star--n10--containment_drill--r2,benign,10,0,0.0,0,0,0,0,,1,0,0.0,True
43,WormShield,benign--assurance_triage--star--n10--containment_drill--r2,benign,10,0,0.0,0,0,0,0,,1,0,0.0,True
43,No Defense,benign--assurance_triage--star--n10--quoted_attack_review--r1,benign,10,0,0.0,0,0,0,0,,0,0,,True
43,DonkeyRail,benign--assurance_triage--star--n10--quoted_attack_review--r1,benign,10,0,0.0,0,0,0,0,,0,0,,True
43,WormShield,benign--assurance_triage--star--n10--quoted_attack_review--r1,benign,10,0,0.0,0,0,0,0,,0,0,,True
43,No Defense,benign--assurance_triage--star--n10--quoted_attack_review--r5,benign,10,0,0.0,0,0,0,0,,0,0,,True
43,DonkeyRail,benign--assurance_triage--star--n10--quoted_attack_review--r5,benign,10,0,0.0,0,0,0,0,,0,0,,True
43,WormShield,benign--assurance_triage--star--n10--quoted_attack_review--r5,benign,10,0,0.0,0,0,0,0,,0,0,,True
43,No Defense,benign--assurance_triage--star--n15--routine_update--r1,benign,15,0,0.0,0,0,0,0,,0,0,,True
43,DonkeyRail,benign--assurance_triage--star--n15--routine_update--r1,benign,15,0,0.0,0,0,0,0,,0,0,,True
43,WormShield,benign--assurance_triage--star--n15--routine_update--r1,benign,15,0,0.0,0,0,0,0,,0,0,,True
43,No Defense,benign--assurance_triage--star--n20--containment_drill--r2,benign,20,0,0.0,0,0,0,0,,2,0,0.0,True
43,DonkeyRail,benign--assurance_triage--star--n20--containment_drill--r2,benign,20,0,0.0,0,0,0,0,,1,1,100.0,True
43,WormShield,benign--assurance_triage--star--n20--containment_drill--r2,benign,20,0,0.0,0,0,0,0,,2,0,0.0,True
43,No Defense,benign--assurance_triage--star--n8--maintenance_notice--r6,benign,8,0,0.0,0,0,0,0,,1,0,0.0,True
43,DonkeyRail,benign--assurance_triage--star--n8--maintenance_notice--r6,benign,8,0,0.0,0,0,0,0,,1,0,0.0,True
43,WormShield,benign--assurance_triage--star--n8--maintenance_notice--r6,benign,8,0,0.0,0,0,0,0,,1,0,0.0,True
43,No Defense,benign--assurance_triage--star--n8--quoted_attack_review--r3,benign,8,0,0.0,0,0,0,0,,0,0,,True
43,DonkeyRail,benign--assurance_triage--star--n8--quoted_attack_review--r3,benign,8,0,0.0,0,0,0,0,,0,0,,True
43,WormShield,benign--assurance_triage--star--n8--quoted_attack_review--r3,benign,8,0,0.0,0,0,0,0,,0,0,,True
43,No Defense,benign--assurance_triage--star--n8--routine_update--r5,benign,8,0,0.0,0,0,0,0,,1,0,0.0,True
43,DonkeyRail,benign--assurance_triage--star--n8--routine_update--r5,benign,8,0,0.0,0,0,0,0,,1,0,0.0,True
43,WormShield,benign--assurance_triage--star--n8--routine_update--r5,benign,8,0,0.0,0,0,0,0,,1,0,0.0,True
43,No Defense,benign--edge_mesh--chain--n10--containment_drill--r2,benign,10,0,0.0,0,0,0,0,,0,0,,True
43,DonkeyRail,benign--edge_mesh--chain--n10--containment_drill--r2,benign,10,0,0.0,0,0,0,0,,0,0,,True
43,WormShield,benign--edge_mesh--chain--n10--containment_drill--r2,benign,10,0,0.0,0,0,0,0,,0,0,,True
43,No Defense,benign--edge_mesh--chain--n10--maintenance_notice--r4,benign,10,0,0.0,0,0,0,0,,1,0,0.0,True
43,DonkeyRail,benign--edge_mesh--chain--n10--maintenance_notice--r4,benign,10,0,0.0,0,0,0,0,,1,1,100.0,True
43,WormShield,benign--edge_mesh--chain--n10--maintenance_notice--r4,benign,10,0,0.0,0,0,0,0,,1,0,0.0,True
43,No Defense,benign--edge_mesh--chain--n15--containment_drill--r4,benign,15,0,0.0,0,0,0,0,,3,0,0.0,True
43,DonkeyRail,benign--edge_mesh--chain--n15--containment_drill--r4,benign,15,0,0.0,0,0,0,0,,3,1,33.333333333333336,True
43,WormShield,benign--edge_mesh--chain--n15--containment_drill--r4,benign,15,0,0.0,0,0,0,0,,3,0,0.0,True
43,No Defense,benign--edge_mesh--chain--n20--quoted_attack_review--r5,benign,20,0,0.0,0,0,0,0,,1,0,0.0,True
43,DonkeyRail,benign--edge_mesh--chain--n20--quoted_attack_review--r5,benign,20,0,0.0,0,0,0,0,,1,0,0.0,True
43,WormShield,benign--edge_mesh--chain--n20--quoted_attack_review--r5,benign,20,0,0.0,0,0,0,0,,1,0,0.0,True
43,No Defense,benign--edge_mesh--chain--n20--routine_update--r3,benign,20,0,0.0,0,0,0,0,,1,0,0.0,True
43,DonkeyRail,benign--edge_mesh--chain--n20--routine_update--r3,benign,20,0,0.0,0,0,0,0,,1,0,0.0,True
43,WormShield,benign--edge_mesh--chain--n20--routine_update--r3,benign,20,0,0.0,0,0,0,0,,1,0,0.0,True
43,No Defense,benign--edge_mesh--chain--n4--containment_drill--r2,benign,4,0,0.0,0,0,0,0,,3,0,0.0,True
43,DonkeyRail,benign--edge_mesh--chain--n4--containment_drill--r2,benign,4,0,0.0,0,0,0,0,,3,0,0.0,True
43,WormShield,benign--edge_mesh--chain--n4--containment_drill--r2,benign,4,0,0.0,0,0,0,0,,3,0,0.0,True
43,No Defense,benign--edge_mesh--chain--n8--quoted_attack_review--r3,benign,8,0,0.0,0,0,0,0,,3,0,0.0,True
43,DonkeyRail,benign--edge_mesh--chain--n8--quoted_attack_review--r3,benign,8,0,0.0,0,0,0,0,,2,2,100.0,True
43,WormShield,benign--edge_mesh--chain--n8--quoted_attack_review--r3,benign,8,0,0.0,0,0,0,0,,3,0,0.0,True
43,No Defense,benign--edge_mesh--random_min_degree--n20--quoted_attack_review--r1,benign,20,0,0.0,0,0,0,0,,1,0,0.0,True
43,DonkeyRail,benign--edge_mesh--random_min_degree--n20--quoted_attack_review--r1,benign,20,0,0.0,0,0,0,0,,1,1,100.0,True
43,WormShield,benign--edge_mesh--random_min_degree--n20--quoted_attack_review--r1,benign,20,0,0.0,0,0,0,0,,1,0,0.0,True
43,No Defense,benign--edge_mesh--random_min_degree--n8--routine_update--r1,benign,8,0,0.0,0,0,0,0,,1,0,0.0,True
43,DonkeyRail,benign--edge_mesh--random_min_degree--n8--routine_update--r1,benign,8,0,0.0,0,0,0,0,,1,1,100.0,True
43,WormShield,benign--edge_mesh--random_min_degree--n8--routine_update--r1,benign,8,0,0.0,0,0,0,0,,1,0,0.0,True
43,No Defense,benign--edge_mesh--ring--n10--containment_drill--r2,benign,10,0,0.0,0,0,0,0,,0,0,,True
43,DonkeyRail,benign--edge_mesh--ring--n10--containment_drill--r2,benign,10,0,0.0,0,0,0,0,,0,0,,True
43,WormShield,benign--edge_mesh--ring--n10--containment_drill--r2,benign,10,0,0.0,0,0,0,0,,0,0,,True
43,No Defense,benign--edge_mesh--ring--n4--containment_drill--r2,benign,4,0,0.0,0,0,0,0,,0,0,,True
43,DonkeyRail,benign--edge_mesh--ring--n4--containment_drill--r2,benign,4,0,0.0,0,0,0,0,,0,0,,True
43,WormShield,benign--edge_mesh--ring--n4--containment_drill--r2,benign,4,0,0.0,0,0,0,0,,0,0,,True
43,No Defense,benign--edge_mesh--ring--n8--quoted_attack_review--r3,benign,8,0,0.0,0,0,0,0,,4,0,0.0,True
43,DonkeyRail,benign--edge_mesh--ring--n8--quoted_attack_review--r3,benign,8,0,0.0,0,0,0,0,,1,1,100.0,True
43,WormShield,benign--edge_mesh--ring--n8--quoted_attack_review--r3,benign,8,0,0.0,0,0,0,0,,4,0,0.0,True
43,No Defense,benign--edge_mesh--star--n10--routine_update--r5,benign,10,0,0.0,0,0,0,0,,1,0,0.0,True
43,DonkeyRail,benign--edge_mesh--star--n10--routine_update--r5,benign,10,0,0.0,0,0,0,0,,1,0,0.0,True
43,WormShield,benign--edge_mesh--star--n10--routine_update--r5,benign,10,0,0.0,0,0,0,0,,1,0,0.0,True
43,No Defense,benign--edge_mesh--star--n15--containment_drill--r2,benign,15,0,0.0,0,0,0,0,,1,0,0.0,True
43,DonkeyRail,benign--edge_mesh--star--n15--containment_drill--r2,benign,15,0,0.0,0,0,0,0,,1,0,0.0,True
43,WormShield,benign--edge_mesh--star--n15--containment_drill--r2,benign,15,0,0.0,0,0,0,0,,1,0,0.0,True
43,No Defense,benign--edge_mesh--star--n4--containment_drill--r4,benign,4,0,0.0,0,0,0,0,,2,0,0.0,True
43,DonkeyRail,benign--edge_mesh--star--n4--containment_drill--r4,benign,4,0,0.0,0,0,0,0,,1,1,100.0,True
43,WormShield,benign--edge_mesh--star--n4--containment_drill--r4,benign,4,0,0.0,0,0,0,0,,2,0,0.0,True
43,No Defense,benign--edge_mesh--star--n8--quoted_attack_review--r5,benign,8,0,0.0,0,0,0,0,,1,0,0.0,True
43,DonkeyRail,benign--edge_mesh--star--n8--quoted_attack_review--r5,benign,8,0,0.0,0,0,0,0,,1,0,0.0,True
43,WormShield,benign--edge_mesh--star--n8--quoted_attack_review--r5,benign,8,0,0.0,0,0,0,0,,1,0,0.0,True
43,No Defense,benign--ran_orchestration--chain--n10--containment_drill--r4,benign,10,0,0.0,0,0,0,0,,3,0,0.0,True
43,DonkeyRail,benign--ran_orchestration--chain--n10--containment_drill--r4,benign,10,0,0.0,0,0,0,0,,2,2,100.0,True
43,WormShield,benign--ran_orchestration--chain--n10--containment_drill--r4,benign,10,0,0.0,0,0,0,0,,3,0,0.0,True
43,No Defense,benign--ran_orchestration--chain--n10--maintenance_notice--r6,benign,10,0,0.0,0,0,0,0,,1,0,0.0,True
43,DonkeyRail,benign--ran_orchestration--chain--n10--maintenance_notice--r6,benign,10,0,0.0,0,0,0,0,,1,1,100.0,True
43,WormShield,benign--ran_orchestration--chain--n10--maintenance_notice--r6,benign,10,0,0.0,0,0,0,0,,1,0,0.0,True
43,No Defense,benign--ran_orchestration--chain--n10--routine_update--r1,benign,10,0,0.0,0,0,0,0,,1,0,0.0,True
43,DonkeyRail,benign--ran_orchestration--chain--n10--routine_update--r1,benign,10,0,0.0,0,0,0,0,,1,0,0.0,True
43,WormShield,benign--ran_orchestration--chain--n10--routine_update--r1,benign,10,0,0.0,0,0,0,0,,1,0,0.0,True
43,No Defense,benign--ran_orchestration--chain--n8--containment_drill--r2,benign,8,0,0.0,0,0,0,0,,0,0,,True
43,DonkeyRail,benign--ran_orchestration--chain--n8--containment_drill--r2,benign,8,0,0.0,0,0,0,0,,0,0,,True
43,WormShield,benign--ran_orchestration--chain--n8--containment_drill--r2,benign,8,0,0.0,0,0,0,0,,0,0,,True
43,No Defense,benign--ran_orchestration--mesh_lite--n20--containment_drill--r2,benign,20,0,0.0,0,0,0,0,,0,0,,True
43,DonkeyRail,benign--ran_orchestration--mesh_lite--n20--containment_drill--r2,benign,20,0,0.0,0,0,0,0,,0,0,,True
43,WormShield,benign--ran_orchestration--mesh_lite--n20--containment_drill--r2,benign,20,0,0.0,0,0,0,0,,0,0,,True
43,No Defense,benign--ran_orchestration--mesh_lite--n4--containment_drill--r2,benign,4,0,0.0,0,0,0,0,,0,0,,True
43,DonkeyRail,benign--ran_orchestration--mesh_lite--n4--containment_drill--r2,benign,4,0,0.0,0,0,0,0,,0,0,,True
43,WormShield,benign--ran_orchestration--mesh_lite--n4--containment_drill--r2,benign,4,0,0.0,0,0,0,0,,0,0,,True
43,No Defense,benign--ran_orchestration--mesh_lite--n8--maintenance_notice--r2,benign,8,0,0.0,0,0,0,0,,0,0,,True
43,DonkeyRail,benign--ran_orchestration--mesh_lite--n8--maintenance_notice--r2,benign,8,0,0.0,0,0,0,0,,0,0,,True
43,WormShield,benign--ran_orchestration--mesh_lite--n8--maintenance_notice--r2,benign,8,0,0.0,0,0,0,0,,0,0,,True
43,No Defense,benign--ran_orchestration--random_min_degree--n10--maintenance_notice--r2,benign,10,0,0.0,0,0,0,0,,3,0,0.0,True
43,DonkeyRail,benign--ran_orchestration--random_min_degree--n10--maintenance_notice--r2,benign,10,0,0.0,0,0,0,0,,2,2,100.0,True
43,WormShield,benign--ran_orchestration--random_min_degree--n10--maintenance_notice--r2,benign,10,0,0.0,0,0,0,0,,3,0,0.0,True
43,No Defense,benign--ran_orchestration--random_min_degree--n10--routine_update--r5,benign,10,0,0.0,0,0,0,0,,1,0,0.0,True
43,DonkeyRail,benign--ran_orchestration--random_min_degree--n10--routine_update--r5,benign,10,0,0.0,0,0,0,0,,1,1,100.0,True
43,WormShield,benign--ran_orchestration--random_min_degree--n10--routine_update--r5,benign,10,0,0.0,0,0,0,0,,1,0,0.0,True
43,No Defense,benign--ran_orchestration--random_min_degree--n20--maintenance_notice--r2,benign,20,0,0.0,0,0,0,0,,0,0,,True
43,DonkeyRail,benign--ran_orchestration--random_min_degree--n20--maintenance_notice--r2,benign,20,0,0.0,0,0,0,0,,0,0,,True
43,WormShield,benign--ran_orchestration--random_min_degree--n20--maintenance_notice--r2,benign,20,0,0.0,0,0,0,0,,0,0,,True
43,No Defense,benign--ran_orchestration--random_min_degree--n20--quoted_attack_review--r3,benign,20,0,0.0,0,0,0,0,,5,0,0.0,True
43,DonkeyRail,benign--ran_orchestration--random_min_degree--n20--quoted_attack_review--r3,benign,20,0,0.0,0,0,0,0,,2,2,100.0,True
43,WormShield,benign--ran_orchestration--random_min_degree--n20--quoted_attack_review--r3,benign,20,0,0.0,0,0,0,0,,5,0,0.0,True
43,No Defense,benign--ran_orchestration--random_min_degree--n4--containment_drill--r4,benign,4,0,0.0,0,0,0,0,,0,0,,True
43,DonkeyRail,benign--ran_orchestration--random_min_degree--n4--containment_drill--r4,benign,4,0,0.0,0,0,0,0,,0,0,,True
43,WormShield,benign--ran_orchestration--random_min_degree--n4--containment_drill--r4,benign,4,0,0.0,0,0,0,0,,0,0,,True
43,No Defense,benign--ran_orchestration--random_min_degree--n4--routine_update--r1,benign,4,0,0.0,0,0,0,0,,5,0,0.0,True
43,DonkeyRail,benign--ran_orchestration--random_min_degree--n4--routine_update--r1,benign,4,0,0.0,0,0,0,0,,1,1,100.0,True
43,WormShield,benign--ran_orchestration--random_min_degree--n4--routine_update--r1,benign,4,0,0.0,0,0,0,0,,5,0,0.0,True
43,No Defense,benign--ran_orchestration--random_min_degree--n8--containment_drill--r2,benign,8,0,0.0,0,0,0,0,,0,0,,True
43,DonkeyRail,benign--ran_orchestration--random_min_degree--n8--containment_drill--r2,benign,8,0,0.0,0,0,0,0,,0,0,,True
43,WormShield,benign--ran_orchestration--random_min_degree--n8--containment_drill--r2,benign,8,0,0.0,0,0,0,0,,0,0,,True
43,No Defense,benign--ran_orchestration--ring--n10--maintenance_notice--r2,benign,10,0,0.0,0,0,0,0,,0,0,,True
43,DonkeyRail,benign--ran_orchestration--ring--n10--maintenance_notice--r2,benign,10,0,0.0,0,0,0,0,,0,0,,True
43,WormShield,benign--ran_orchestration--ring--n10--maintenance_notice--r2,benign,10,0,0.0,0,0,0,0,,0,0,,True
43,No Defense,benign--ran_orchestration--ring--n10--routine_update--r1,benign,10,0,0.0,0,0,0,0,,0,0,,True
43,DonkeyRail,benign--ran_orchestration--ring--n10--routine_update--r1,benign,10,0,0.0,0,0,0,0,,0,0,,True
43,WormShield,benign--ran_orchestration--ring--n10--routine_update--r1,benign,10,0,0.0,0,0,0,0,,0,0,,True
43,No Defense,benign--ran_orchestration--ring--n15--containment_drill--r2,benign,15,0,0.0,0,0,0,0,,0,0,,True
43,DonkeyRail,benign--ran_orchestration--ring--n15--containment_drill--r2,benign,15,0,0.0,0,0,0,0,,0,0,,True
43,WormShield,benign--ran_orchestration--ring--n15--containment_drill--r2,benign,15,0,0.0,0,0,0,0,,0,0,,True
43,No Defense,benign--ran_orchestration--ring--n15--routine_update--r3,benign,15,0,0.0,0,0,0,0,,1,0,0.0,True
43,DonkeyRail,benign--ran_orchestration--ring--n15--routine_update--r3,benign,15,0,0.0,0,0,0,0,,1,1,100.0,True
43,WormShield,benign--ran_orchestration--ring--n15--routine_update--r3,benign,15,0,0.0,0,0,0,0,,1,0,0.0,True
43,No Defense,benign--ran_orchestration--ring--n20--routine_update--r1,benign,20,0,0.0,0,0,0,0,,1,0,0.0,True
43,DonkeyRail,benign--ran_orchestration--ring--n20--routine_update--r1,benign,20,0,0.0,0,0,0,0,,1,0,0.0,True
43,WormShield,benign--ran_orchestration--ring--n20--routine_update--r1,benign,20,0,0.0,0,0,0,0,,1,0,0.0,True
43,No Defense,benign--ran_orchestration--ring--n20--routine_update--r5,benign,20,0,0.0,0,0,0,0,,0,0,,True
43,DonkeyRail,benign--ran_orchestration--ring--n20--routine_update--r5,benign,20,0,0.0,0,0,0,0,,0,0,,True
43,WormShield,benign--ran_orchestration--ring--n20--routine_update--r5,benign,20,0,0.0,0,0,0,0,,0,0,,True
43,No Defense,benign--ran_orchestration--ring--n4--containment_drill--r4,benign,4,0,0.0,0,0,0,0,,0,0,,True
43,DonkeyRail,benign--ran_orchestration--ring--n4--containment_drill--r4,benign,4,0,0.0,0,0,0,0,,0,0,,True
43,WormShield,benign--ran_orchestration--ring--n4--containment_drill--r4,benign,4,0,0.0,0,0,0,0,,0,0,,True
43,No Defense,benign--ran_orchestration--ring--n4--routine_update--r1,benign,4,0,0.0,0,0,0,0,,0,0,,True
43,DonkeyRail,benign--ran_orchestration--ring--n4--routine_update--r1,benign,4,0,0.0,0,0,0,0,,0,0,,True
43,WormShield,benign--ran_orchestration--ring--n4--routine_update--r1,benign,4,0,0.0,0,0,0,0,,0,0,,True
43,No Defense,benign--ran_orchestration--ring--n4--routine_update--r5,benign,4,0,0.0,0,0,0,0,,2,0,0.0,True
43,DonkeyRail,benign--ran_orchestration--ring--n4--routine_update--r5,benign,4,0,0.0,0,0,0,0,,1,1,100.0,True
43,WormShield,benign--ran_orchestration--ring--n4--routine_update--r5,benign,4,0,0.0,0,0,0,0,,2,0,0.0,True
43,No Defense,benign--ran_orchestration--ring--n8--containment_drill--r6,benign,8,0,0.0,0,0,0,0,,4,0,0.0,True
43,DonkeyRail,benign--ran_orchestration--ring--n8--containment_drill--r6,benign,8,0,0.0,0,0,0,0,,2,2,100.0,True
43,WormShield,benign--ran_orchestration--ring--n8--containment_drill--r6,benign,8,0,0.0,0,0,0,0,,4,0,0.0,True
43,No Defense,benign--ran_orchestration--star--n10--containment_drill--r2,benign,10,0,0.0,0,0,0,0,,0,0,,True
43,DonkeyRail,benign--ran_orchestration--star--n10--containment_drill--r2,benign,10,0,0.0,0,0,0,0,,0,0,,True
43,WormShield,benign--ran_orchestration--star--n10--containment_drill--r2,benign,10,0,0.0,0,0,0,0,,0,0,,True
43,No Defense,benign--ran_orchestration--star--n20--containment_drill--r2,benign,20,0,0.0,0,0,0,0,,0,0,,True
43,DonkeyRail,benign--ran_orchestration--star--n20--containment_drill--r2,benign,20,0,0.0,0,0,0,0,,0,0,,True
43,WormShield,benign--ran_orchestration--star--n20--containment_drill--r2,benign,20,0,0.0,0,0,0,0,,0,0,,True
43,No Defense,benign--ran_orchestration--star--n20--routine_update--r3,benign,20,0,0.0,0,0,0,0,,2,0,0.0,True
43,DonkeyRail,benign--ran_orchestration--star--n20--routine_update--r3,benign,20,0,0.0,0,0,0,0,,1,1,100.0,True
43,WormShield,benign--ran_orchestration--star--n20--routine_update--r3,benign,20,0,0.0,0,0,0,0,,2,0,0.0,True
43,No Defense,benign--ran_orchestration--star--n8--routine_update--r1,benign,8,0,0.0,0,0,0,0,,1,0,0.0,True
43,DonkeyRail,benign--ran_orchestration--star--n8--routine_update--r1,benign,8,0,0.0,0,0,0,0,,1,0,0.0,True
43,WormShield,benign--ran_orchestration--star--n8--routine_update--r1,benign,8,0,0.0,0,0,0,0,,1,1,100.0,True
43,No Defense,benign--slice_management--chain--n10--containment_drill--r2,benign,10,0,0.0,0,0,0,0,,0,0,,True
43,DonkeyRail,benign--slice_management--chain--n10--containment_drill--r2,benign,10,0,0.0,0,0,0,0,,0,0,,True
43,WormShield,benign--slice_management--chain--n10--containment_drill--r2,benign,10,0,0.0,0,0,0,0,,0,0,,True
43,No Defense,benign--slice_management--chain--n15--routine_update--r5,benign,15,0,0.0,0,0,0,0,,4,0,0.0,True
43,DonkeyRail,benign--slice_management--chain--n15--routine_update--r5,benign,15,0,0.0,0,0,0,0,,2,1,50.0,True
43,WormShield,benign--slice_management--chain--n15--routine_update--r5,benign,15,0,0.0,0,0,0,0,,4,0,0.0,True
43,No Defense,benign--slice_management--chain--n20--quoted_attack_review--r5,benign,20,0,0.0,0,0,0,0,,0,0,,True
43,DonkeyRail,benign--slice_management--chain--n20--quoted_attack_review--r5,benign,20,0,0.0,0,0,0,0,,0,0,,True
43,WormShield,benign--slice_management--chain--n20--quoted_attack_review--r5,benign,20,0,0.0,0,0,0,0,,0,0,,True
43,No Defense,benign--slice_management--chain--n4--quoted_attack_review--r1,benign,4,0,0.0,0,0,0,0,,1,0,0.0,True
43,DonkeyRail,benign--slice_management--chain--n4--quoted_attack_review--r1,benign,4,0,0.0,0,0,0,0,,1,1,100.0,True
43,WormShield,benign--slice_management--chain--n4--quoted_attack_review--r1,benign,4,0,0.0,0,0,0,0,,1,0,0.0,True
43,No Defense,benign--slice_management--chain--n8--containment_drill--r4,benign,8,0,0.0,0,0,0,0,,0,0,,True
43,DonkeyRail,benign--slice_management--chain--n8--containment_drill--r4,benign,8,0,0.0,0,0,0,0,,0,0,,True
43,WormShield,benign--slice_management--chain--n8--containment_drill--r4,benign,8,0,0.0,0,0,0,0,,0,0,,True
43,No Defense,benign--slice_management--chain--n8--maintenance_notice--r2,benign,8,0,0.0,0,0,0,0,,0,0,,True
43,DonkeyRail,benign--slice_management--chain--n8--maintenance_notice--r2,benign,8,0,0.0,0,0,0,0,,0,0,,True
43,WormShield,benign--slice_management--chain--n8--maintenance_notice--r2,benign,8,0,0.0,0,0,0,0,,0,0,,True
43,No Defense,benign--slice_management--mesh_lite--n10--maintenance_notice--r2,benign,10,0,0.0,0,0,0,0,,0,0,,True
43,DonkeyRail,benign--slice_management--mesh_lite--n10--maintenance_notice--r2,benign,10,0,0.0,0,0,0,0,,0,0,,True
43,WormShield,benign--slice_management--mesh_lite--n10--maintenance_notice--r2,benign,10,0,0.0,0,0,0,0,,0,0,,True
43,No Defense,benign--slice_management--mesh_lite--n10--quoted_attack_review--r3,benign,10,0,0.0,0,0,0,0,,8,0,0.0,True
43,DonkeyRail,benign--slice_management--mesh_lite--n10--quoted_attack_review--r3,benign,10,0,0.0,0,0,0,0,,4,2,50.0,True
43,WormShield,benign--slice_management--mesh_lite--n10--quoted_attack_review--r3,benign,10,0,0.0,0,0,0,0,,8,0,0.0,True
43,No Defense,benign--slice_management--mesh_lite--n20--containment_drill--r4,benign,20,0,0.0,0,0,0,0,,2,0,0.0,True
43,DonkeyRail,benign--slice_management--mesh_lite--n20--containment_drill--r4,benign,20,0,0.0,0,0,0,0,,2,2,100.0,True
43,WormShield,benign--slice_management--mesh_lite--n20--containment_drill--r4,benign,20,0,0.0,0,0,0,0,,2,0,0.0,True
43,No Defense,benign--slice_management--mesh_lite--n20--routine_update--r1,benign,20,0,0.0,0,0,0,0,,5,0,0.0,True
43,DonkeyRail,benign--slice_management--mesh_lite--n20--routine_update--r1,benign,20,0,0.0,0,0,0,0,,1,1,100.0,True
43,WormShield,benign--slice_management--mesh_lite--n20--routine_update--r1,benign,20,0,0.0,0,0,0,0,,5,0,0.0,True
43,No Defense,benign--slice_management--mesh_lite--n4--maintenance_notice--r6,benign,4,0,0.0,0,0,0,0,,0,0,,True
43,DonkeyRail,benign--slice_management--mesh_lite--n4--maintenance_notice--r6,benign,4,0,0.0,0,0,0,0,,0,0,,True
43,WormShield,benign--slice_management--mesh_lite--n4--maintenance_notice--r6,benign,4,0,0.0,0,0,0,0,,0,0,,True
43,No Defense,benign--slice_management--random_min_degree--n10--containment_drill--r2,benign,10,0,0.0,0,0,0,0,,0,0,,True
43,DonkeyRail,benign--slice_management--random_min_degree--n10--containment_drill--r2,benign,10,0,0.0,0,0,0,0,,0,0,,True
43,WormShield,benign--slice_management--random_min_degree--n10--containment_drill--r2,benign,10,0,0.0,0,0,0,0,,0,0,,True
43,No Defense,benign--slice_management--random_min_degree--n15--maintenance_notice--r2,benign,15,0,0.0,0,0,0,0,,2,0,0.0,True
43,DonkeyRail,benign--slice_management--random_min_degree--n15--maintenance_notice--r2,benign,15,0,0.0,0,0,0,0,,2,0,0.0,True
43,WormShield,benign--slice_management--random_min_degree--n15--maintenance_notice--r2,benign,15,0,0.0,0,0,0,0,,2,0,0.0,True
43,No Defense,benign--slice_management--random_min_degree--n4--containment_drill--r2,benign,4,0,0.0,0,0,0,0,,0,0,,True
43,DonkeyRail,benign--slice_management--random_min_degree--n4--containment_drill--r2,benign,4,0,0.0,0,0,0,0,,0,0,,True
43,WormShield,benign--slice_management--random_min_degree--n4--containment_drill--r2,benign,4,0,0.0,0,0,0,0,,0,0,,True
43,No Defense,benign--slice_management--random_min_degree--n4--quoted_attack_review--r1,benign,4,0,0.0,0,0,0,0,,0,0,,True
43,DonkeyRail,benign--slice_management--random_min_degree--n4--quoted_attack_review--r1,benign,4,0,0.0,0,0,0,0,,0,0,,True
43,WormShield,benign--slice_management--random_min_degree--n4--quoted_attack_review--r1,benign,4,0,0.0,0,0,0,0,,0,0,,True
43,No Defense,benign--slice_management--random_min_degree--n8--containment_drill--r4,benign,8,0,0.0,0,0,0,0,,2,0,0.0,True
43,DonkeyRail,benign--slice_management--random_min_degree--n8--containment_drill--r4,benign,8,0,0.0,0,0,0,0,,1,1,100.0,True
43,WormShield,benign--slice_management--random_min_degree--n8--containment_drill--r4,benign,8,0,0.0,0,0,0,0,,2,0,0.0,True
43,No Defense,benign--slice_management--random_min_degree--n8--routine_update--r1,benign,8,0,0.0,0,0,0,0,,0,0,,True
43,DonkeyRail,benign--slice_management--random_min_degree--n8--routine_update--r1,benign,8,0,0.0,0,0,0,0,,0,0,,True
43,WormShield,benign--slice_management--random_min_degree--n8--routine_update--r1,benign,8,0,0.0,0,0,0,0,,0,0,,True
43,No Defense,benign--slice_management--random_min_degree--n8--routine_update--r5,benign,8,0,0.0,0,0,0,0,,1,0,0.0,True
43,DonkeyRail,benign--slice_management--random_min_degree--n8--routine_update--r5,benign,8,0,0.0,0,0,0,0,,1,0,0.0,True
43,WormShield,benign--slice_management--random_min_degree--n8--routine_update--r5,benign,8,0,0.0,0,0,0,0,,1,0,0.0,True
43,No Defense,benign--slice_management--ring--n10--containment_drill--r2,benign,10,0,0.0,0,0,0,0,,0,0,,True
43,DonkeyRail,benign--slice_management--ring--n10--containment_drill--r2,benign,10,0,0.0,0,0,0,0,,0,0,,True
43,WormShield,benign--slice_management--ring--n10--containment_drill--r2,benign,10,0,0.0,0,0,0,0,,0,0,,True
43,No Defense,benign--slice_management--ring--n20--containment_drill--r2,benign,20,0,0.0,0,0,0,0,,0,0,,True
43,DonkeyRail,benign--slice_management--ring--n20--containment_drill--r2,benign,20,0,0.0,0,0,0,0,,0,0,,True
43,WormShield,benign--slice_management--ring--n20--containment_drill--r2,benign,20,0,0.0,0,0,0,0,,0,0,,True
43,No Defense,benign--slice_management--ring--n20--quoted_attack_review--r5,benign,20,0,0.0,0,0,0,0,,0,0,,True
43,DonkeyRail,benign--slice_management--ring--n20--quoted_attack_review--r5,benign,20,0,0.0,0,0,0,0,,0,0,,True
43,WormShield,benign--slice_management--ring--n20--quoted_attack_review--r5,benign,20,0,0.0,0,0,0,0,,0,0,,True
43,No Defense,benign--slice_management--ring--n4--containment_drill--r6,benign,4,0,0.0,0,0,0,0,,0,0,,True
43,DonkeyRail,benign--slice_management--ring--n4--containment_drill--r6,benign,4,0,0.0,0,0,0,0,,0,0,,True
43,WormShield,benign--slice_management--ring--n4--containment_drill--r6,benign,4,0,0.0,0,0,0,0,,0,0,,True
43,No Defense,benign--slice_management--ring--n4--quoted_attack_review--r1,benign,4,0,0.0,0,0,0,0,,0,0,,True
43,DonkeyRail,benign--slice_management--ring--n4--quoted_attack_review--r1,benign,4,0,0.0,0,0,0,0,,0,0,,True
43,WormShield,benign--slice_management--ring--n4--quoted_attack_review--r1,benign,4,0,0.0,0,0,0,0,,0,0,,True
43,No Defense,benign--slice_management--ring--n4--quoted_attack_review--r5,benign,4,0,0.0,0,0,0,0,,0,0,,True
43,DonkeyRail,benign--slice_management--ring--n4--quoted_attack_review--r5,benign,4,0,0.0,0,0,0,0,,0,0,,True
43,WormShield,benign--slice_management--ring--n4--quoted_attack_review--r5,benign,4,0,0.0,0,0,0,0,,0,0,,True
43,No Defense,benign--slice_management--ring--n4--routine_update--r3,benign,4,0,0.0,0,0,0,0,,0,0,,True
43,DonkeyRail,benign--slice_management--ring--n4--routine_update--r3,benign,4,0,0.0,0,0,0,0,,0,0,,True
43,WormShield,benign--slice_management--ring--n4--routine_update--r3,benign,4,0,0.0,0,0,0,0,,0,0,,True
43,No Defense,benign--slice_management--ring--n8--containment_drill--r4,benign,8,0,0.0,0,0,0,0,,0,0,,True
43,DonkeyRail,benign--slice_management--ring--n8--containment_drill--r4,benign,8,0,0.0,0,0,0,0,,0,0,,True
43,WormShield,benign--slice_management--ring--n8--containment_drill--r4,benign,8,0,0.0,0,0,0,0,,0,0,,True
43,No Defense,benign--slice_management--star--n10--maintenance_notice--r6,benign,10,0,0.0,0,0,0,0,,1,0,0.0,True
43,DonkeyRail,benign--slice_management--star--n10--maintenance_notice--r6,benign,10,0,0.0,0,0,0,0,,1,0,0.0,True
43,WormShield,benign--slice_management--star--n10--maintenance_notice--r6,benign,10,0,0.0,0,0,0,0,,1,0,0.0,True
43,No Defense,benign--slice_management--star--n10--quoted_attack_review--r3,benign,10,0,0.0,0,0,0,0,,1,0,0.0,True
43,DonkeyRail,benign--slice_management--star--n10--quoted_attack_review--r3,benign,10,0,0.0,0,0,0,0,,1,0,0.0,True
43,WormShield,benign--slice_management--star--n10--quoted_attack_review--r3,benign,10,0,0.0,0,0,0,0,,1,0,0.0,True
43,No Defense,benign--slice_management--star--n15--containment_drill--r2,benign,15,0,0.0,0,0,0,0,,0,0,,True
43,DonkeyRail,benign--slice_management--star--n15--containment_drill--r2,benign,15,0,0.0,0,0,0,0,,0,0,,True
43,WormShield,benign--slice_management--star--n15--containment_drill--r2,benign,15,0,0.0,0,0,0,0,,0,0,,True
43,No Defense,benign--slice_management--star--n15--maintenance_notice--r4,benign,15,0,0.0,0,0,0,0,,1,0,0.0,True
43,DonkeyRail,benign--slice_management--star--n15--maintenance_notice--r4,benign,15,0,0.0,0,0,0,0,,1,1,100.0,True
43,WormShield,benign--slice_management--star--n15--maintenance_notice--r4,benign,15,0,0.0,0,0,0,0,,1,0,0.0,True
43,No Defense,benign--slice_management--star--n20--maintenance_notice--r2,benign,20,0,0.0,0,0,0,0,,0,0,,True
43,DonkeyRail,benign--slice_management--star--n20--maintenance_notice--r2,benign,20,0,0.0,0,0,0,0,,0,0,,True
43,WormShield,benign--slice_management--star--n20--maintenance_notice--r2,benign,20,0,0.0,0,0,0,0,,0,0,,True
43,No Defense,benign--slice_management--star--n4--routine_update--r1,benign,4,0,0.0,0,0,0,0,,0,0,,True
43,DonkeyRail,benign--slice_management--star--n4--routine_update--r1,benign,4,0,0.0,0,0,0,0,,0,0,,True
43,WormShield,benign--slice_management--star--n4--routine_update--r1,benign,4,0,0.0,0,0,0,0,,0,0,,True
43,No Defense,mal--assurance_triage--chain--n15--slice_takeover--r1,malicious,15,3,21.428571428571427,3,3,0,3,0.0,0,0,,False
43,DonkeyRail,mal--assurance_triage--chain--n15--slice_takeover--r1,malicious,15,0,0.0,0,1,1,0,100.0,0,0,,True
43,WormShield,mal--assurance_triage--chain--n15--slice_takeover--r1,malicious,15,0,0.0,0,1,1,0,100.0,0,0,,True
43,No Defense,mal--assurance_triage--chain--n20--control_plane_worm--r2,malicious,20,1,5.2631578947368425,1,1,0,1,0.0,0,0,,False
43,DonkeyRail,mal--assurance_triage--chain--n20--control_plane_worm--r2,malicious,20,0,0.0,0,1,1,0,100.0,0,0,,True
43,WormShield,mal--assurance_triage--chain--n20--control_plane_worm--r2,malicious,20,0,0.0,0,1,1,0,100.0,0,0,,True
43,No Defense,mal--assurance_triage--chain--n20--recovery_poisoning--r6,malicious,20,2,10.526315789473685,1,2,0,2,0.0,0,0,,False
43,DonkeyRail,mal--assurance_triage--chain--n20--recovery_poisoning--r6,malicious,20,0,0.0,0,2,2,0,100.0,0,0,,True
43,WormShield,mal--assurance_triage--chain--n20--recovery_poisoning--r6,malicious,20,0,0.0,0,2,2,0,100.0,0,0,,True
43,No Defense,mal--assurance_triage--chain--n8--recovery_poisoning--r4,malicious,8,0,0.0,0,0,0,0,,0,0,,True
43,DonkeyRail,mal--assurance_triage--chain--n8--recovery_poisoning--r4,malicious,8,0,0.0,0,0,0,0,,0,0,,True
43,WormShield,mal--assurance_triage--chain--n8--recovery_poisoning--r4,malicious,8,0,0.0,0,0,0,0,,0,0,,True
43,No Defense,mal--assurance_triage--mesh_lite--n20--recovery_poisoning--r1,malicious,20,0,0.0,0,0,0,0,,0,0,,True
43,DonkeyRail,mal--assurance_triage--mesh_lite--n20--recovery_poisoning--r1,malicious,20,0,0.0,0,0,0,0,,0,0,,True
43,WormShield,mal--assurance_triage--mesh_lite--n20--recovery_poisoning--r1,malicious,20,0,0.0,0,0,0,0,,0,0,,True
43,No Defense,mal--assurance_triage--mesh_lite--n4--guard_suppression--r3,malicious,4,2,66.66666666666667,2,3,0,3,0.0,0,0,,False
43,DonkeyRail,mal--assurance_triage--mesh_lite--n4--guard_suppression--r3,malicious,4,0,0.0,0,2,2,0,100.0,0,0,,True
43,WormShield,mal--assurance_triage--mesh_lite--n4--guard_suppression--r3,malicious,4,0,0.0,0,2,2,0,100.0,0,0,,True
43,No Defense,mal--assurance_triage--random_min_degree--n10--guard_suppression--r1,malicious,10,0,0.0,0,0,0,0,,0,0,,True
43,DonkeyRail,mal--assurance_triage--random_min_degree--n10--guard_suppression--r1,malicious,10,0,0.0,0,0,0,0,,0,0,,True
43,WormShield,mal--assurance_triage--random_min_degree--n10--guard_suppression--r1,malicious,10,0,0.0,0,0,0,0,,0,0,,True
43,No Defense,mal--assurance_triage--random_min_degree--n15--guard_suppression--r5,malicious,15,2,14.285714285714286,1,2,0,2,0.0,0,0,,False
43,DonkeyRail,mal--assurance_triage--random_min_degree--n15--guard_suppression--r5,malicious,15,0,0.0,0,2,2,0,100.0,0,0,,True
43,WormShield,mal--assurance_triage--random_min_degree--n15--guard_suppression--r5,malicious,15,0,0.0,0,2,2,0,100.0,0,0,,True
43,No Defense,mal--assurance_triage--random_min_degree--n20--guard_suppression--r4,malicious,20,2,10.526315789473685,1,2,0,2,0.0,3,0,0.0,False
43,DonkeyRail,mal--assurance_triage--random_min_degree--n20--guard_suppression--r4,malicious,20,0,0.0,0,2,2,0,100.0,0,0,,True
43,WormShield,mal--assurance_triage--random_min_degree--n20--guard_suppression--r4,malicious,20,0,0.0,0,2,2,0,100.0,0,0,,True
43,No Defense,mal--assurance_triage--random_min_degree--n4--guard_suppression--r3,malicious,4,2,66.66666666666667,1,2,0,2,0.0,1,0,0.0,False
43,DonkeyRail,mal--assurance_triage--random_min_degree--n4--guard_suppression--r3,malicious,4,0,0.0,0,2,2,0,100.0,0,0,,True
43,WormShield,mal--assurance_triage--random_min_degree--n4--guard_suppression--r3,malicious,4,0,0.0,0,2,2,0,100.0,0,0,,True
43,No Defense,mal--assurance_triage--ring--n10--slice_takeover--r5,malicious,10,0,0.0,0,0,0,0,,0,0,,True
43,DonkeyRail,mal--assurance_triage--ring--n10--slice_takeover--r5,malicious,10,0,0.0,0,0,0,0,,0,0,,True
43,WormShield,mal--assurance_triage--ring--n10--slice_takeover--r5,malicious,10,0,0.0,0,0,0,0,,0,0,,True
43,No Defense,mal--assurance_triage--ring--n15--recovery_poisoning--r2,malicious,15,2,14.285714285714286,2,2,0,2,0.0,0,0,,False
43,DonkeyRail,mal--assurance_triage--ring--n15--recovery_poisoning--r2,malicious,15,0,0.0,0,1,1,0,100.0,0,0,,True
43,WormShield,mal--assurance_triage--ring--n15--recovery_poisoning--r2,malicious,15,0,0.0,0,1,1,0,100.0,0,0,,True
43,No Defense,mal--assurance_triage--ring--n20--guard_suppression--r4,malicious,20,4,21.05263157894737,4,4,0,4,0.0,0,0,,False
43,DonkeyRail,mal--assurance_triage--ring--n20--guard_suppression--r4,malicious,20,0,0.0,0,1,1,0,100.0,0,0,,True
43,WormShield,mal--assurance_triage--ring--n20--guard_suppression--r4,malicious,20,0,0.0,0,1,1,0,100.0,0,0,,True
43,No Defense,mal--assurance_triage--ring--n4--exfiltration_propagation--r4,malicious,4,1,33.333333333333336,1,1,0,1,0.0,3,0,0.0,False
43,DonkeyRail,mal--assurance_triage--ring--n4--exfiltration_propagation--r4,malicious,4,1,33.333333333333336,1,1,0,1,0.0,1,1,100.0,False
43,WormShield,mal--assurance_triage--ring--n4--exfiltration_propagation--r4,malicious,4,1,33.333333333333336,1,1,0,1,0.0,3,0,0.0,False
43,No Defense,mal--assurance_triage--star--n15--control_plane_worm--r3,malicious,15,1,7.142857142857143,1,1,0,1,0.0,0,0,,False
43,DonkeyRail,mal--assurance_triage--star--n15--control_plane_worm--r3,malicious,15,1,7.142857142857143,1,1,0,1,0.0,0,0,,False
43,WormShield,mal--assurance_triage--star--n15--control_plane_worm--r3,malicious,15,0,0.0,0,1,1,0,100.0,0,0,,True
43,No Defense,mal--assurance_triage--star--n15--recovery_poisoning--r2,malicious,15,1,7.142857142857143,1,1,0,1,0.0,3,0,0.0,False
43,DonkeyRail,mal--assurance_triage--star--n15--recovery_poisoning--r2,malicious,15,0,0.0,0,1,1,0,100.0,0,0,,True
43,WormShield,mal--assurance_triage--star--n15--recovery_poisoning--r2,malicious,15,1,7.142857142857143,1,1,0,1,0.0,3,3,100.0,False
43,No Defense,mal--assurance_triage--star--n20--guard_suppression--r4,malicious,20,1,5.2631578947368425,1,1,0,1,0.0,0,0,,False
43,DonkeyRail,mal--assurance_triage--star--n20--guard_suppression--r4,malicious,20,0,0.0,0,1,1,0,100.0,0,0,,True
43,WormShield,mal--assurance_triage--star--n20--guard_suppression--r4,malicious,20,0,0.0,0,1,1,0,100.0,0,0,,True
43,No Defense,mal--assurance_triage--star--n8--guard_suppression--r1,malicious,8,1,14.285714285714286,1,1,0,1,0.0,0,0,,False
43,DonkeyRail,mal--assurance_triage--star--n8--guard_suppression--r1,malicious,8,1,14.285714285714286,1,1,0,1,0.0,0,0,,False
43,WormShield,mal--assurance_triage--star--n8--guard_suppression--r1,malicious,8,0,0.0,0,1,1,0,100.0,0,0,,True
43,No Defense,mal--assurance_triage--star--n8--guard_suppression--r2,malicious,8,1,14.285714285714286,1,1,0,1,0.0,0,0,,False
43,DonkeyRail,mal--assurance_triage--star--n8--guard_suppression--r2,malicious,8,0,0.0,0,1,1,0,100.0,0,0,,True
43,WormShield,mal--assurance_triage--star--n8--guard_suppression--r2,malicious,8,0,0.0,0,1,1,0,100.0,0,0,,True
43,No Defense,mal--edge_mesh--chain--n10--guard_suppression--r1,malicious,10,1,11.11111111111111,1,1,0,1,0.0,0,0,,False
43,DonkeyRail,mal--edge_mesh--chain--n10--guard_suppression--r1,malicious,10,0,0.0,0,1,1,0,100.0,0,0,,True
43,WormShield,mal--edge_mesh--chain--n10--guard_suppression--r1,malicious,10,1,11.11111111111111,1,1,0,1,0.0,0,0,,False
43,No Defense,mal--edge_mesh--chain--n10--recovery_poisoning--r3,malicious,10,3,33.333333333333336,2,3,0,3,0.0,2,0,0.0,False
43,DonkeyRail,mal--edge_mesh--chain--n10--recovery_poisoning--r3,malicious,10,0,0.0,0,2,2,0,100.0,0,0,,True
43,WormShield,mal--edge_mesh--chain--n10--recovery_poisoning--r3,malicious,10,0,0.0,0,2,2,0,100.0,0,0,,True
43,No Defense,mal--edge_mesh--chain--n20--exfiltration_propagation--r1,malicious,20,2,10.526315789473685,2,2,0,2,0.0,0,0,,False
43,DonkeyRail,mal--edge_mesh--chain--n20--exfiltration_propagation--r1,malicious,20,0,0.0,0,1,1,0,100.0,0,0,,True
43,WormShield,mal--edge_mesh--chain--n20--exfiltration_propagation--r1,malicious,20,0,0.0,0,1,1,0,100.0,0,0,,True
43,No Defense,mal--edge_mesh--chain--n20--recovery_poisoning--r6,malicious,20,1,5.2631578947368425,1,1,0,1,0.0,0,0,,False
43,DonkeyRail,mal--edge_mesh--chain--n20--recovery_poisoning--r6,malicious,20,0,0.0,0,1,1,0,100.0,0,0,,True
43,WormShield,mal--edge_mesh--chain--n20--recovery_poisoning--r6,malicious,20,0,0.0,0,1,1,0,100.0,0,0,,True
43,No Defense,mal--edge_mesh--chain--n20--slice_takeover--r3,malicious,20,2,10.526315789473685,2,2,0,2,0.0,0,0,,False
43,DonkeyRail,mal--edge_mesh--chain--n20--slice_takeover--r3,malicious,20,0,0.0,0,1,1,0,100.0,0,0,,True
43,WormShield,mal--edge_mesh--chain--n20--slice_takeover--r3,malicious,20,0,0.0,0,1,1,0,100.0,0,0,,True
43,No Defense,mal--edge_mesh--random_min_degree--n10--control_plane_worm--r2,malicious,10,3,33.333333333333336,2,3,0,3,0.0,1,0,0.0,False
43,DonkeyRail,mal--edge_mesh--random_min_degree--n10--control_plane_worm--r2,malicious,10,0,0.0,0,2,2,0,100.0,0,0,,True
43,WormShield,mal--edge_mesh--random_min_degree--n10--control_plane_worm--r2,malicious,10,0,0.0,0,2,2,0,100.0,0,0,,True
43,No Defense,mal--edge_mesh--ring--n8--guard_suppression--r1,malicious,8,1,14.285714285714286,1,1,0,1,0.0,0,0,,False
43,DonkeyRail,mal--edge_mesh--ring--n8--guard_suppression--r1,malicious,8,0,0.0,0,1,1,0,100.0,0,0,,True
43,WormShield,mal--edge_mesh--ring--n8--guard_suppression--r1,malicious,8,0,0.0,0,1,1,0,100.0,0,0,,True
43,No Defense,mal--edge_mesh--star--n10--control_plane_worm--r4,malicious,10,1,11.11111111111111,1,1,0,1,0.0,0,0,,False
43,DonkeyRail,mal--edge_mesh--star--n10--control_plane_worm--r4,malicious,10,0,0.0,0,1,1,0,100.0,0,0,,True
43,WormShield,mal--edge_mesh--star--n10--control_plane_worm--r4,malicious,10,0,0.0,0,1,1,0,100.0,0,0,,True
43,No Defense,mal--edge_mesh--star--n10--recovery_poisoning--r3,malicious,10,1,11.11111111111111,1,1,0,1,0.0,0,0,,False
43,DonkeyRail,mal--edge_mesh--star--n10--recovery_poisoning--r3,malicious,10,0,0.0,0,1,1,0,100.0,0,0,,True
43,WormShield,mal--edge_mesh--star--n10--recovery_poisoning--r3,malicious,10,0,0.0,0,1,1,0,100.0,0,0,,True
43,No Defense,mal--edge_mesh--star--n15--recovery_poisoning--r2,malicious,15,1,7.142857142857143,1,1,0,1,0.0,0,0,,False
43,DonkeyRail,mal--edge_mesh--star--n15--recovery_poisoning--r2,malicious,15,0,0.0,0,1,1,0,100.0,0,0,,True
43,WormShield,mal--edge_mesh--star--n15--recovery_poisoning--r2,malicious,15,0,0.0,0,1,1,0,100.0,0,0,,True
43,No Defense,mal--edge_mesh--star--n15--slice_takeover--r4,malicious,15,1,7.142857142857143,1,1,0,1,0.0,0,0,,False
43,DonkeyRail,mal--edge_mesh--star--n15--slice_takeover--r4,malicious,15,0,0.0,0,1,1,0,100.0,0,0,,True
43,WormShield,mal--edge_mesh--star--n15--slice_takeover--r4,malicious,15,0,0.0,0,1,1,0,100.0,0,0,,True
43,No Defense,mal--ran_orchestration--chain--n10--guard_suppression--r1,malicious,10,1,11.11111111111111,1,1,0,1,0.0,0,0,,False
43,DonkeyRail,mal--ran_orchestration--chain--n10--guard_suppression--r1,malicious,10,1,11.11111111111111,1,1,0,1,0.0,0,0,,False
43,WormShield,mal--ran_orchestration--chain--n10--guard_suppression--r1,malicious,10,1,11.11111111111111,1,1,0,1,0.0,0,0,,False
43,No Defense,mal--ran_orchestration--chain--n15--recovery_poisoning--r2,malicious,15,3,21.428571428571427,2,3,0,3,0.0,0,0,,False
43,DonkeyRail,mal--ran_orchestration--chain--n15--recovery_poisoning--r2,malicious,15,0,0.0,0,2,2,0,100.0,0,0,,True
43,WormShield,mal--ran_orchestration--chain--n15--recovery_poisoning--r2,malicious,15,0,0.0,0,2,2,0,100.0,0,0,,True
43,No Defense,mal--ran_orchestration--chain--n20--recovery_poisoning--r1,malicious,20,4,21.05263157894737,4,4,0,4,0.0,0,0,,False
43,DonkeyRail,mal--ran_orchestration--chain--n20--recovery_poisoning--r1,malicious,20,1,5.2631578947368425,1,2,1,1,50.0,0,0,,False
43,WormShield,mal--ran_orchestration--chain--n20--recovery_poisoning--r1,malicious,20,0,0.0,0,1,1,0,100.0,0,0,,True
43,No Defense,mal--ran_orchestration--chain--n20--recovery_poisoning--r2,malicious,20,1,5.2631578947368425,1,1,0,1,0.0,0,0,,False
43,DonkeyRail,mal--ran_orchestration--chain--n20--recovery_poisoning--r2,malicious,20,0,0.0,0,1,1,0,100.0,0,0,,True
43,WormShield,mal--ran_orchestration--chain--n20--recovery_poisoning--r2,malicious,20,0,0.0,0,1,1,0,100.0,0,0,,True
43,No Defense,mal--ran_orchestration--chain--n20--recovery_poisoning--r6,malicious,20,3,15.789473684210526,2,3,0,3,0.0,0,0,,False
43,DonkeyRail,mal--ran_orchestration--chain--n20--recovery_poisoning--r6,malicious,20,0,0.0,0,2,2,0,100.0,0,0,,True
43,WormShield,mal--ran_orchestration--chain--n20--recovery_poisoning--r6,malicious,20,0,0.0,0,2,2,0,100.0,0,0,,True
43,No Defense,mal--ran_orchestration--chain--n20--slice_takeover--r3,malicious,20,1,5.2631578947368425,1,1,0,1,0.0,0,0,,False
43,DonkeyRail,mal--ran_orchestration--chain--n20--slice_takeover--r3,malicious,20,0,0.0,0,1,1,0,100.0,0,0,,True
43,WormShield,mal--ran_orchestration--chain--n20--slice_takeover--r3,malicious,20,0,0.0,0,1,1,0,100.0,0,0,,True
43,No Defense,mal--ran_orchestration--random_min_degree--n10--control_plane_worm--r4,malicious,10,1,11.11111111111111,1,1,0,1,0.0,2,0,0.0,False
43,DonkeyRail,mal--ran_orchestration--random_min_degree--n10--control_plane_worm--r4,malicious,10,1,11.11111111111111,1,1,0,1,0.0,2,0,0.0,False
43,WormShield,mal--ran_orchestration--random_min_degree--n10--control_plane_worm--r4,malicious,10,0,0.0,0,1,1,0,100.0,0,0,,True
43,No Defense,mal--ran_orchestration--random_min_degree--n10--exfiltration_propagation--r2,malicious,10,1,11.11111111111111,1,1,0,1,0.0,0,0,,False
43,DonkeyRail,mal--ran_orchestration--random_min_degree--n10--exfiltration_propagation--r2,malicious,10,0,0.0,0,1,1,0,100.0,0,0,,True
43,WormShield,mal--ran_orchestration--random_min_degree--n10--exfiltration_propagation--r2,malicious,10,0,0.0,0,1,1,0,100.0,0,0,,True
43,No Defense,mal--ran_orchestration--random_min_degree--n20--recovery_poisoning--r2,malicious,20,1,5.2631578947368425,1,1,0,1,0.0,0,0,,False
43,DonkeyRail,mal--ran_orchestration--random_min_degree--n20--recovery_poisoning--r2,malicious,20,0,0.0,0,1,1,0,100.0,0,0,,True
43,WormShield,mal--ran_orchestration--random_min_degree--n20--recovery_poisoning--r2,malicious,20,0,0.0,0,1,1,0,100.0,0,0,,True
43,No Defense,mal--ran_orchestration--random_min_degree--n20--recovery_poisoning--r6,malicious,20,1,5.2631578947368425,1,1,0,1,0.0,1,0,0.0,False
43,DonkeyRail,mal--ran_orchestration--random_min_degree--n20--recovery_poisoning--r6,malicious,20,0,0.0,0,1,1,0,100.0,0,0,,True
43,WormShield,mal--ran_orchestration--random_min_degree--n20--recovery_poisoning--r6,malicious,20,0,0.0,0,1,1,0,100.0,0,0,,True
43,No Defense,mal--ran_orchestration--ring--n10--exfiltration_propagation--r2,malicious,10,2,22.22222222222222,1,2,0,2,0.0,0,0,,False
43,DonkeyRail,mal--ran_orchestration--ring--n10--exfiltration_propagation--r2,malicious,10,0,0.0,0,2,2,0,100.0,0,0,,True
43,WormShield,mal--ran_orchestration--ring--n10--exfiltration_propagation--r2,malicious,10,0,0.0,0,2,2,0,100.0,0,0,,True
43,No Defense,mal--ran_orchestration--star--n15--recovery_poisoning--r2,malicious,15,1,7.142857142857143,1,1,0,1,0.0,0,0,,False
43,DonkeyRail,mal--ran_orchestration--star--n15--recovery_poisoning--r2,malicious,15,0,0.0,0,1,1,0,100.0,0,0,,True
43,WormShield,mal--ran_orchestration--star--n15--recovery_poisoning--r2,malicious,15,0,0.0,0,1,1,0,100.0,0,0,,True
43,No Defense,mal--ran_orchestration--star--n20--recovery_poisoning--r6,malicious,20,1,5.2631578947368425,1,1,0,1,0.0,0,0,,False
43,DonkeyRail,mal--ran_orchestration--star--n20--recovery_poisoning--r6,malicious,20,0,0.0,0,1,1,0,100.0,0,0,,True
43,WormShield,mal--ran_orchestration--star--n20--recovery_poisoning--r6,malicious,20,0,0.0,0,1,1,0,100.0,0,0,,True
43,No Defense,mal--ran_orchestration--star--n4--exfiltration_propagation--r4,malicious,4,2,66.66666666666667,2,2,0,2,0.0,0,0,,False
43,DonkeyRail,mal--ran_orchestration--star--n4--exfiltration_propagation--r4,malicious,4,0,0.0,0,1,1,0,100.0,0,0,,True
43,WormShield,mal--ran_orchestration--star--n4--exfiltration_propagation--r4,malicious,4,0,0.0,0,1,1,0,100.0,0,0,,True
43,No Defense,mal--ran_orchestration--star--n4--slice_takeover--r2,malicious,4,1,33.333333333333336,1,1,0,1,0.0,0,0,,False
43,DonkeyRail,mal--ran_orchestration--star--n4--slice_takeover--r2,malicious,4,0,0.0,0,1,1,0,100.0,0,0,,True
43,WormShield,mal--ran_orchestration--star--n4--slice_takeover--r2,malicious,4,0,0.0,0,1,1,0,100.0,0,0,,True
43,No Defense,mal--slice_management--chain--n10--guard_suppression--r6,malicious,10,1,11.11111111111111,1,1,0,1,0.0,0,0,,False
43,DonkeyRail,mal--slice_management--chain--n10--guard_suppression--r6,malicious,10,0,0.0,0,1,1,0,100.0,0,0,,True
43,WormShield,mal--slice_management--chain--n10--guard_suppression--r6,malicious,10,0,0.0,0,1,1,0,100.0,0,0,,True
43,No Defense,mal--slice_management--chain--n20--recovery_poisoning--r2,malicious,20,1,5.2631578947368425,1,1,0,1,0.0,0,0,,False
43,DonkeyRail,mal--slice_management--chain--n20--recovery_poisoning--r2,malicious,20,1,5.2631578947368425,1,1,0,1,0.0,0,0,,False
43,WormShield,mal--slice_management--chain--n20--recovery_poisoning--r2,malicious,20,0,0.0,0,1,1,0,100.0,0,0,,True
43,No Defense,mal--slice_management--mesh_lite--n20--control_plane_worm--r2,malicious,20,3,15.789473684210526,4,6,0,6,0.0,0,0,,False
43,DonkeyRail,mal--slice_management--mesh_lite--n20--control_plane_worm--r2,malicious,20,0,0.0,0,2,2,0,100.0,0,0,,True
43,WormShield,mal--slice_management--mesh_lite--n20--control_plane_worm--r2,malicious,20,0,0.0,0,2,2,0,100.0,0,0,,True
43,No Defense,mal--slice_management--mesh_lite--n4--exfiltration_propagation--r4,malicious,4,3,100.0,2,6,0,6,0.0,0,0,,False
43,DonkeyRail,mal--slice_management--mesh_lite--n4--exfiltration_propagation--r4,malicious,4,3,100.0,1,5,2,3,40.0,0,0,,False
43,WormShield,mal--slice_management--mesh_lite--n4--exfiltration_propagation--r4,malicious,4,0,0.0,0,3,3,0,100.0,0,0,,True
43,No Defense,mal--slice_management--mesh_lite--n8--exfiltration_propagation--r3,malicious,8,2,28.571428571428573,1,2,0,2,0.0,0,0,,False
43,DonkeyRail,mal--slice_management--mesh_lite--n8--exfiltration_propagation--r3,malicious,8,0,0.0,0,2,2,0,100.0,0,0,,True
43,WormShield,mal--slice_management--mesh_lite--n8--exfiltration_propagation--r3,malicious,8,0,0.0,0,2,2,0,100.0,0,0,,True
43,No Defense,mal--slice_management--mesh_lite--n8--slice_takeover--r1,malicious,8,3,42.857142857142854,4,7,0,7,0.0,0,0,,False
43,DonkeyRail,mal--slice_management--mesh_lite--n8--slice_takeover--r1,malicious,8,1,14.285714285714286,1,2,1,1,50.0,0,0,,False
43,WormShield,mal--slice_management--mesh_lite--n8--slice_takeover--r1,malicious,8,0,0.0,0,1,1,0,100.0,0,0,,True
43,No Defense,mal--slice_management--random_min_degree--n10--guard_suppression--r6,malicious,10,1,11.11111111111111,1,1,0,1,0.0,2,0,0.0,False
43,DonkeyRail,mal--slice_management--random_min_degree--n10--guard_suppression--r6,malicious,10,0,0.0,0,1,1,0,100.0,0,0,,True
43,WormShield,mal--slice_management--random_min_degree--n10--guard_suppression--r6,malicious,10,0,0.0,0,1,1,0,100.0,0,0,,True
43,No Defense,mal--slice_management--random_min_degree--n10--recovery_poisoning--r3,malicious,10,1,11.11111111111111,1,1,0,1,0.0,3,0,0.0,False
43,DonkeyRail,mal--slice_management--random_min_degree--n10--recovery_poisoning--r3,malicious,10,1,11.11111111111111,1,1,0,1,0.0,3,0,0.0,False
43,WormShield,mal--slice_management--random_min_degree--n10--recovery_poisoning--r3,malicious,10,0,0.0,0,1,1,0,100.0,0,0,,True
43,No Defense,mal--slice_management--random_min_degree--n15--guard_suppression--r2,malicious,15,4,28.571428571428573,2,4,0,4,0.0,0,0,,False
43,DonkeyRail,mal--slice_management--random_min_degree--n15--guard_suppression--r2,malicious,15,0,0.0,0,2,2,0,100.0,0,0,,True
43,WormShield,mal--slice_management--random_min_degree--n15--guard_suppression--r2,malicious,15,0,0.0,0,2,2,0,100.0,0,0,,True
43,No Defense,mal--slice_management--random_min_degree--n20--recovery_poisoning--r2,malicious,20,6,31.57894736842105,4,6,0,6,0.0,0,0,,False
43,DonkeyRail,mal--slice_management--random_min_degree--n20--recovery_poisoning--r2,malicious,20,0,0.0,0,2,2,0,100.0,0,0,,True
43,WormShield,mal--slice_management--random_min_degree--n20--recovery_poisoning--r2,malicious,20,0,0.0,0,2,2,0,100.0,0,0,,True
43,No Defense,mal--slice_management--ring--n15--slice_takeover--r4,malicious,15,4,28.571428571428573,3,4,0,4,0.0,0,0,,False
43,DonkeyRail,mal--slice_management--ring--n15--slice_takeover--r4,malicious,15,0,0.0,0,2,2,0,100.0,0,0,,True
43,WormShield,mal--slice_management--ring--n15--slice_takeover--r4,malicious,15,0,0.0,0,2,2,0,100.0,0,0,,True
43,No Defense,mal--slice_management--ring--n20--slice_takeover--r3,malicious,20,4,21.05263157894737,3,4,0,4,0.0,0,0,,False
43,DonkeyRail,mal--slice_management--ring--n20--slice_takeover--r3,malicious,20,0,0.0,0,2,2,0,100.0,0,0,,True
43,WormShield,mal--slice_management--ring--n20--slice_takeover--r3,malicious,20,0,0.0,0,2,2,0,100.0,0,0,,True
43,No Defense,mal--slice_management--star--n10--recovery_poisoning--r1,malicious,10,1,11.11111111111111,1,1,0,1,0.0,0,0,,False
43,DonkeyRail,mal--slice_management--star--n10--recovery_poisoning--r1,malicious,10,1,11.11111111111111,1,1,0,1,0.0,0,0,,False
43,WormShield,mal--slice_management--star--n10--recovery_poisoning--r1,malicious,10,1,11.11111111111111,1,1,0,1,0.0,0,0,,False
43,No Defense,mal--slice_management--star--n4--exfiltration_propagation--r4,malicious,4,1,33.333333333333336,1,1,0,1,0.0,0,0,,False
43,DonkeyRail,mal--slice_management--star--n4--exfiltration_propagation--r4,malicious,4,1,33.333333333333336,1,1,0,1,0.0,0,0,,False
43,WormShield,mal--slice_management--star--n4--exfiltration_propagation--r4,malicious,4,0,0.0,0,1,1,0,100.0,0,0,,True
59,No Defense,benign--assurance_triage--chain--n20--routine_update--r1,benign,20,0,0.0,0,0,0,0,,0,0,,True
59,DonkeyRail,benign--assurance_triage--chain--n20--routine_update--r1,benign,20,0,0.0,0,0,0,0,,0,0,,True
59,WormShield,benign--assurance_triage--chain--n20--routine_update--r1,benign,20,0,0.0,0,0,0,0,,0,0,,True
59,No Defense,benign--assurance_triage--mesh_lite--n20--containment_drill--r6,benign,20,0,0.0,0,0,0,0,,1,0,0.0,True
59,DonkeyRail,benign--assurance_triage--mesh_lite--n20--containment_drill--r6,benign,20,0,0.0,0,0,0,0,,1,1,100.0,True
59,WormShield,benign--assurance_triage--mesh_lite--n20--containment_drill--r6,benign,20,0,0.0,0,0,0,0,,1,0,0.0,True
59,No Defense,benign--assurance_triage--mesh_lite--n4--routine_update--r3,benign,4,0,0.0,0,0,0,0,,0,0,,True
59,DonkeyRail,benign--assurance_triage--mesh_lite--n4--routine_update--r3,benign,4,0,0.0,0,0,0,0,,0,0,,True
59,WormShield,benign--assurance_triage--mesh_lite--n4--routine_update--r3,benign,4,0,0.0,0,0,0,0,,0,0,,True
59,No Defense,benign--assurance_triage--random_min_degree--n10--quoted_attack_review--r3,benign,10,0,0.0,0,0,0,0,,2,0,0.0,True
59,DonkeyRail,benign--assurance_triage--random_min_degree--n10--quoted_attack_review--r3,benign,10,0,0.0,0,0,0,0,,2,1,50.0,True
59,WormShield,benign--assurance_triage--random_min_degree--n10--quoted_attack_review--r3,benign,10,0,0.0,0,0,0,0,,2,0,0.0,True
59,No Defense,benign--assurance_triage--random_min_degree--n15--routine_update--r3,benign,15,0,0.0,0,0,0,0,,2,0,0.0,True
59,DonkeyRail,benign--assurance_triage--random_min_degree--n15--routine_update--r3,benign,15,0,0.0,0,0,0,0,,2,0,0.0,True
59,WormShield,benign--assurance_triage--random_min_degree--n15--routine_update--r3,benign,15,0,0.0,0,0,0,0,,2,0,0.0,True
59,No Defense,benign--assurance_triage--random_min_degree--n20--containment_drill--r4,benign,20,0,0.0,0,0,0,0,,0,0,,True
59,DonkeyRail,benign--assurance_triage--random_min_degree--n20--containment_drill--r4,benign,20,0,0.0,0,0,0,0,,0,0,,True
59,WormShield,benign--assurance_triage--random_min_degree--n20--containment_drill--r4,benign,20,0,0.0,0,0,0,0,,0,0,,True
59,No Defense,benign--assurance_triage--random_min_degree--n20--maintenance_notice--r2,benign,20,0,0.0,0,0,0,0,,0,0,,True
59,DonkeyRail,benign--assurance_triage--random_min_degree--n20--maintenance_notice--r2,benign,20,0,0.0,0,0,0,0,,0,0,,True
59,WormShield,benign--assurance_triage--random_min_degree--n20--maintenance_notice--r2,benign,20,0,0.0,0,0,0,0,,0,0,,True
59,No Defense,benign--assurance_triage--random_min_degree--n4--maintenance_notice--r6,benign,4,0,0.0,0,0,0,0,,1,0,0.0,True
59,DonkeyRail,benign--assurance_triage--random_min_degree--n4--maintenance_notice--r6,benign,4,0,0.0,0,0,0,0,,1,1,100.0,True
59,WormShield,benign--assurance_triage--random_min_degree--n4--maintenance_notice--r6,benign,4,0,0.0,0,0,0,0,,1,0,0.0,True
59,No Defense,benign--assurance_triage--random_min_degree--n8--containment_drill--r6,benign,8,0,0.0,0,0,0,0,,0,0,,True
59,DonkeyRail,benign--assurance_triage--random_min_degree--n8--containment_drill--r6,benign,8,0,0.0,0,0,0,0,,0,0,,True
59,WormShield,benign--assurance_triage--random_min_degree--n8--containment_drill--r6,benign,8,0,0.0,0,0,0,0,,0,0,,True
59,No Defense,benign--assurance_triage--ring--n10--containment_drill--r4,benign,10,0,0.0,0,0,0,0,,5,0,0.0,True
59,DonkeyRail,benign--assurance_triage--ring--n10--containment_drill--r4,benign,10,0,0.0,0,0,0,0,,2,2,100.0,True
59,WormShield,benign--assurance_triage--ring--n10--containment_drill--r4,benign,10,0,0.0,0,0,0,0,,5,0,0.0,True
59,No Defense,benign--assurance_triage--star--n10--quoted_attack_review--r5,benign,10,0,0.0,0,0,0,0,,0,0,,True
59,DonkeyRail,benign--assurance_triage--star--n10--quoted_attack_review--r5,benign,10,0,0.0,0,0,0,0,,0,0,,True
59,WormShield,benign--assurance_triage--star--n10--quoted_attack_review--r5,benign,10,0,0.0,0,0,0,0,,0,0,,True
59,No Defense,benign--assurance_triage--star--n15--routine_update--r1,benign,15,0,0.0,0,0,0,0,,0,0,,True
59,DonkeyRail,benign--assurance_triage--star--n15--routine_update--r1,benign,15,0,0.0,0,0,0,0,,0,0,,True
59,WormShield,benign--assurance_triage--star--n15--routine_update--r1,benign,15,0,0.0,0,0,0,0,,0,0,,True
59,No Defense,benign--assurance_triage--star--n20--routine_update--r3,benign,20,0,0.0,0,0,0,0,,1,0,0.0,True
59,DonkeyRail,benign--assurance_triage--star--n20--routine_update--r3,benign,20,0,0.0,0,0,0,0,,1,0,0.0,True
59,WormShield,benign--assurance_triage--star--n20--routine_update--r3,benign,20,0,0.0,0,0,0,0,,1,0,0.0,True
59,No Defense,benign--assurance_triage--star--n4--containment_drill--r6,benign,4,0,0.0,0,0,0,0,,0,0,,True
59,DonkeyRail,benign--assurance_triage--star--n4--containment_drill--r6,benign,4,0,0.0,0,0,0,0,,0,0,,True
59,WormShield,benign--assurance_triage--star--n4--containment_drill--r6,benign,4,0,0.0,0,0,0,0,,0,0,,True
59,No Defense,benign--assurance_triage--star--n8--quoted_attack_review--r3,benign,8,0,0.0,0,0,0,0,,0,0,,True
59,DonkeyRail,benign--assurance_triage--star--n8--quoted_attack_review--r3,benign,8,0,0.0,0,0,0,0,,0,0,,True
59,WormShield,benign--assurance_triage--star--n8--quoted_attack_review--r3,benign,8,0,0.0,0,0,0,0,,0,0,,True
59,No Defense,benign--edge_mesh--chain--n10--maintenance_notice--r4,benign,10,0,0.0,0,0,0,0,,1,0,0.0,True
59,DonkeyRail,benign--edge_mesh--chain--n10--maintenance_notice--r4,benign,10,0,0.0,0,0,0,0,,1,1,100.0,True
59,WormShield,benign--edge_mesh--chain--n10--maintenance_notice--r4,benign,10,0,0.0,0,0,0,0,,1,0,0.0,True
59,No Defense,benign--edge_mesh--chain--n15--containment_drill--r4,benign,15,0,0.0,0,0,0,0,,3,0,0.0,True
59,DonkeyRail,benign--edge_mesh--chain--n15--containment_drill--r4,benign,15,0,0.0,0,0,0,0,,3,1,33.333333333333336,True
59,WormShield,benign--edge_mesh--chain--n15--containment_drill--r4,benign,15,0,0.0,0,0,0,0,,3,0,0.0,True
59,No Defense,benign--edge_mesh--chain--n20--containment_drill--r2,benign,20,0,0.0,0,0,0,0,,0,0,,True
59,DonkeyRail,benign--edge_mesh--chain--n20--containment_drill--r2,benign,20,0,0.0,0,0,0,0,,0,0,,True
59,WormShield,benign--edge_mesh--chain--n20--containment_drill--r2,benign,20,0,0.0,0,0,0,0,,0,0,,True
59,No Defense,benign--edge_mesh--chain--n20--maintenance_notice--r4,benign,20,0,0.0,0,0,0,0,,3,0,0.0,True
59,DonkeyRail,benign--edge_mesh--chain--n20--maintenance_notice--r4,benign,20,0,0.0,0,0,0,0,,1,1,100.0,True
59,WormShield,benign--edge_mesh--chain--n20--maintenance_notice--r4,benign,20,0,0.0,0,0,0,0,,3,0,0.0,True
59,No Defense,benign--edge_mesh--chain--n8--quoted_attack_review--r3,benign,8,0,0.0,0,0,0,0,,3,0,0.0,True
59,DonkeyRail,benign--edge_mesh--chain--n8--quoted_attack_review--r3,benign,8,0,0.0,0,0,0,0,,2,2,100.0,True
59,WormShield,benign--edge_mesh--chain--n8--quoted_attack_review--r3,benign,8,0,0.0,0,0,0,0,,3,0,0.0,True
59,No Defense,benign--edge_mesh--mesh_lite--n10--routine_update--r1,benign,10,0,0.0,0,0,0,0,,0,0,,True
59,DonkeyRail,benign--edge_mesh--mesh_lite--n10--routine_update--r1,benign,10,0,0.0,0,0,0,0,,0,0,,True
59,WormShield,benign--edge_mesh--mesh_lite--n10--routine_update--r1,benign,10,0,0.0,0,0,0,0,,0,0,,True
59,No Defense,benign--edge_mesh--mesh_lite--n15--containment_drill--r2,benign,15,0,0.0,0,0,0,0,,0,0,,True
59,DonkeyRail,benign--edge_mesh--mesh_lite--n15--containment_drill--r2,benign,15,0,0.0,0,0,0,0,,0,0,,True
59,WormShield,benign--edge_mesh--mesh_lite--n15--containment_drill--r2,benign,15,0,0.0,0,0,0,0,,0,0,,True
59,No Defense,benign--edge_mesh--mesh_lite--n4--containment_drill--r4,benign,4,0,0.0,0,0,0,0,,0,0,,True
59,DonkeyRail,benign--edge_mesh--mesh_lite--n4--containment_drill--r4,benign,4,0,0.0,0,0,0,0,,0,0,,True
59,WormShield,benign--edge_mesh--mesh_lite--n4--containment_drill--r4,benign,4,0,0.0,0,0,0,0,,0,0,,True
59,No Defense,benign--edge_mesh--mesh_lite--n4--maintenance_notice--r2,benign,4,0,0.0,0,0,0,0,,0,0,,True
59,DonkeyRail,benign--edge_mesh--mesh_lite--n4--maintenance_notice--r2,benign,4,0,0.0,0,0,0,0,,0,0,,True
59,WormShield,benign--edge_mesh--mesh_lite--n4--maintenance_notice--r2,benign,4,0,0.0,0,0,0,0,,0,0,,True
59,No Defense,benign--edge_mesh--mesh_lite--n4--routine_update--r5,benign,4,0,0.0,0,0,0,0,,1,0,0.0,True
59,DonkeyRail,benign--edge_mesh--mesh_lite--n4--routine_update--r5,benign,4,0,0.0,0,0,0,0,,1,0,0.0,True
59,WormShield,benign--edge_mesh--mesh_lite--n4--routine_update--r5,benign,4,0,0.0,0,0,0,0,,1,0,0.0,True
59,No Defense,benign--edge_mesh--random_min_degree--n10--containment_drill--r2,benign,10,0,0.0,0,0,0,0,,2,0,0.0,True
59,DonkeyRail,benign--edge_mesh--random_min_degree--n10--containment_drill--r2,benign,10,0,0.0,0,0,0,0,,2,2,100.0,True
59,WormShield,benign--edge_mesh--random_min_degree--n10--containment_drill--r2,benign,10,0,0.0,0,0,0,0,,2,0,0.0,True
59,No Defense,benign--edge_mesh--random_min_degree--n15--routine_update--r1,benign,15,0,0.0,0,0,0,0,,0,0,,True
59,DonkeyRail,benign--edge_mesh--random_min_degree--n15--routine_update--r1,benign,15,0,0.0,0,0,0,0,,0,0,,True
59,WormShield,benign--edge_mesh--random_min_degree--n15--routine_update--r1,benign,15,0,0.0,0,0,0,0,,0,0,,True
59,No Defense,benign--edge_mesh--random_min_degree--n8--maintenance_notice--r2,benign,8,0,0.0,0,0,0,0,,0,0,,True
59,DonkeyRail,benign--edge_mesh--random_min_degree--n8--maintenance_notice--r2,benign,8,0,0.0,0,0,0,0,,0,0,,True
59,WormShield,benign--edge_mesh--random_min_degree--n8--maintenance_notice--r2,benign,8,0,0.0,0,0,0,0,,0,0,,True
59,No Defense,benign--edge_mesh--ring--n15--routine_update--r5,benign,15,0,0.0,0,0,0,0,,0,0,,True
59,DonkeyRail,benign--edge_mesh--ring--n15--routine_update--r5,benign,15,0,0.0,0,0,0,0,,0,0,,True
59,WormShield,benign--edge_mesh--ring--n15--routine_update--r5,benign,15,0,0.0,0,0,0,0,,0,0,,True
59,No Defense,benign--edge_mesh--star--n10--routine_update--r5,benign,10,0,0.0,0,0,0,0,,1,0,0.0,True
59,DonkeyRail,benign--edge_mesh--star--n10--routine_update--r5,benign,10,0,0.0,0,0,0,0,,1,0,0.0,True
59,WormShield,benign--edge_mesh--star--n10--routine_update--r5,benign,10,0,0.0,0,0,0,0,,1,0,0.0,True
59,No Defense,benign--edge_mesh--star--n15--containment_drill--r2,benign,15,0,0.0,0,0,0,0,,1,0,0.0,True
59,DonkeyRail,benign--edge_mesh--star--n15--containment_drill--r2,benign,15,0,0.0,0,0,0,0,,1,0,0.0,True
59,WormShield,benign--edge_mesh--star--n15--containment_drill--r2,benign,15,0,0.0,0,0,0,0,,1,0,0.0,True
59,No Defense,benign--edge_mesh--star--n15--containment_drill--r6,benign,15,0,0.0,0,0,0,0,,2,0,0.0,True
59,DonkeyRail,benign--edge_mesh--star--n15--containment_drill--r6,benign,15,0,0.0,0,0,0,0,,2,0,0.0,True
59,WormShield,benign--edge_mesh--star--n15--containment_drill--r6,benign,15,0,0.0,0,0,0,0,,2,0,0.0,True
59,No Defense,benign--edge_mesh--star--n20--routine_update--r5,benign,20,0,0.0,0,0,0,0,,0,0,,True
59,DonkeyRail,benign--edge_mesh--star--n20--routine_update--r5,benign,20,0,0.0,0,0,0,0,,0,0,,True
59,WormShield,benign--edge_mesh--star--n20--routine_update--r5,benign,20,0,0.0,0,0,0,0,,0,0,,True
59,No Defense,benign--edge_mesh--star--n8--containment_drill--r2,benign,8,0,0.0,0,0,0,0,,2,0,0.0,True
59,DonkeyRail,benign--edge_mesh--star--n8--containment_drill--r2,benign,8,0,0.0,0,0,0,0,,1,1,100.0,True
59,WormShield,benign--edge_mesh--star--n8--containment_drill--r2,benign,8,0,0.0,0,0,0,0,,2,0,0.0,True
59,No Defense,benign--ran_orchestration--chain--n10--containment_drill--r4,benign,10,0,0.0,0,0,0,0,,3,0,0.0,True
59,DonkeyRail,benign--ran_orchestration--chain--n10--containment_drill--r4,benign,10,0,0.0,0,0,0,0,,2,2,100.0,True
59,WormShield,benign--ran_orchestration--chain--n10--containment_drill--r4,benign,10,0,0.0,0,0,0,0,,3,0,0.0,True
59,No Defense,benign--ran_orchestration--chain--n10--routine_update--r5,benign,10,0,0.0,0,0,0,0,,1,0,0.0,True
59,DonkeyRail,benign--ran_orchestration--chain--n10--routine_update--r5,benign,10,0,0.0,0,0,0,0,,1,0,0.0,True
59,WormShield,benign--ran_orchestration--chain--n10--routine_update--r5,benign,10,0,0.0,0,0,0,0,,1,0,0.0,True
59,No Defense,benign--ran_orchestration--chain--n4--routine_update--r5,benign,4,0,0.0,0,0,0,0,,0,0,,True
59,DonkeyRail,benign--ran_orchestration--chain--n4--routine_update--r5,benign,4,0,0.0,0,0,0,0,,0,0,,True
59,WormShield,benign--ran_orchestration--chain--n4--routine_update--r5,benign,4,0,0.0,0,0,0,0,,0,0,,True
59,No Defense,benign--ran_orchestration--chain--n8--routine_update--r3,benign,8,0,0.0,0,0,0,0,,2,0,0.0,True
59,DonkeyRail,benign--ran_orchestration--chain--n8--routine_update--r3,benign,8,0,0.0,0,0,0,0,,1,1,100.0,True
59,WormShield,benign--ran_orchestration--chain--n8--routine_update--r3,benign,8,0,0.0,0,0,0,0,,2,0,0.0,True
59,No Defense,benign--ran_orchestration--mesh_lite--n10--maintenance_notice--r4,benign,10,0,0.0,0,0,0,0,,1,0,0.0,True
59,DonkeyRail,benign--ran_orchestration--mesh_lite--n10--maintenance_notice--r4,benign,10,0,0.0,0,0,0,0,,1,1,100.0,True
59,WormShield,benign--ran_orchestration--mesh_lite--n10--maintenance_notice--r4,benign,10,0,0.0,0,0,0,0,,1,0,0.0,True
59,No Defense,benign--ran_orchestration--mesh_lite--n15--routine_update--r1,benign,15,0,0.0,0,0,0,0,,0,0,,True
59,DonkeyRail,benign--ran_orchestration--mesh_lite--n15--routine_update--r1,benign,15,0,0.0,0,0,0,0,,0,0,,True
59,WormShield,benign--ran_orchestration--mesh_lite--n15--routine_update--r1,benign,15,0,0.0,0,0,0,0,,0,0,,True
59,No Defense,benign--ran_orchestration--mesh_lite--n4--containment_drill--r2,benign,4,0,0.0,0,0,0,0,,0,0,,True
59,DonkeyRail,benign--ran_orchestration--mesh_lite--n4--containment_drill--r2,benign,4,0,0.0,0,0,0,0,,0,0,,True
59,WormShield,benign--ran_orchestration--mesh_lite--n4--containment_drill--r2,benign,4,0,0.0,0,0,0,0,,0,0,,True
59,No Defense,benign--ran_orchestration--mesh_lite--n8--containment_drill--r4,benign,8,0,0.0,0,0,0,0,,7,0,0.0,True
59,DonkeyRail,benign--ran_orchestration--mesh_lite--n8--containment_drill--r4,benign,8,0,0.0,0,0,0,0,,2,2,100.0,True
59,WormShield,benign--ran_orchestration--mesh_lite--n8--containment_drill--r4,benign,8,0,0.0,0,0,0,0,,7,0,0.0,True
59,No Defense,benign--ran_orchestration--random_min_degree--n10--maintenance_notice--r2,benign,10,0,0.0,0,0,0,0,,3,0,0.0,True
59,DonkeyRail,benign--ran_orchestration--random_min_degree--n10--maintenance_notice--r2,benign,10,0,0.0,0,0,0,0,,2,2,100.0,True
59,WormShield,benign--ran_orchestration--random_min_degree--n10--maintenance_notice--r2,benign,10,0,0.0,0,0,0,0,,3,0,0.0,True
59,No Defense,benign--ran_orchestration--random_min_degree--n10--routine_update--r1,benign,10,0,0.0,0,0,0,0,,3,0,0.0,True
59,DonkeyRail,benign--ran_orchestration--random_min_degree--n10--routine_update--r1,benign,10,0,0.0,0,0,0,0,,3,1,33.333333333333336,True
59,WormShield,benign--ran_orchestration--random_min_degree--n10--routine_update--r1,benign,10,0,0.0,0,0,0,0,,3,0,0.0,True
59,No Defense,benign--ran_orchestration--random_min_degree--n20--quoted_attack_review--r3,benign,20,0,0.0,0,0,0,0,,5,0,0.0,True
59,DonkeyRail,benign--ran_orchestration--random_min_degree--n20--quoted_attack_review--r3,benign,20,0,0.0,0,0,0,0,,2,2,100.0,True
59,WormShield,benign--ran_orchestration--random_min_degree--n20--quoted_attack_review--r3,benign,20,0,0.0,0,0,0,0,,5,0,0.0,True
59,No Defense,benign--ran_orchestration--random_min_degree--n20--routine_update--r5,benign,20,0,0.0,0,0,0,0,,1,0,0.0,True
59,DonkeyRail,benign--ran_orchestration--random_min_degree--n20--routine_update--r5,benign,20,0,0.0,0,0,0,0,,1,0,0.0,True
59,WormShield,benign--ran_orchestration--random_min_degree--n20--routine_update--r5,benign,20,0,0.0,0,0,0,0,,1,0,0.0,True
59,No Defense,benign--ran_orchestration--random_min_degree--n4--routine_update--r5,benign,4,0,0.0,0,0,0,0,,1,0,0.0,True
59,DonkeyRail,benign--ran_orchestration--random_min_degree--n4--routine_update--r5,benign,4,0,0.0,0,0,0,0,,1,0,0.0,True
59,WormShield,benign--ran_orchestration--random_min_degree--n4--routine_update--r5,benign,4,0,0.0,0,0,0,0,,1,0,0.0,True
59,No Defense,benign--ran_orchestration--ring--n10--containment_drill--r4,benign,10,0,0.0,0,0,0,0,,0,0,,True
59,DonkeyRail,benign--ran_orchestration--ring--n10--containment_drill--r4,benign,10,0,0.0,0,0,0,0,,0,0,,True
59,WormShield,benign--ran_orchestration--ring--n10--containment_drill--r4,benign,10,0,0.0,0,0,0,0,,0,0,,True
59,No Defense,benign--ran_orchestration--ring--n10--maintenance_notice--r6,benign,10,0,0.0,0,0,0,0,,2,0,0.0,True
59,DonkeyRail,benign--ran_orchestration--ring--n10--maintenance_notice--r6,benign,10,0,0.0,0,0,0,0,,2,1,50.0,True
59,WormShield,benign--ran_orchestration--ring--n10--maintenance_notice--r6,benign,10,0,0.0,0,0,0,0,,2,0,0.0,True
59,No Defense,benign--ran_orchestration--ring--n10--routine_update--r1,benign,10,0,0.0,0,0,0,0,,0,0,,True
59,DonkeyRail,benign--ran_orchestration--ring--n10--routine_update--r1,benign,10,0,0.0,0,0,0,0,,0,0,,True
59,WormShield,benign--ran_orchestration--ring--n10--routine_update--r1,benign,10,0,0.0,0,0,0,0,,0,0,,True
59,No Defense,benign--ran_orchestration--ring--n15--containment_drill--r2,benign,15,0,0.0,0,0,0,0,,0,0,,True
59,DonkeyRail,benign--ran_orchestration--ring--n15--containment_drill--r2,benign,15,0,0.0,0,0,0,0,,0,0,,True
59,WormShield,benign--ran_orchestration--ring--n15--containment_drill--r2,benign,15,0,0.0,0,0,0,0,,0,0,,True
59,No Defense,benign--ran_orchestration--ring--n20--routine_update--r1,benign,20,0,0.0,0,0,0,0,,1,0,0.0,True
59,DonkeyRail,benign--ran_orchestration--ring--n20--routine_update--r1,benign,20,0,0.0,0,0,0,0,,1,0,0.0,True
59,WormShield,benign--ran_orchestration--ring--n20--routine_update--r1,benign,20,0,0.0,0,0,0,0,,1,0,0.0,True
59,No Defense,benign--ran_orchestration--ring--n4--containment_drill--r4,benign,4,0,0.0,0,0,0,0,,0,0,,True
59,DonkeyRail,benign--ran_orchestration--ring--n4--containment_drill--r4,benign,4,0,0.0,0,0,0,0,,0,0,,True
59,WormShield,benign--ran_orchestration--ring--n4--containment_drill--r4,benign,4,0,0.0,0,0,0,0,,0,0,,True
59,No Defense,benign--ran_orchestration--ring--n4--routine_update--r5,benign,4,0,0.0,0,0,0,0,,2,0,0.0,True
59,DonkeyRail,benign--ran_orchestration--ring--n4--routine_update--r5,benign,4,0,0.0,0,0,0,0,,2,0,0.0,True
59,WormShield,benign--ran_orchestration--ring--n4--routine_update--r5,benign,4,0,0.0,0,0,0,0,,2,0,0.0,True
59,No Defense,benign--ran_orchestration--ring--n8--containment_drill--r2,benign,8,0,0.0,0,0,0,0,,5,0,0.0,True
59,DonkeyRail,benign--ran_orchestration--ring--n8--containment_drill--r2,benign,8,0,0.0,0,0,0,0,,3,1,33.333333333333336,True
59,WormShield,benign--ran_orchestration--ring--n8--containment_drill--r2,benign,8,0,0.0,0,0,0,0,,5,0,0.0,True
59,No Defense,benign--ran_orchestration--star--n15--containment_drill--r4,benign,15,0,0.0,0,0,0,0,,0,0,,True
59,DonkeyRail,benign--ran_orchestration--star--n15--containment_drill--r4,benign,15,0,0.0,0,0,0,0,,0,0,,True
59,WormShield,benign--ran_orchestration--star--n15--containment_drill--r4,benign,15,0,0.0,0,0,0,0,,0,0,,True
59,No Defense,benign--ran_orchestration--star--n20--containment_drill--r2,benign,20,0,0.0,0,0,0,0,,0,0,,True
59,DonkeyRail,benign--ran_orchestration--star--n20--containment_drill--r2,benign,20,0,0.0,0,0,0,0,,0,0,,True
59,WormShield,benign--ran_orchestration--star--n20--containment_drill--r2,benign,20,0,0.0,0,0,0,0,,0,0,,True
59,No Defense,benign--ran_orchestration--star--n8--maintenance_notice--r2,benign,8,0,0.0,0,0,0,0,,0,0,,True
59,DonkeyRail,benign--ran_orchestration--star--n8--maintenance_notice--r2,benign,8,0,0.0,0,0,0,0,,0,0,,True
59,WormShield,benign--ran_orchestration--star--n8--maintenance_notice--r2,benign,8,0,0.0,0,0,0,0,,0,0,,True
59,No Defense,benign--ran_orchestration--star--n8--quoted_attack_review--r3,benign,8,0,0.0,0,0,0,0,,1,0,0.0,True
59,DonkeyRail,benign--ran_orchestration--star--n8--quoted_attack_review--r3,benign,8,0,0.0,0,0,0,0,,1,1,100.0,True
59,WormShield,benign--ran_orchestration--star--n8--quoted_attack_review--r3,benign,8,0,0.0,0,0,0,0,,1,0,0.0,True
59,No Defense,benign--slice_management--chain--n10--containment_drill--r2,benign,10,0,0.0,0,0,0,0,,0,0,,True
59,DonkeyRail,benign--slice_management--chain--n10--containment_drill--r2,benign,10,0,0.0,0,0,0,0,,0,0,,True
59,WormShield,benign--slice_management--chain--n10--containment_drill--r2,benign,10,0,0.0,0,0,0,0,,0,0,,True
59,No Defense,benign--slice_management--chain--n10--maintenance_notice--r4,benign,10,0,0.0,0,0,0,0,,0,0,,True
59,DonkeyRail,benign--slice_management--chain--n10--maintenance_notice--r4,benign,10,0,0.0,0,0,0,0,,0,0,,True
59,WormShield,benign--slice_management--chain--n10--maintenance_notice--r4,benign,10,0,0.0,0,0,0,0,,0,0,,True
59,No Defense,benign--slice_management--chain--n15--routine_update--r1,benign,15,0,0.0,0,0,0,0,,0,0,,True
59,DonkeyRail,benign--slice_management--chain--n15--routine_update--r1,benign,15,0,0.0,0,0,0,0,,0,0,,True
59,WormShield,benign--slice_management--chain--n15--routine_update--r1,benign,15,0,0.0,0,0,0,0,,0,0,,True
59,No Defense,benign--slice_management--chain--n15--routine_update--r5,benign,15,0,0.0,0,0,0,0,,4,0,0.0,True
59,DonkeyRail,benign--slice_management--chain--n15--routine_update--r5,benign,15,0,0.0,0,0,0,0,,2,1,50.0,True
59,WormShield,benign--slice_management--chain--n15--routine_update--r5,benign,15,0,0.0,0,0,0,0,,4,0,0.0,True
59,No Defense,benign--slice_management--chain--n20--containment_drill--r2,benign,20,0,0.0,0,0,0,0,,0,0,,True
59,DonkeyRail,benign--slice_management--chain--n20--containment_drill--r2,benign,20,0,0.0,0,0,0,0,,0,0,,True
59,WormShield,benign--slice_management--chain--n20--containment_drill--r2,benign,20,0,0.0,0,0,0,0,,0,0,,True
59,No Defense,benign--slice_management--chain--n20--quoted_attack_review--r5,benign,20,0,0.0,0,0,0,0,,0,0,,True
59,DonkeyRail,benign--slice_management--chain--n20--quoted_attack_review--r5,benign,20,0,0.0,0,0,0,0,,0,0,,True
59,WormShield,benign--slice_management--chain--n20--quoted_attack_review--r5,benign,20,0,0.0,0,0,0,0,,0,0,,True
59,No Defense,benign--slice_management--chain--n4--containment_drill--r6,benign,4,0,0.0,0,0,0,0,,0,0,,True
59,DonkeyRail,benign--slice_management--chain--n4--containment_drill--r6,benign,4,0,0.0,0,0,0,0,,0,0,,True
59,WormShield,benign--slice_management--chain--n4--containment_drill--r6,benign,4,0,0.0,0,0,0,0,,0,0,,True
59,No Defense,benign--slice_management--chain--n4--quoted_attack_review--r5,benign,4,0,0.0,0,0,0,0,,1,0,0.0,True
59,DonkeyRail,benign--slice_management--chain--n4--quoted_attack_review--r5,benign,4,0,0.0,0,0,0,0,,1,1,100.0,True
59,WormShield,benign--slice_management--chain--n4--quoted_attack_review--r5,benign,4,0,0.0,0,0,0,0,,1,0,0.0,True
59,No Defense,benign--slice_management--chain--n8--containment_drill--r4,benign,8,0,0.0,0,0,0,0,,0,0,,True
59,DonkeyRail,benign--slice_management--chain--n8--containment_drill--r4,benign,8,0,0.0,0,0,0,0,,0,0,,True
59,WormShield,benign--slice_management--chain--n8--containment_drill--r4,benign,8,0,0.0,0,0,0,0,,0,0,,True
59,No Defense,benign--slice_management--chain--n8--routine_update--r1,benign,8,0,0.0,0,0,0,0,,0,0,,True
59,DonkeyRail,benign--slice_management--chain--n8--routine_update--r1,benign,8,0,0.0,0,0,0,0,,0,0,,True
59,WormShield,benign--slice_management--chain--n8--routine_update--r1,benign,8,0,0.0,0,0,0,0,,0,0,,True
59,No Defense,benign--slice_management--mesh_lite--n20--quoted_attack_review--r3,benign,20,0,0.0,0,0,0,0,,2,0,0.0,True
59,DonkeyRail,benign--slice_management--mesh_lite--n20--quoted_attack_review--r3,benign,20,0,0.0,0,0,0,0,,2,0,0.0,True
59,WormShield,benign--slice_management--mesh_lite--n20--quoted_attack_review--r3,benign,20,0,0.0,0,0,0,0,,2,0,0.0,True
59,No Defense,benign--slice_management--mesh_lite--n4--routine_update--r5,benign,4,0,0.0,0,0,0,0,,0,0,,True
59,DonkeyRail,benign--slice_management--mesh_lite--n4--routine_update--r5,benign,4,0,0.0,0,0,0,0,,0,0,,True
59,WormShield,benign--slice_management--mesh_lite--n4--routine_update--r5,benign,4,0,0.0,0,0,0,0,,0,0,,True
59,No Defense,benign--slice_management--random_min_degree--n10--quoted_attack_review--r1,benign,10,0,0.0,0,0,0,0,,0,0,,True
59,DonkeyRail,benign--slice_management--random_min_degree--n10--quoted_attack_review--r1,benign,10,0,0.0,0,0,0,0,,0,0,,True
59,WormShield,benign--slice_management--random_min_degree--n10--quoted_attack_review--r1,benign,10,0,0.0,0,0,0,0,,0,0,,True
59,No Defense,benign--slice_management--random_min_degree--n15--routine_update--r1,benign,15,0,0.0,0,0,0,0,,0,0,,True
59,DonkeyRail,benign--slice_management--random_min_degree--n15--routine_update--r1,benign,15,0,0.0,0,0,0,0,,0,0,,True
59,WormShield,benign--slice_management--random_min_degree--n15--routine_update--r1,benign,15,0,0.0,0,0,0,0,,0,0,,True
59,No Defense,benign--slice_management--random_min_degree--n20--containment_drill--r2,benign,20,0,0.0,0,0,0,0,,0,0,,True
59,DonkeyRail,benign--slice_management--random_min_degree--n20--containment_drill--r2,benign,20,0,0.0,0,0,0,0,,0,0,,True
59,WormShield,benign--slice_management--random_min_degree--n20--containment_drill--r2,benign,20,0,0.0,0,0,0,0,,0,0,,True
59,No Defense,benign--slice_management--random_min_degree--n20--quoted_attack_review--r1,benign,20,0,0.0,0,0,0,0,,0,0,,True
59,DonkeyRail,benign--slice_management--random_min_degree--n20--quoted_attack_review--r1,benign,20,0,0.0,0,0,0,0,,0,0,,True
59,WormShield,benign--slice_management--random_min_degree--n20--quoted_attack_review--r1,benign,20,0,0.0,0,0,0,0,,0,0,,True
59,No Defense,benign--slice_management--random_min_degree--n4--containment_drill--r2,benign,4,0,0.0,0,0,0,0,,0,0,,True
59,DonkeyRail,benign--slice_management--random_min_degree--n4--containment_drill--r2,benign,4,0,0.0,0,0,0,0,,0,0,,True
59,WormShield,benign--slice_management--random_min_degree--n4--containment_drill--r2,benign,4,0,0.0,0,0,0,0,,0,0,,True
59,No Defense,benign--slice_management--random_min_degree--n8--containment_drill--r4,benign,8,0,0.0,0,0,0,0,,2,0,0.0,True
59,DonkeyRail,benign--slice_management--random_min_degree--n8--containment_drill--r4,benign,8,0,0.0,0,0,0,0,,1,1,100.0,True
59,WormShield,benign--slice_management--random_min_degree--n8--containment_drill--r4,benign,8,0,0.0,0,0,0,0,,2,0,0.0,True
59,No Defense,benign--slice_management--random_min_degree--n8--routine_update--r5,benign,8,0,0.0,0,0,0,0,,1,0,0.0,True
59,DonkeyRail,benign--slice_management--random_min_degree--n8--routine_update--r5,benign,8,0,0.0,0,0,0,0,,1,0,0.0,True
59,WormShield,benign--slice_management--random_min_degree--n8--routine_update--r5,benign,8,0,0.0,0,0,0,0,,1,0,0.0,True
59,No Defense,benign--slice_management--ring--n10--containment_drill--r2,benign,10,0,0.0,0,0,0,0,,0,0,,True
59,DonkeyRail,benign--slice_management--ring--n10--containment_drill--r2,benign,10,0,0.0,0,0,0,0,,0,0,,True
59,WormShield,benign--slice_management--ring--n10--containment_drill--r2,benign,10,0,0.0,0,0,0,0,,0,0,,True
59,No Defense,benign--slice_management--ring--n15--routine_update--r1,benign,15,0,0.0,0,0,0,0,,0,0,,True
59,DonkeyRail,benign--slice_management--ring--n15--routine_update--r1,benign,15,0,0.0,0,0,0,0,,0,0,,True
59,WormShield,benign--slice_management--ring--n15--routine_update--r1,benign,15,0,0.0,0,0,0,0,,0,0,,True
59,No Defense,benign--slice_management--ring--n20--quoted_attack_review--r5,benign,20,0,0.0,0,0,0,0,,0,0,,True
59,DonkeyRail,benign--slice_management--ring--n20--quoted_attack_review--r5,benign,20,0,0.0,0,0,0,0,,0,0,,True
59,WormShield,benign--slice_management--ring--n20--quoted_attack_review--r5,benign,20,0,0.0,0,0,0,0,,0,0,,True
59,No Defense,benign--slice_management--ring--n4--containment_drill--r6,benign,4,0,0.0,0,0,0,0,,0,0,,True
59,DonkeyRail,benign--slice_management--ring--n4--containment_drill--r6,benign,4,0,0.0,0,0,0,0,,0,0,,True
59,WormShield,benign--slice_management--ring--n4--containment_drill--r6,benign,4,0,0.0,0,0,0,0,,0,0,,True
59,No Defense,benign--slice_management--ring--n4--quoted_attack_review--r1,benign,4,0,0.0,0,0,0,0,,0,0,,True
59,DonkeyRail,benign--slice_management--ring--n4--quoted_attack_review--r1,benign,4,0,0.0,0,0,0,0,,0,0,,True
59,WormShield,benign--slice_management--ring--n4--quoted_attack_review--r1,benign,4,0,0.0,0,0,0,0,,0,0,,True
59,No Defense,benign--slice_management--ring--n4--routine_update--r3,benign,4,0,0.0,0,0,0,0,,0,0,,True
59,DonkeyRail,benign--slice_management--ring--n4--routine_update--r3,benign,4,0,0.0,0,0,0,0,,0,0,,True
59,WormShield,benign--slice_management--ring--n4--routine_update--r3,benign,4,0,0.0,0,0,0,0,,0,0,,True
59,No Defense,benign--slice_management--ring--n8--maintenance_notice--r6,benign,8,0,0.0,0,0,0,0,,0,0,,True
59,DonkeyRail,benign--slice_management--ring--n8--maintenance_notice--r6,benign,8,0,0.0,0,0,0,0,,0,0,,True
59,WormShield,benign--slice_management--ring--n8--maintenance_notice--r6,benign,8,0,0.0,0,0,0,0,,0,0,,True
59,No Defense,benign--slice_management--ring--n8--quoted_attack_review--r3,benign,8,0,0.0,0,0,0,0,,6,0,0.0,True
59,DonkeyRail,benign--slice_management--ring--n8--quoted_attack_review--r3,benign,8,0,0.0,0,0,0,0,,4,2,50.0,True
59,WormShield,benign--slice_management--ring--n8--quoted_attack_review--r3,benign,8,0,0.0,0,0,0,0,,4,2,50.0,True
59,No Defense,benign--slice_management--star--n10--containment_drill--r4,benign,10,0,0.0,0,0,0,0,,0,0,,True
59,DonkeyRail,benign--slice_management--star--n10--containment_drill--r4,benign,10,0,0.0,0,0,0,0,,0,0,,True
59,WormShield,benign--slice_management--star--n10--containment_drill--r4,benign,10,0,0.0,0,0,0,0,,0,0,,True
59,No Defense,benign--slice_management--star--n10--maintenance_notice--r6,benign,10,0,0.0,0,0,0,0,,1,0,0.0,True
59,DonkeyRail,benign--slice_management--star--n10--maintenance_notice--r6,benign,10,0,0.0,0,0,0,0,,1,1,100.0,True
59,WormShield,benign--slice_management--star--n10--maintenance_notice--r6,benign,10,0,0.0,0,0,0,0,,1,0,0.0,True
59,No Defense,benign--slice_management--star--n10--quoted_attack_review--r3,benign,10,0,0.0,0,0,0,0,,1,0,0.0,True
59,DonkeyRail,benign--slice_management--star--n10--quoted_attack_review--r3,benign,10,0,0.0,0,0,0,0,,1,0,0.0,True
59,WormShield,benign--slice_management--star--n10--quoted_attack_review--r3,benign,10,0,0.0,0,0,0,0,,1,0,0.0,True
59,No Defense,benign--slice_management--star--n15--maintenance_notice--r4,benign,15,0,0.0,0,0,0,0,,1,0,0.0,True
59,DonkeyRail,benign--slice_management--star--n15--maintenance_notice--r4,benign,15,0,0.0,0,0,0,0,,1,1,100.0,True
59,WormShield,benign--slice_management--star--n15--maintenance_notice--r4,benign,15,0,0.0,0,0,0,0,,1,0,0.0,True
59,No Defense,benign--slice_management--star--n4--containment_drill--r4,benign,4,0,0.0,0,0,0,0,,1,0,0.0,True
59,DonkeyRail,benign--slice_management--star--n4--containment_drill--r4,benign,4,0,0.0,0,0,0,0,,1,0,0.0,True
59,WormShield,benign--slice_management--star--n4--containment_drill--r4,benign,4,0,0.0,0,0,0,0,,1,0,0.0,True
59,No Defense,benign--slice_management--star--n4--maintenance_notice--r2,benign,4,0,0.0,0,0,0,0,,0,0,,True
59,DonkeyRail,benign--slice_management--star--n4--maintenance_notice--r2,benign,4,0,0.0,0,0,0,0,,0,0,,True
59,WormShield,benign--slice_management--star--n4--maintenance_notice--r2,benign,4,0,0.0,0,0,0,0,,0,0,,True
59,No Defense,benign--slice_management--star--n4--quoted_attack_review--r3,benign,4,0,0.0,0,0,0,0,,0,0,,True
59,DonkeyRail,benign--slice_management--star--n4--quoted_attack_review--r3,benign,4,0,0.0,0,0,0,0,,0,0,,True
59,WormShield,benign--slice_management--star--n4--quoted_attack_review--r3,benign,4,0,0.0,0,0,0,0,,0,0,,True
59,No Defense,benign--slice_management--star--n8--containment_drill--r6,benign,8,0,0.0,0,0,0,0,,1,0,0.0,True
59,DonkeyRail,benign--slice_management--star--n8--containment_drill--r6,benign,8,0,0.0,0,0,0,0,,1,0,0.0,True
59,WormShield,benign--slice_management--star--n8--containment_drill--r6,benign,8,0,0.0,0,0,0,0,,1,0,0.0,True
59,No Defense,mal--assurance_triage--chain--n15--exfiltration_propagation--r1,malicious,15,2,14.285714285714286,2,2,0,2,0.0,1,0,0.0,False
59,DonkeyRail,mal--assurance_triage--chain--n15--exfiltration_propagation--r1,malicious,15,0,0.0,0,1,1,0,100.0,0,0,,True
59,WormShield,mal--assurance_triage--chain--n15--exfiltration_propagation--r1,malicious,15,0,0.0,0,1,1,0,100.0,0,0,,True
59,No Defense,mal--assurance_triage--chain--n20--guard_suppression--r4,malicious,20,0,0.0,0,0,0,0,,0,0,,True
59,DonkeyRail,mal--assurance_triage--chain--n20--guard_suppression--r4,malicious,20,0,0.0,0,0,0,0,,0,0,,True
59,WormShield,mal--assurance_triage--chain--n20--guard_suppression--r4,malicious,20,0,0.0,0,0,0,0,,0,0,,True
59,No Defense,mal--assurance_triage--chain--n8--recovery_poisoning--r4,malicious,8,0,0.0,0,0,0,0,,0,0,,True
59,DonkeyRail,mal--assurance_triage--chain--n8--recovery_poisoning--r4,malicious,8,0,0.0,0,0,0,0,,0,0,,True
59,WormShield,mal--assurance_triage--chain--n8--recovery_poisoning--r4,malicious,8,0,0.0,0,0,0,0,,0,0,,True
59,No Defense,mal--assurance_triage--mesh_lite--n10--control_plane_worm--r2,malicious,10,1,11.11111111111111,1,1,0,1,0.0,7,0,0.0,False
59,DonkeyRail,mal--assurance_triage--mesh_lite--n10--control_plane_worm--r2,malicious,10,1,11.11111111111111,1,1,0,1,0.0,2,2,100.0,False
59,WormShield,mal--assurance_triage--mesh_lite--n10--control_plane_worm--r2,malicious,10,0,0.0,0,1,1,0,100.0,0,0,,True
59,No Defense,mal--assurance_triage--mesh_lite--n15--exfiltration_propagation--r1,malicious,15,1,7.142857142857143,1,1,0,1,0.0,0,0,,False
59,DonkeyRail,mal--assurance_triage--mesh_lite--n15--exfiltration_propagation--r1,malicious,15,1,7.142857142857143,1,1,0,1,0.0,0,0,,False
59,WormShield,mal--assurance_triage--mesh_lite--n15--exfiltration_propagation--r1,malicious,15,1,7.142857142857143,1,1,0,1,0.0,0,0,,False
59,No Defense,mal--assurance_triage--mesh_lite--n15--recovery_poisoning--r2,malicious,15,2,14.285714285714286,1,2,0,2,0.0,0,0,,False
59,DonkeyRail,mal--assurance_triage--mesh_lite--n15--recovery_poisoning--r2,malicious,15,0,0.0,0,2,2,0,100.0,0,0,,True
59,WormShield,mal--assurance_triage--mesh_lite--n15--recovery_poisoning--r2,malicious,15,0,0.0,0,2,2,0,100.0,0,0,,True
59,No Defense,mal--assurance_triage--mesh_lite--n20--slice_takeover--r3,malicious,20,2,10.526315789473685,1,2,0,2,0.0,0,0,,False
59,DonkeyRail,mal--assurance_triage--mesh_lite--n20--slice_takeover--r3,malicious,20,0,0.0,0,2,2,0,100.0,0,0,,True
59,WormShield,mal--assurance_triage--mesh_lite--n20--slice_takeover--r3,malicious,20,0,0.0,0,2,2,0,100.0,0,0,,True
59,No Defense,mal--assurance_triage--random_min_degree--n10--guard_suppression--r1,malicious,10,0,0.0,0,0,0,0,,0,0,,True
59,DonkeyRail,mal--assurance_triage--random_min_degree--n10--guard_suppression--r1,malicious,10,0,0.0,0,0,0,0,,0,0,,True
59,WormShield,mal--assurance_triage--random_min_degree--n10--guard_suppression--r1,malicious,10,0,0.0,0,0,0,0,,0,0,,True
59,No Defense,mal--assurance_triage--random_min_degree--n20--guard_suppression--r4,malicious,20,2,10.526315789473685,1,2,0,2,0.0,3,0,0.0,False
59,DonkeyRail,mal--assurance_triage--random_min_degree--n20--guard_suppression--r4,malicious,20,0,0.0,0,2,2,0,100.0,0,0,,True
59,WormShield,mal--assurance_triage--random_min_degree--n20--guard_suppression--r4,malicious,20,0,0.0,0,2,2,0,100.0,0,0,,True
59,No Defense,mal--assurance_triage--ring--n15--recovery_poisoning--r2,malicious,15,2,14.285714285714286,2,2,0,2,0.0,0,0,,False
59,DonkeyRail,mal--assurance_triage--ring--n15--recovery_poisoning--r2,malicious,15,0,0.0,0,1,1,0,100.0,0,0,,True
59,WormShield,mal--assurance_triage--ring--n15--recovery_poisoning--r2,malicious,15,0,0.0,0,1,1,0,100.0,0,0,,True
59,No Defense,mal--assurance_triage--ring--n4--exfiltration_propagation--r4,malicious,4,1,33.333333333333336,1,1,0,1,0.0,3,0,0.0,False
59,DonkeyRail,mal--assurance_triage--ring--n4--exfiltration_propagation--r4,malicious,4,1,33.333333333333336,1,1,0,1,0.0,1,1,100.0,False
59,WormShield,mal--assurance_triage--ring--n4--exfiltration_propagation--r4,malicious,4,1,33.333333333333336,1,1,0,1,0.0,3,0,0.0,False
59,No Defense,mal--assurance_triage--ring--n8--control_plane_worm--r5,malicious,8,2,28.571428571428573,1,2,0,2,0.0,0,0,,False
59,DonkeyRail,mal--assurance_triage--ring--n8--control_plane_worm--r5,malicious,8,0,0.0,0,2,2,0,100.0,0,0,,True
59,WormShield,mal--assurance_triage--ring--n8--control_plane_worm--r5,malicious,8,0,0.0,0,2,2,0,100.0,0,0,,True
59,No Defense,mal--assurance_triage--star--n10--control_plane_worm--r4,malicious,10,1,11.11111111111111,1,1,0,1,0.0,0,0,,False
59,DonkeyRail,mal--assurance_triage--star--n10--control_plane_worm--r4,malicious,10,1,11.11111111111111,1,1,0,1,0.0,0,0,,False
59,WormShield,mal--assurance_triage--star--n10--control_plane_worm--r4,malicious,10,0,0.0,0,1,1,0,100.0,0,0,,True
59,No Defense,mal--assurance_triage--star--n15--guard_suppression--r2,malicious,15,1,7.142857142857143,1,1,0,1,0.0,0,0,,False
59,DonkeyRail,mal--assurance_triage--star--n15--guard_suppression--r2,malicious,15,0,0.0,0,1,1,0,100.0,0,0,,True
59,WormShield,mal--assurance_triage--star--n15--guard_suppression--r2,malicious,15,0,0.0,0,1,1,0,100.0,0,0,,True
59,No Defense,mal--assurance_triage--star--n15--guard_suppression--r5,malicious,15,1,7.142857142857143,1,1,0,1,0.0,0,0,,False
59,DonkeyRail,mal--assurance_triage--star--n15--guard_suppression--r5,malicious,15,0,0.0,0,1,1,0,100.0,0,0,,True
59,WormShield,mal--assurance_triage--star--n15--guard_suppression--r5,malicious,15,0,0.0,0,1,1,0,100.0,0,0,,True
59,No Defense,mal--assurance_triage--star--n15--recovery_poisoning--r2,malicious,15,1,7.142857142857143,1,1,0,1,0.0,3,0,0.0,False
59,DonkeyRail,mal--assurance_triage--star--n15--recovery_poisoning--r2,malicious,15,0,0.0,0,1,1,0,100.0,0,0,,True
59,WormShield,mal--assurance_triage--star--n15--recovery_poisoning--r2,malicious,15,1,7.142857142857143,1,1,0,1,0.0,3,3,100.0,False
59,No Defense,mal--assurance_triage--star--n20--control_plane_worm--r2,malicious,20,1,5.2631578947368425,1,1,0,1,0.0,0,0,,False
59,DonkeyRail,mal--assurance_triage--star--n20--control_plane_worm--r2,malicious,20,0,0.0,0,1,1,0,100.0,0,0,,True
59,WormShield,mal--assurance_triage--star--n20--control_plane_worm--r2,malicious,20,0,0.0,0,1,1,0,100.0,0,0,,True
59,No Defense,mal--edge_mesh--chain--n10--recovery_poisoning--r3,malicious,10,3,33.333333333333336,2,3,0,3,0.0,2,0,0.0,False
59,DonkeyRail,mal--edge_mesh--chain--n10--recovery_poisoning--r3,malicious,10,0,0.0,0,2,2,0,100.0,0,0,,True
59,WormShield,mal--edge_mesh--chain--n10--recovery_poisoning--r3,malicious,10,0,0.0,0,2,2,0,100.0,0,0,,True
59,No Defense,mal--edge_mesh--chain--n20--exfiltration_propagation--r1,malicious,20,2,10.526315789473685,2,2,0,2,0.0,0,0,,False
59,DonkeyRail,mal--edge_mesh--chain--n20--exfiltration_propagation--r1,malicious,20,0,0.0,0,1,1,0,100.0,0,0,,True
59,WormShield,mal--edge_mesh--chain--n20--exfiltration_propagation--r1,malicious,20,0,0.0,0,1,1,0,100.0,0,0,,True
59,No Defense,mal--edge_mesh--chain--n20--slice_takeover--r3,malicious,20,2,10.526315789473685,2,2,0,2,0.0,0,0,,False
59,DonkeyRail,mal--edge_mesh--chain--n20--slice_takeover--r3,malicious,20,0,0.0,0,1,1,0,100.0,0,0,,True
59,WormShield,mal--edge_mesh--chain--n20--slice_takeover--r3,malicious,20,0,0.0,0,1,1,0,100.0,0,0,,True
59,No Defense,mal--edge_mesh--chain--n4--slice_takeover--r2,malicious,4,2,66.66666666666667,2,2,0,2,0.0,0,0,,False
59,DonkeyRail,mal--edge_mesh--chain--n4--slice_takeover--r2,malicious,4,0,0.0,0,1,1,0,100.0,0,0,,True
59,WormShield,mal--edge_mesh--chain--n4--slice_takeover--r2,malicious,4,0,0.0,0,1,1,0,100.0,0,0,,True
59,No Defense,mal--edge_mesh--chain--n8--guard_suppression--r2,malicious,8,1,14.285714285714286,1,1,0,1,0.0,0,0,,False
59,DonkeyRail,mal--edge_mesh--chain--n8--guard_suppression--r2,malicious,8,0,0.0,0,1,1,0,100.0,0,0,,True
59,WormShield,mal--edge_mesh--chain--n8--guard_suppression--r2,malicious,8,0,0.0,0,1,1,0,100.0,0,0,,True
59,No Defense,mal--edge_mesh--ring--n8--guard_suppression--r1,malicious,8,1,14.285714285714286,1,1,0,1,0.0,0,0,,False
59,DonkeyRail,mal--edge_mesh--ring--n8--guard_suppression--r1,malicious,8,0,0.0,0,1,1,0,100.0,0,0,,True
59,WormShield,mal--edge_mesh--ring--n8--guard_suppression--r1,malicious,8,0,0.0,0,1,1,0,100.0,0,0,,True
59,No Defense,mal--edge_mesh--ring--n8--guard_suppression--r2,malicious,8,1,14.285714285714286,1,1,0,1,0.0,0,0,,False
59,DonkeyRail,mal--edge_mesh--ring--n8--guard_suppression--r2,malicious,8,0,0.0,0,1,1,0,100.0,0,0,,True
59,WormShield,mal--edge_mesh--ring--n8--guard_suppression--r2,malicious,8,0,0.0,0,1,1,0,100.0,0,0,,True
59,No Defense,mal--edge_mesh--ring--n8--slice_takeover--r1,malicious,8,3,42.857142857142854,3,3,0,3,0.0,0,0,,False
59,DonkeyRail,mal--edge_mesh--ring--n8--slice_takeover--r1,malicious,8,0,0.0,0,1,1,0,100.0,0,0,,True
59,WormShield,mal--edge_mesh--ring--n8--slice_takeover--r1,malicious,8,0,0.0,0,1,1,0,100.0,0,0,,True
59,No Defense,mal--edge_mesh--star--n10--control_plane_worm--r4,malicious,10,1,11.11111111111111,1,1,0,1,0.0,0,0,,False
59,DonkeyRail,mal--edge_mesh--star--n10--control_plane_worm--r4,malicious,10,0,0.0,0,1,1,0,100.0,0,0,,True
59,WormShield,mal--edge_mesh--star--n10--control_plane_worm--r4,malicious,10,0,0.0,0,1,1,0,100.0,0,0,,True
59,No Defense,mal--edge_mesh--star--n10--exfiltration_propagation--r2,malicious,10,2,22.22222222222222,2,2,0,2,0.0,0,0,,False
59,DonkeyRail,mal--edge_mesh--star--n10--exfiltration_propagation--r2,malicious,10,0,0.0,0,1,1,0,100.0,0,0,,True
59,WormShield,mal--edge_mesh--star--n10--exfiltration_propagation--r2,malicious,10,0,0.0,0,1,1,0,100.0,0,0,,True
59,No Defense,mal--edge_mesh--star--n15--recovery_poisoning--r2,malicious,15,1,7.142857142857143,1,1,0,1,0.0,0,0,,False
59,DonkeyRail,mal--edge_mesh--star--n15--recovery_poisoning--r2,malicious,15,0,0.0,0,1,1,0,100.0,0,0,,True
59,WormShield,mal--edge_mesh--star--n15--recovery_poisoning--r2,malicious,15,0,0.0,0,1,1,0,100.0,0,0,,True
59,No Defense,mal--edge_mesh--star--n20--exfiltration_propagation--r5,malicious,20,1,5.2631578947368425,1,1,0,1,0.0,0,0,,False
59,DonkeyRail,mal--edge_mesh--star--n20--exfiltration_propagation--r5,malicious,20,0,0.0,0,1,1,0,100.0,0,0,,True
59,WormShield,mal--edge_mesh--star--n20--exfiltration_propagation--r5,malicious,20,0,0.0,0,1,1,0,100.0,0,0,,True
59,No Defense,mal--edge_mesh--star--n20--recovery_poisoning--r2,malicious,20,1,5.2631578947368425,1,1,0,1,0.0,1,0,0.0,False
59,DonkeyRail,mal--edge_mesh--star--n20--recovery_poisoning--r2,malicious,20,0,0.0,0,1,1,0,100.0,0,0,,True
59,WormShield,mal--edge_mesh--star--n20--recovery_poisoning--r2,malicious,20,0,0.0,0,1,1,0,100.0,0,0,,True
59,No Defense,mal--edge_mesh--star--n20--slice_takeover--r3,malicious,20,1,5.2631578947368425,1,1,0,1,0.0,0,0,,False
59,DonkeyRail,mal--edge_mesh--star--n20--slice_takeover--r3,malicious,20,0,0.0,0,1,1,0,100.0,0,0,,True
59,WormShield,mal--edge_mesh--star--n20--slice_takeover--r3,malicious,20,0,0.0,0,1,1,0,100.0,0,0,,True
59,No Defense,mal--ran_orchestration--chain--n10--recovery_poisoning--r1,malicious,10,2,22.22222222222222,2,2,0,2,0.0,0,0,,False
59,DonkeyRail,mal--ran_orchestration--chain--n10--recovery_poisoning--r1,malicious,10,0,0.0,0,1,1,0,100.0,0,0,,True
59,WormShield,mal--ran_orchestration--chain--n10--recovery_poisoning--r1,malicious,10,0,0.0,0,1,1,0,100.0,0,0,,True
59,No Defense,mal--ran_orchestration--chain--n15--slice_takeover--r4,malicious,15,5,35.714285714285715,3,5,0,5,0.0,0,0,,False
59,DonkeyRail,mal--ran_orchestration--chain--n15--slice_takeover--r4,malicious,15,0,0.0,0,2,2,0,100.0,0,0,,True
59,WormShield,mal--ran_orchestration--chain--n15--slice_takeover--r4,malicious,15,0,0.0,0,2,2,0,100.0,0,0,,True
59,No Defense,mal--ran_orchestration--chain--n20--control_plane_worm--r2,malicious,20,2,10.526315789473685,2,2,0,2,0.0,2,0,0.0,False
59,DonkeyRail,mal--ran_orchestration--chain--n20--control_plane_worm--r2,malicious,20,0,0.0,0,1,1,0,100.0,0,0,,True
59,WormShield,mal--ran_orchestration--chain--n20--control_plane_worm--r2,malicious,20,0,0.0,0,1,1,0,100.0,0,0,,True
59,No Defense,mal--ran_orchestration--chain--n20--exfiltration_propagation--r1,malicious,20,2,10.526315789473685,2,2,0,2,0.0,0,0,,False
59,DonkeyRail,mal--ran_orchestration--chain--n20--exfiltration_propagation--r1,malicious,20,0,0.0,0,1,1,0,100.0,0,0,,True
59,WormShield,mal--ran_orchestration--chain--n20--exfiltration_propagation--r1,malicious,20,0,0.0,0,1,1,0,100.0,0,0,,True
59,No Defense,mal--ran_orchestration--chain--n20--recovery_poisoning--r2,malicious,20,1,5.2631578947368425,1,1,0,1,0.0,0,0,,False
59,DonkeyRail,mal--ran_orchestration--chain--n20--recovery_poisoning--r2,malicious,20,0,0.0,0,1,1,0,100.0,0,0,,True
59,WormShield,mal--ran_orchestration--chain--n20--recovery_poisoning--r2,malicious,20,0,0.0,0,1,1,0,100.0,0,0,,True
59,No Defense,mal--ran_orchestration--chain--n4--slice_takeover--r2,malicious,4,2,66.66666666666667,1,2,0,2,0.0,0,0,,False
59,DonkeyRail,mal--ran_orchestration--chain--n4--slice_takeover--r2,malicious,4,0,0.0,0,2,2,0,100.0,0,0,,True
59,WormShield,mal--ran_orchestration--chain--n4--slice_takeover--r2,malicious,4,0,0.0,0,2,2,0,100.0,0,0,,True
59,No Defense,mal--ran_orchestration--mesh_lite--n4--slice_takeover--r2,malicious,4,3,100.0,1,3,0,3,0.0,2,0,0.0,False
59,DonkeyRail,mal--ran_orchestration--mesh_lite--n4--slice_takeover--r2,malicious,4,0,0.0,0,3,3,0,100.0,0,0,,True
59,WormShield,mal--ran_orchestration--mesh_lite--n4--slice_takeover--r2,malicious,4,0,0.0,0,3,3,0,100.0,0,0,,True
59,No Defense,mal--ran_orchestration--mesh_lite--n8--exfiltration_propagation--r3,malicious,8,2,28.571428571428573,1,2,0,2,0.0,0,0,,False
59,DonkeyRail,mal--ran_orchestration--mesh_lite--n8--exfiltration_propagation--r3,malicious,8,0,0.0,0,2,2,0,100.0,0,0,,True
59,WormShield,mal--ran_orchestration--mesh_lite--n8--exfiltration_propagation--r3,malicious,8,0,0.0,0,2,2,0,100.0,0,0,,True
59,No Defense,mal--ran_orchestration--random_min_degree--n10--recovery_poisoning--r3,malicious,10,0,0.0,0,0,0,0,,0,0,,True
59,DonkeyRail,mal--ran_orchestration--random_min_degree--n10--recovery_poisoning--r3,malicious,10,0,0.0,0,0,0,0,,0,0,,True
59,WormShield,mal--ran_orchestration--random_min_degree--n10--recovery_poisoning--r3,malicious,10,0,0.0,0,0,0,0,,0,0,,True
59,No Defense,mal--ran_orchestration--random_min_degree--n8--guard_suppression--r2,malicious,8,2,28.571428571428573,1,2,0,2,0.0,0,0,,False
59,DonkeyRail,mal--ran_orchestration--random_min_degree--n8--guard_suppression--r2,malicious,8,0,0.0,0,2,2,0,100.0,0,0,,True
59,WormShield,mal--ran_orchestration--random_min_degree--n8--guard_suppression--r2,malicious,8,0,0.0,0,2,2,0,100.0,0,0,,True
59,No Defense,mal--ran_orchestration--ring--n10--exfiltration_propagation--r2,malicious,10,2,22.22222222222222,1,2,0,2,0.0,0,0,,False
59,DonkeyRail,mal--ran_orchestration--ring--n10--exfiltration_propagation--r2,malicious,10,0,0.0,0,2,2,0,100.0,0,0,,True
59,WormShield,mal--ran_orchestration--ring--n10--exfiltration_propagation--r2,malicious,10,0,0.0,0,2,2,0,100.0,0,0,,True
59,No Defense,mal--ran_orchestration--ring--n8--guard_suppression--r1,malicious,8,1,14.285714285714286,1,1,0,1,0.0,0,0,,False
59,DonkeyRail,mal--ran_orchestration--ring--n8--guard_suppression--r1,malicious,8,1,14.285714285714286,1,1,0,1,0.0,0,0,,False
59,WormShield,mal--ran_orchestration--ring--n8--guard_suppression--r1,malicious,8,0,0.0,0,1,1,0,100.0,0,0,,True
59,No Defense,mal--ran_orchestration--star--n10--exfiltration_propagation--r2,malicious,10,1,11.11111111111111,1,1,0,1,0.0,0,0,,False
59,DonkeyRail,mal--ran_orchestration--star--n10--exfiltration_propagation--r2,malicious,10,0,0.0,0,1,1,0,100.0,0,0,,True
59,WormShield,mal--ran_orchestration--star--n10--exfiltration_propagation--r2,malicious,10,0,0.0,0,1,1,0,100.0,0,0,,True
59,No Defense,mal--ran_orchestration--star--n10--guard_suppression--r1,malicious,10,1,11.11111111111111,1,1,0,1,0.0,0,0,,False
59,DonkeyRail,mal--ran_orchestration--star--n10--guard_suppression--r1,malicious,10,0,0.0,0,1,1,0,100.0,0,0,,True
59,WormShield,mal--ran_orchestration--star--n10--guard_suppression--r1,malicious,10,0,0.0,0,1,1,0,100.0,0,0,,True
59,No Defense,mal--ran_orchestration--star--n15--recovery_poisoning--r2,malicious,15,1,7.142857142857143,1,1,0,1,0.0,0,0,,False
59,DonkeyRail,mal--ran_orchestration--star--n15--recovery_poisoning--r2,malicious,15,0,0.0,0,1,1,0,100.0,0,0,,True
59,WormShield,mal--ran_orchestration--star--n15--recovery_poisoning--r2,malicious,15,0,0.0,0,1,1,0,100.0,0,0,,True
59,No Defense,mal--ran_orchestration--star--n4--exfiltration_propagation--r4,malicious,4,2,66.66666666666667,2,2,0,2,0.0,0,0,,False
59,DonkeyRail,mal--ran_orchestration--star--n4--exfiltration_propagation--r4,malicious,4,2,66.66666666666667,2,2,0,2,0.0,0,0,,False
59,WormShield,mal--ran_orchestration--star--n4--exfiltration_propagation--r4,malicious,4,0,0.0,0,1,1,0,100.0,0,0,,True
59,No Defense,mal--slice_management--chain--n10--control_plane_worm--r4,malicious,10,4,44.44444444444444,2,4,0,4,0.0,0,0,,False
59,DonkeyRail,mal--slice_management--chain--n10--control_plane_worm--r4,malicious,10,2,22.22222222222222,1,4,2,2,50.0,0,0,,False
59,WormShield,mal--slice_management--chain--n10--control_plane_worm--r4,malicious,10,0,0.0,0,2,2,0,100.0,0,0,,True
59,No Defense,mal--slice_management--chain--n10--guard_suppression--r6,malicious,10,1,11.11111111111111,1,1,0,1,0.0,0,0,,False
59,DonkeyRail,mal--slice_management--chain--n10--guard_suppression--r6,malicious,10,0,0.0,0,1,1,0,100.0,0,0,,True
59,WormShield,mal--slice_management--chain--n10--guard_suppression--r6,malicious,10,0,0.0,0,1,1,0,100.0,0,0,,True
59,No Defense,mal--slice_management--chain--n4--exfiltration_propagation--r4,malicious,4,3,100.0,2,3,0,3,0.0,0,0,,False
59,DonkeyRail,mal--slice_management--chain--n4--exfiltration_propagation--r4,malicious,4,0,0.0,0,2,2,0,100.0,0,0,,True
59,WormShield,mal--slice_management--chain--n4--exfiltration_propagation--r4,malicious,4,0,0.0,0,2,2,0,100.0,0,0,,True
59,No Defense,mal--slice_management--chain--n8--guard_suppression--r2,malicious,8,2,28.571428571428573,1,2,0,2,0.0,0,0,,False
59,DonkeyRail,mal--slice_management--chain--n8--guard_suppression--r2,malicious,8,0,0.0,0,2,2,0,100.0,0,0,,True
59,WormShield,mal--slice_management--chain--n8--guard_suppression--r2,malicious,8,0,0.0,0,2,2,0,100.0,0,0,,True
59,No Defense,mal--slice_management--mesh_lite--n10--guard_suppression--r6,malicious,10,3,33.333333333333336,4,8,0,8,0.0,1,0,0.0,False
59,DonkeyRail,mal--slice_management--mesh_lite--n10--guard_suppression--r6,malicious,10,0,0.0,0,3,3,0,100.0,0,0,,True
59,WormShield,mal--slice_management--mesh_lite--n10--guard_suppression--r6,malicious,10,0,0.0,0,3,3,0,100.0,0,0,,True
59,No Defense,mal--slice_management--mesh_lite--n20--control_plane_worm--r2,malicious,20,3,15.789473684210526,4,6,0,6,0.0,0,0,,False
59,DonkeyRail,mal--slice_management--mesh_lite--n20--control_plane_worm--r2,malicious,20,0,0.0,0,2,2,0,100.0,0,0,,True
59,WormShield,mal--slice_management--mesh_lite--n20--control_plane_worm--r2,malicious,20,0,0.0,0,2,2,0,100.0,0,0,,True
59,No Defense,mal--slice_management--star--n10--control_plane_worm--r4,malicious,10,1,11.11111111111111,1,1,0,1,0.0,0,0,,False
59,DonkeyRail,mal--slice_management--star--n10--control_plane_worm--r4,malicious,10,1,11.11111111111111,1,1,0,1,0.0,0,0,,False
59,WormShield,mal--slice_management--star--n10--control_plane_worm--r4,malicious,10,0,0.0,0,1,1,0,100.0,0,0,,True
59,No Defense,mal--slice_management--star--n10--recovery_poisoning--r1,malicious,10,1,11.11111111111111,1,1,0,1,0.0,0,0,,False
59,DonkeyRail,mal--slice_management--star--n10--recovery_poisoning--r1,malicious,10,1,11.11111111111111,1,1,0,1,0.0,0,0,,False
59,WormShield,mal--slice_management--star--n10--recovery_poisoning--r1,malicious,10,1,11.11111111111111,1,1,0,1,0.0,0,0,,False
59,No Defense,mal--slice_management--star--n15--guard_suppression--r2,malicious,15,1,7.142857142857143,1,1,0,1,0.0,0,0,,False
59,DonkeyRail,mal--slice_management--star--n15--guard_suppression--r2,malicious,15,0,0.0,0,1,1,0,100.0,0,0,,True
59,WormShield,mal--slice_management--star--n15--guard_suppression--r2,malicious,15,0,0.0,0,1,1,0,100.0,0,0,,True
59,No Defense,mal--slice_management--star--n15--recovery_poisoning--r2,malicious,15,1,7.142857142857143,1,1,0,1,0.0,0,0,,False
59,DonkeyRail,mal--slice_management--star--n15--recovery_poisoning--r2,malicious,15,0,0.0,0,1,1,0,100.0,0,0,,True
59,WormShield,mal--slice_management--star--n15--recovery_poisoning--r2,malicious,15,0,0.0,0,1,1,0,100.0,0,0,,True
59,No Defense,mal--slice_management--star--n15--slice_takeover--r4,malicious,15,1,7.142857142857143,1,1,0,1,0.0,0,0,,False
59,DonkeyRail,mal--slice_management--star--n15--slice_takeover--r4,malicious,15,0,0.0,0,1,1,0,100.0,0,0,,True
59,WormShield,mal--slice_management--star--n15--slice_takeover--r4,malicious,15,0,0.0,0,1,1,0,100.0,0,0,,True
59,No Defense,mal--slice_management--star--n20--exfiltration_propagation--r1,malicious,20,1,5.2631578947368425,1,1,0,1,0.0,0,0,,False
59,DonkeyRail,mal--slice_management--star--n20--exfiltration_propagation--r1,malicious,20,0,0.0,0,1,1,0,100.0,0,0,,True
59,WormShield,mal--slice_management--star--n20--exfiltration_propagation--r1,malicious,20,0,0.0,0,1,1,0,100.0,0,0,,True
59,No Defense,mal--slice_management--star--n8--exfiltration_propagation--r2,malicious,8,1,14.285714285714286,1,1,0,1,0.0,0,0,,False
59,DonkeyRail,mal--slice_management--star--n8--exfiltration_propagation--r2,malicious,8,0,0.0,0,1,1,0,100.0,0,0,,True
59,WormShield,mal--slice_management--star--n8--exfiltration_propagation--r2,malicious,8,0,0.0,0,1,1,0,100.0,0,0,,True
59,No Defense,mal--slice_management--star--n8--guard_suppression--r2,malicious,8,1,14.285714285714286,1,1,0,1,0.0,0,0,,False
59,DonkeyRail,mal--slice_management--star--n8--guard_suppression--r2,malicious,8,0,0.0,0,1,1,0,100.0,0,0,,True
59,WormShield,mal--slice_management--star--n8--guard_suppression--r2,malicious,8,0,0.0,0,1,1,0,100.0,0,0,,True
