Held-Out Task,Seed,run_id,y_true,y_score,validation_selected_threshold,y_pred_validation_selected,y_pred_fixed_0.5
ran_orchestration,7,benign--ran_orchestration--chain--n10--containment_drill--r4,0,0.025683,0.19,0,0
ran_orchestration,7,benign--ran_orchestration--chain--n10--containment_drill--r4,0,0.009066161,0.19,0,0
ran_orchestration,7,benign--ran_orchestration--chain--n10--containment_drill--r4,0,0.005064648,0.19,0,0
ran_orchestration,7,benign--ran_orchestration--chain--n10--containment_drill--r4,0,0.0017020758,0.19,0,0
ran_orchestration,7,benign--ran_orchestration--chain--n10--maintenance_notice--r6,0,0.01721615,0.19,0,0
ran_orchestration,7,benign--ran_orchestration--chain--n10--maintenance_notice--r6,0,0.0045207795,0.19,0,0
ran_orchestration,7,benign--ran_orchestration--chain--n10--routine_update--r1,0,0.01792692,0.19,0,0
ran_orchestration,7,benign--ran_orchestration--chain--n10--routine_update--r1,0,0.0014017426,0.19,0,0
ran_orchestration,7,benign--ran_orchestration--chain--n10--routine_update--r5,0,0.084056355,0.19,0,0
ran_orchestration,7,benign--ran_orchestration--chain--n10--routine_update--r5,0,0.011524695,0.19,0,0
ran_orchestration,7,benign--ran_orchestration--chain--n15--containment_drill--r2,0,0.039560333,0.19,0,0
ran_orchestration,7,benign--ran_orchestration--chain--n15--containment_drill--r2,0,0.001349485,0.19,0,0
ran_orchestration,7,benign--ran_orchestration--chain--n15--containment_drill--r2,0,0.013154148,0.19,0,0
ran_orchestration,7,benign--ran_orchestration--chain--n15--containment_drill--r2,0,0.004272411,0.19,0,0
ran_orchestration,7,benign--ran_orchestration--chain--n15--maintenance_notice--r4,0,0.004958096,0.19,0,0
ran_orchestration,7,benign--ran_orchestration--chain--n15--maintenance_notice--r4,0,0.005450616,0.19,0,0
ran_orchestration,7,benign--ran_orchestration--chain--n15--maintenance_notice--r4,0,0.06409963,0.19,0,0
ran_orchestration,7,benign--ran_orchestration--chain--n15--maintenance_notice--r4,0,0.025766615,0.19,0,0
ran_orchestration,7,benign--ran_orchestration--chain--n20--containment_drill--r4,0,0.0105990525,0.19,0,0
ran_orchestration,7,benign--ran_orchestration--chain--n20--maintenance_notice--r6,0,0.006722623,0.19,0,0
ran_orchestration,7,benign--ran_orchestration--chain--n20--maintenance_notice--r6,0,0.0031025894,0.19,0,0
ran_orchestration,7,benign--ran_orchestration--chain--n20--maintenance_notice--r6,0,0.004149978,0.19,0,0
ran_orchestration,7,benign--ran_orchestration--chain--n20--quoted_attack_review--r3,0,0.005382543,0.19,0,0
ran_orchestration,7,benign--ran_orchestration--chain--n20--quoted_attack_review--r3,0,0.0014339268,0.19,0,0
ran_orchestration,7,benign--ran_orchestration--chain--n20--quoted_attack_review--r3,0,0.0010277056,0.19,0,0
ran_orchestration,7,benign--ran_orchestration--chain--n4--containment_drill--r4,0,0.027012773,0.19,0,0
ran_orchestration,7,benign--ran_orchestration--chain--n4--containment_drill--r4,0,0.036229946,0.19,0,0
ran_orchestration,7,benign--ran_orchestration--chain--n4--containment_drill--r4,0,0.0059708585,0.19,0,0
ran_orchestration,7,benign--ran_orchestration--chain--n4--maintenance_notice--r2,0,0.013528323,0.19,0,0
ran_orchestration,7,benign--ran_orchestration--chain--n4--routine_update--r1,0,0.20627296,0.19,1,0
ran_orchestration,7,benign--ran_orchestration--chain--n4--routine_update--r1,0,0.62473685,0.19,1,1
ran_orchestration,7,benign--ran_orchestration--chain--n4--routine_update--r5,0,0.030283399,0.19,0,0
ran_orchestration,7,benign--ran_orchestration--chain--n8--containment_drill--r2,0,0.0042648213,0.19,0,0
ran_orchestration,7,benign--ran_orchestration--chain--n8--quoted_attack_review--r5,0,0.0012610826,0.19,0,0
ran_orchestration,7,benign--ran_orchestration--chain--n8--routine_update--r3,0,0.00906709,0.19,0,0
ran_orchestration,7,benign--ran_orchestration--chain--n8--routine_update--r3,0,0.06451668,0.19,0,0
ran_orchestration,7,benign--ran_orchestration--chain--n8--routine_update--r3,0,0.019571247,0.19,0,0
ran_orchestration,7,benign--ran_orchestration--mesh_lite--n10--maintenance_notice--r4,0,0.057646837,0.19,0,0
ran_orchestration,7,benign--ran_orchestration--mesh_lite--n10--maintenance_notice--r4,0,0.0009265363,0.19,0,0
ran_orchestration,7,benign--ran_orchestration--mesh_lite--n15--maintenance_notice--r6,0,0.056420118,0.19,0,0
ran_orchestration,7,benign--ran_orchestration--mesh_lite--n15--maintenance_notice--r6,0,0.0020825942,0.19,0,0
ran_orchestration,7,benign--ran_orchestration--mesh_lite--n15--routine_update--r1,0,0.021501418,0.19,0,0
ran_orchestration,7,benign--ran_orchestration--mesh_lite--n20--containment_drill--r2,0,0.005870037,0.19,0,0
ran_orchestration,7,benign--ran_orchestration--mesh_lite--n20--containment_drill--r6,0,0.007577769,0.19,0,0
ran_orchestration,7,benign--ran_orchestration--mesh_lite--n20--containment_drill--r6,0,0.0025154732,0.19,0,0
ran_orchestration,7,benign--ran_orchestration--mesh_lite--n20--containment_drill--r6,0,0.0024167658,0.19,0,0
ran_orchestration,7,benign--ran_orchestration--mesh_lite--n20--maintenance_notice--r4,0,0.035853464,0.19,0,0
ran_orchestration,7,benign--ran_orchestration--mesh_lite--n20--maintenance_notice--r4,0,0.12944445,0.19,0,0
ran_orchestration,7,benign--ran_orchestration--mesh_lite--n20--maintenance_notice--r4,0,0.001124465,0.19,0,0
ran_orchestration,7,benign--ran_orchestration--mesh_lite--n20--quoted_attack_review--r5,0,0.023873128,0.19,0,0
ran_orchestration,7,benign--ran_orchestration--mesh_lite--n20--quoted_attack_review--r5,0,0.0009625546,0.19,0,0
ran_orchestration,7,benign--ran_orchestration--mesh_lite--n20--quoted_attack_review--r5,0,0.008632735,0.19,0,0
ran_orchestration,7,benign--ran_orchestration--mesh_lite--n20--quoted_attack_review--r5,0,0.0059945397,0.19,0,0
ran_orchestration,7,benign--ran_orchestration--mesh_lite--n20--quoted_attack_review--r5,0,0.06411261,0.19,0,0
ran_orchestration,7,benign--ran_orchestration--mesh_lite--n20--quoted_attack_review--r5,0,0.005281637,0.19,0,0
ran_orchestration,7,benign--ran_orchestration--mesh_lite--n20--quoted_attack_review--r5,0,0.5047293,0.19,1,1
ran_orchestration,7,benign--ran_orchestration--mesh_lite--n20--quoted_attack_review--r5,0,0.0035377888,0.19,0,0
ran_orchestration,7,benign--ran_orchestration--mesh_lite--n4--containment_drill--r2,0,0.0018372866,0.19,0,0
ran_orchestration,7,benign--ran_orchestration--mesh_lite--n4--containment_drill--r6,0,0.012573944,0.19,0,0
ran_orchestration,7,benign--ran_orchestration--mesh_lite--n4--containment_drill--r6,0,0.0062855254,0.19,0,0
ran_orchestration,7,benign--ran_orchestration--mesh_lite--n4--maintenance_notice--r4,0,0.04625073,0.19,0,0
ran_orchestration,7,benign--ran_orchestration--mesh_lite--n8--containment_drill--r4,0,0.04200969,0.19,0,0
ran_orchestration,7,benign--ran_orchestration--mesh_lite--n8--containment_drill--r4,0,0.028386645,0.19,0,0
ran_orchestration,7,benign--ran_orchestration--mesh_lite--n8--containment_drill--r4,0,0.012679083,0.19,0,0
ran_orchestration,7,benign--ran_orchestration--mesh_lite--n8--containment_drill--r4,0,0.008030791,0.19,0,0
ran_orchestration,7,benign--ran_orchestration--mesh_lite--n8--containment_drill--r4,0,0.013640935,0.19,0,0
ran_orchestration,7,benign--ran_orchestration--mesh_lite--n8--containment_drill--r4,0,0.009031125,0.19,0,0
ran_orchestration,7,benign--ran_orchestration--mesh_lite--n8--containment_drill--r4,0,0.006569463,0.19,0,0
ran_orchestration,7,benign--ran_orchestration--mesh_lite--n8--containment_drill--r4,0,0.011223152,0.19,0,0
ran_orchestration,7,benign--ran_orchestration--mesh_lite--n8--maintenance_notice--r2,0,0.003828817,0.19,0,0
ran_orchestration,7,benign--ran_orchestration--random_min_degree--n10--containment_drill--r4,0,0.0026962713,0.19,0,0
ran_orchestration,7,benign--ran_orchestration--random_min_degree--n10--maintenance_notice--r2,0,0.010202788,0.19,0,0
ran_orchestration,7,benign--ran_orchestration--random_min_degree--n10--maintenance_notice--r2,0,0.007670879,0.19,0,0
ran_orchestration,7,benign--ran_orchestration--random_min_degree--n10--maintenance_notice--r2,0,0.0061763544,0.19,0,0
ran_orchestration,7,benign--ran_orchestration--random_min_degree--n10--maintenance_notice--r2,0,0.0017501517,0.19,0,0
ran_orchestration,7,benign--ran_orchestration--random_min_degree--n10--maintenance_notice--r6,0,0.013516583,0.19,0,0
ran_orchestration,7,benign--ran_orchestration--random_min_degree--n10--maintenance_notice--r6,0,0.013835813,0.19,0,0
ran_orchestration,7,benign--ran_orchestration--random_min_degree--n10--maintenance_notice--r6,0,0.0062212073,0.19,0,0
ran_orchestration,7,benign--ran_orchestration--random_min_degree--n10--maintenance_notice--r6,0,0.0015835185,0.19,0,0
ran_orchestration,7,benign--ran_orchestration--random_min_degree--n10--routine_update--r1,0,0.16372216,0.19,0,0
ran_orchestration,7,benign--ran_orchestration--random_min_degree--n10--routine_update--r1,0,0.010754103,0.19,0,0
ran_orchestration,7,benign--ran_orchestration--random_min_degree--n10--routine_update--r1,0,0.1418363,0.19,0,0
ran_orchestration,7,benign--ran_orchestration--random_min_degree--n10--routine_update--r1,0,0.00809169,0.19,0,0
ran_orchestration,7,benign--ran_orchestration--random_min_degree--n10--routine_update--r5,0,0.027609127,0.19,0,0
ran_orchestration,7,benign--ran_orchestration--random_min_degree--n10--routine_update--r5,0,0.0059300964,0.19,0,0
ran_orchestration,7,benign--ran_orchestration--random_min_degree--n15--containment_drill--r2,0,0.0019887572,0.19,0,0
ran_orchestration,7,benign--ran_orchestration--random_min_degree--n15--containment_drill--r6,0,0.013745676,0.19,0,0
ran_orchestration,7,benign--ran_orchestration--random_min_degree--n15--containment_drill--r6,0,0.0046453923,0.19,0,0
ran_orchestration,7,benign--ran_orchestration--random_min_degree--n15--containment_drill--r6,0,0.003265616,0.19,0,0
ran_orchestration,7,benign--ran_orchestration--random_min_degree--n15--containment_drill--r6,0,0.0009047088,0.19,0,0
ran_orchestration,7,benign--ran_orchestration--random_min_degree--n15--containment_drill--r6,0,0.013116708,0.19,0,0
ran_orchestration,7,benign--ran_orchestration--random_min_degree--n15--quoted_attack_review--r5,0,0.00089276314,0.19,0,0
ran_orchestration,7,benign--ran_orchestration--random_min_degree--n15--routine_update--r3,0,0.046571735,0.19,0,0
ran_orchestration,7,benign--ran_orchestration--random_min_degree--n20--containment_drill--r4,0,0.06799469,0.19,0,0
ran_orchestration,7,benign--ran_orchestration--random_min_degree--n20--containment_drill--r4,0,0.00081984693,0.19,0,0
ran_orchestration,7,benign--ran_orchestration--random_min_degree--n20--containment_drill--r4,0,0.0013187339,0.19,0,0
ran_orchestration,7,benign--ran_orchestration--random_min_degree--n20--containment_drill--r4,0,0.0014413388,0.19,0,0
ran_orchestration,7,benign--ran_orchestration--random_min_degree--n20--maintenance_notice--r2,0,0.0048441887,0.19,0,0
ran_orchestration,7,benign--ran_orchestration--random_min_degree--n20--quoted_attack_review--r3,0,0.0024555624,0.19,0,0
ran_orchestration,7,benign--ran_orchestration--random_min_degree--n20--quoted_attack_review--r3,0,0.0010730493,0.19,0,0
ran_orchestration,7,benign--ran_orchestration--random_min_degree--n20--quoted_attack_review--r3,0,0.0025277957,0.19,0,0
ran_orchestration,7,benign--ran_orchestration--random_min_degree--n20--quoted_attack_review--r3,0,0.0012283635,0.19,0,0
ran_orchestration,7,benign--ran_orchestration--random_min_degree--n20--quoted_attack_review--r3,0,0.0012130223,0.19,0,0
ran_orchestration,7,benign--ran_orchestration--random_min_degree--n20--quoted_attack_review--r3,0,0.0018978926,0.19,0,0
ran_orchestration,7,benign--ran_orchestration--random_min_degree--n20--routine_update--r1,0,0.07182602,0.19,0,0
ran_orchestration,7,benign--ran_orchestration--random_min_degree--n20--routine_update--r1,0,0.005262719,0.19,0,0
ran_orchestration,7,benign--ran_orchestration--random_min_degree--n20--routine_update--r1,0,0.036405176,0.19,0,0
ran_orchestration,7,benign--ran_orchestration--random_min_degree--n20--routine_update--r1,0,0.01662858,0.19,0,0
ran_orchestration,7,benign--ran_orchestration--random_min_degree--n20--routine_update--r5,0,0.030375756,0.19,0,0
ran_orchestration,7,benign--ran_orchestration--random_min_degree--n20--routine_update--r5,0,0.10335814,0.19,0,0
ran_orchestration,7,benign--ran_orchestration--random_min_degree--n4--containment_drill--r4,0,0.0035129169,0.19,0,0
ran_orchestration,7,benign--ran_orchestration--random_min_degree--n4--maintenance_notice--r2,0,0.0060233106,0.19,0,0
ran_orchestration,7,benign--ran_orchestration--random_min_degree--n4--quoted_attack_review--r3,0,0.0065340223,0.19,0,0
ran_orchestration,7,benign--ran_orchestration--random_min_degree--n4--quoted_attack_review--r3,0,0.0050146836,0.19,0,0
ran_orchestration,7,benign--ran_orchestration--random_min_degree--n4--quoted_attack_review--r3,0,0.0039430293,0.19,0,0
ran_orchestration,7,benign--ran_orchestration--random_min_degree--n4--quoted_attack_review--r3,0,0.00833436,0.19,0,0
ran_orchestration,7,benign--ran_orchestration--random_min_degree--n4--routine_update--r1,0,0.06622526,0.19,0,0
ran_orchestration,7,benign--ran_orchestration--random_min_degree--n4--routine_update--r1,0,0.057406638,0.19,0,0
ran_orchestration,7,benign--ran_orchestration--random_min_degree--n4--routine_update--r1,0,0.05151119,0.19,0,0
ran_orchestration,7,benign--ran_orchestration--random_min_degree--n4--routine_update--r1,0,0.09524779,0.19,0,0
ran_orchestration,7,benign--ran_orchestration--random_min_degree--n4--routine_update--r1,0,0.041957494,0.19,0,0
ran_orchestration,7,benign--ran_orchestration--random_min_degree--n4--routine_update--r1,0,0.0037670885,0.19,0,0
ran_orchestration,7,benign--ran_orchestration--random_min_degree--n4--routine_update--r5,0,0.032895666,0.19,0,0
ran_orchestration,7,benign--ran_orchestration--random_min_degree--n4--routine_update--r5,0,0.012265399,0.19,0,0
ran_orchestration,7,benign--ran_orchestration--random_min_degree--n8--containment_drill--r2,0,0.0018230573,0.19,0,0
ran_orchestration,7,benign--ran_orchestration--random_min_degree--n8--containment_drill--r6,0,0.004465566,0.19,0,0
ran_orchestration,7,benign--ran_orchestration--random_min_degree--n8--routine_update--r3,0,0.07830372,0.19,0,0
ran_orchestration,7,benign--ran_orchestration--random_min_degree--n8--routine_update--r3,0,0.005612138,0.19,0,0
ran_orchestration,7,benign--ran_orchestration--random_min_degree--n8--routine_update--r3,0,0.15753563,0.19,0,0
ran_orchestration,7,benign--ran_orchestration--random_min_degree--n8--routine_update--r3,0,0.014894093,0.19,0,0
ran_orchestration,7,benign--ran_orchestration--random_min_degree--n8--routine_update--r3,0,0.0019521548,0.19,0,0
ran_orchestration,7,benign--ran_orchestration--ring--n10--containment_drill--r4,0,0.0054794876,0.19,0,0
ran_orchestration,7,benign--ran_orchestration--ring--n10--maintenance_notice--r2,0,0.0012434206,0.19,0,0
ran_orchestration,7,benign--ran_orchestration--ring--n10--maintenance_notice--r6,0,0.001822012,0.19,0,0
ran_orchestration,7,benign--ran_orchestration--ring--n10--maintenance_notice--r6,0,0.0029013874,0.19,0,0
ran_orchestration,7,benign--ran_orchestration--ring--n10--maintenance_notice--r6,0,0.0016367862,0.19,0,0
ran_orchestration,7,benign--ran_orchestration--ring--n10--routine_update--r1,0,0.09958498,0.19,0,0
ran_orchestration,7,benign--ran_orchestration--ring--n15--containment_drill--r2,0,0.0036658344,0.19,0,0
ran_orchestration,7,benign--ran_orchestration--ring--n15--containment_drill--r6,0,0.0040449067,0.19,0,0
ran_orchestration,7,benign--ran_orchestration--ring--n15--maintenance_notice--r4,0,0.018739779,0.19,0,0
ran_orchestration,7,benign--ran_orchestration--ring--n15--maintenance_notice--r4,0,0.005684869,0.19,0,0
ran_orchestration,7,benign--ran_orchestration--ring--n15--maintenance_notice--r4,0,0.041509677,0.19,0,0
ran_orchestration,7,benign--ran_orchestration--ring--n15--maintenance_notice--r4,0,0.01798466,0.19,0,0
ran_orchestration,7,benign--ran_orchestration--ring--n15--maintenance_notice--r4,0,0.012225845,0.19,0,0
ran_orchestration,7,benign--ran_orchestration--ring--n15--routine_update--r3,0,0.036953695,0.19,0,0
ran_orchestration,7,benign--ran_orchestration--ring--n15--routine_update--r3,0,0.1114028,0.19,0,0
ran_orchestration,7,benign--ran_orchestration--ring--n20--containment_drill--r4,0,0.009129553,0.19,0,0
ran_orchestration,7,benign--ran_orchestration--ring--n20--containment_drill--r4,0,0.0019555143,0.19,0,0
ran_orchestration,7,benign--ran_orchestration--ring--n20--maintenance_notice--r2,0,0.008227393,0.19,0,0
ran_orchestration,7,benign--ran_orchestration--ring--n20--maintenance_notice--r2,0,0.01982967,0.19,0,0
ran_orchestration,7,benign--ran_orchestration--ring--n20--maintenance_notice--r2,0,0.0013837926,0.19,0,0
ran_orchestration,7,benign--ran_orchestration--ring--n20--maintenance_notice--r6,0,0.14151669,0.19,0,0
ran_orchestration,7,benign--ran_orchestration--ring--n20--quoted_attack_review--r3,0,0.0043473495,0.19,0,0
ran_orchestration,7,benign--ran_orchestration--ring--n20--quoted_attack_review--r3,0,0.0006425842,0.19,0,0
ran_orchestration,7,benign--ran_orchestration--ring--n20--quoted_attack_review--r3,0,0.004138063,0.19,0,0
ran_orchestration,7,benign--ran_orchestration--ring--n20--routine_update--r1,0,0.06636981,0.19,0,0
ran_orchestration,7,benign--ran_orchestration--ring--n20--routine_update--r1,0,0.0059426213,0.19,0,0
ran_orchestration,7,benign--ran_orchestration--ring--n20--routine_update--r5,0,0.008959717,0.19,0,0
ran_orchestration,7,benign--ran_orchestration--ring--n4--containment_drill--r4,0,0.011664351,0.19,0,0
ran_orchestration,7,benign--ran_orchestration--ring--n4--maintenance_notice--r2,0,0.00326432,0.19,0,0
ran_orchestration,7,benign--ran_orchestration--ring--n4--routine_update--r1,0,0.09705508,0.19,0,0
ran_orchestration,7,benign--ran_orchestration--ring--n4--routine_update--r5,0,0.036651656,0.19,0,0
ran_orchestration,7,benign--ran_orchestration--ring--n4--routine_update--r5,0,0.06465464,0.19,0,0
ran_orchestration,7,benign--ran_orchestration--ring--n4--routine_update--r5,0,0.031755522,0.19,0,0
ran_orchestration,7,benign--ran_orchestration--ring--n8--containment_drill--r2,0,0.009894494,0.19,0,0
ran_orchestration,7,benign--ran_orchestration--ring--n8--containment_drill--r2,0,0.01928394,0.19,0,0
ran_orchestration,7,benign--ran_orchestration--ring--n8--containment_drill--r2,0,0.016242055,0.19,0,0
ran_orchestration,7,benign--ran_orchestration--ring--n8--containment_drill--r2,0,0.0017092216,0.19,0,0
ran_orchestration,7,benign--ran_orchestration--ring--n8--containment_drill--r2,0,0.0024084363,0.19,0,0
ran_orchestration,7,benign--ran_orchestration--ring--n8--containment_drill--r2,0,0.0014785596,0.19,0,0
ran_orchestration,7,benign--ran_orchestration--ring--n8--containment_drill--r6,0,0.009265142,0.19,0,0
ran_orchestration,7,benign--ran_orchestration--ring--n8--containment_drill--r6,0,0.002832841,0.19,0,0
ran_orchestration,7,benign--ran_orchestration--ring--n8--containment_drill--r6,0,0.0029228202,0.19,0,0
ran_orchestration,7,benign--ran_orchestration--ring--n8--containment_drill--r6,0,0.006198498,0.19,0,0
ran_orchestration,7,benign--ran_orchestration--ring--n8--containment_drill--r6,0,0.0013079902,0.19,0,0
ran_orchestration,7,benign--ran_orchestration--ring--n8--quoted_attack_review--r5,0,0.0078576105,0.19,0,0
ran_orchestration,7,benign--ran_orchestration--ring--n8--quoted_attack_review--r5,0,0.00124227,0.19,0,0
ran_orchestration,7,benign--ran_orchestration--ring--n8--routine_update--r3,0,0.01694326,0.19,0,0
ran_orchestration,7,benign--ran_orchestration--ring--n8--routine_update--r3,0,0.008232699,0.19,0,0
ran_orchestration,7,benign--ran_orchestration--ring--n8--routine_update--r3,0,0.041254602,0.19,0,0
ran_orchestration,7,benign--ran_orchestration--ring--n8--routine_update--r3,0,0.011778863,0.19,0,0
ran_orchestration,7,benign--ran_orchestration--star--n10--containment_drill--r2,0,0.0026151165,0.19,0,0
ran_orchestration,7,benign--ran_orchestration--star--n10--containment_drill--r6,0,0.0047835573,0.19,0,0
ran_orchestration,7,benign--ran_orchestration--star--n10--containment_drill--r6,0,0.015461738,0.19,0,0
ran_orchestration,7,benign--ran_orchestration--star--n10--containment_drill--r6,0,0.0025118184,0.19,0,0
ran_orchestration,7,benign--ran_orchestration--star--n10--maintenance_notice--r4,0,0.0014634716,0.19,0,0
ran_orchestration,7,benign--ran_orchestration--star--n10--routine_update--r3,0,0.0075472123,0.19,0,0
ran_orchestration,7,benign--ran_orchestration--star--n10--routine_update--r3,0,0.0035419664,0.19,0,0
ran_orchestration,7,benign--ran_orchestration--star--n15--containment_drill--r4,0,0.002998872,0.19,0,0
ran_orchestration,7,benign--ran_orchestration--star--n15--maintenance_notice--r2,0,0.0009258249,0.19,0,0
ran_orchestration,7,benign--ran_orchestration--star--n15--maintenance_notice--r6,0,0.0017476369,0.19,0,0
ran_orchestration,7,benign--ran_orchestration--star--n15--maintenance_notice--r6,0,0.0020567803,0.19,0,0
ran_orchestration,7,benign--ran_orchestration--star--n15--maintenance_notice--r6,0,0.0007256738,0.19,0,0
ran_orchestration,7,benign--ran_orchestration--star--n15--routine_update--r1,0,0.013794047,0.19,0,0
ran_orchestration,7,benign--ran_orchestration--star--n15--routine_update--r1,0,0.004723666,0.19,0,0
ran_orchestration,7,benign--ran_orchestration--star--n20--containment_drill--r2,0,0.0023180214,0.19,0,0
ran_orchestration,7,benign--ran_orchestration--star--n20--containment_drill--r6,0,0.009865234,0.19,0,0
ran_orchestration,7,benign--ran_orchestration--star--n20--quoted_attack_review--r1,0,0.0033812642,0.19,0,0
ran_orchestration,7,benign--ran_orchestration--star--n20--quoted_attack_review--r1,0,0.003842133,0.19,0,0
ran_orchestration,7,benign--ran_orchestration--star--n20--quoted_attack_review--r5,0,0.004678655,0.19,0,0
ran_orchestration,7,benign--ran_orchestration--star--n20--routine_update--r3,0,0.020000428,0.19,0,0
ran_orchestration,7,benign--ran_orchestration--star--n20--routine_update--r3,0,0.031039793,0.19,0,0
ran_orchestration,7,benign--ran_orchestration--star--n20--routine_update--r3,0,0.008938069,0.19,0,0
ran_orchestration,7,benign--ran_orchestration--star--n4--containment_drill--r2,0,0.0026490742,0.19,0,0
ran_orchestration,7,benign--ran_orchestration--star--n4--containment_drill--r6,0,0.0022774779,0.19,0,0
ran_orchestration,7,benign--ran_orchestration--star--n8--containment_drill--r4,0,0.0043699937,0.19,0,0
ran_orchestration,7,benign--ran_orchestration--star--n8--containment_drill--r4,0,0.005931398,0.19,0,0
ran_orchestration,7,benign--ran_orchestration--star--n8--containment_drill--r4,0,0.0012693367,0.19,0,0
ran_orchestration,7,benign--ran_orchestration--star--n8--maintenance_notice--r2,0,0.0025803077,0.19,0,0
ran_orchestration,7,benign--ran_orchestration--star--n8--maintenance_notice--r6,0,0.015875587,0.19,0,0
ran_orchestration,7,benign--ran_orchestration--star--n8--maintenance_notice--r6,0,0.010692637,0.19,0,0
ran_orchestration,7,benign--ran_orchestration--star--n8--quoted_attack_review--r3,0,0.0064491685,0.19,0,0
ran_orchestration,7,benign--ran_orchestration--star--n8--quoted_attack_review--r3,0,0.003621651,0.19,0,0
ran_orchestration,7,benign--ran_orchestration--star--n8--routine_update--r1,0,0.58142215,0.19,1,1
ran_orchestration,7,benign--ran_orchestration--star--n8--routine_update--r1,0,0.030604798,0.19,0,0
ran_orchestration,7,benign--ran_orchestration--star--n8--routine_update--r5,0,0.0029535424,0.19,0,0
ran_orchestration,7,mal--ran_orchestration--chain--n10--exfiltration_propagation--r2,1,0.9943106,0.19,1,1
ran_orchestration,7,mal--ran_orchestration--chain--n10--exfiltration_propagation--r2,0,0.99565035,0.19,1,1
ran_orchestration,7,mal--ran_orchestration--chain--n10--exfiltration_propagation--r2,0,0.13015357,0.19,0,0
ran_orchestration,7,mal--ran_orchestration--chain--n10--exfiltration_propagation--r2,0,0.0018232742,0.19,0,0
ran_orchestration,7,mal--ran_orchestration--chain--n10--guard_suppression--r1,1,0.16998535,0.19,0,0
ran_orchestration,7,mal--ran_orchestration--chain--n10--guard_suppression--r1,0,0.0020618162,0.19,0,0
ran_orchestration,7,mal--ran_orchestration--chain--n10--recovery_poisoning--r1,1,0.9831669,0.19,1,1
ran_orchestration,7,mal--ran_orchestration--chain--n10--recovery_poisoning--r1,1,0.9374813,0.19,1,1
ran_orchestration,7,mal--ran_orchestration--chain--n10--recovery_poisoning--r1,1,0.77898896,0.19,1,1
ran_orchestration,7,mal--ran_orchestration--chain--n10--recovery_poisoning--r3,1,0.9929095,0.19,1,1
ran_orchestration,7,mal--ran_orchestration--chain--n10--recovery_poisoning--r3,1,0.92258674,0.19,1,1
ran_orchestration,7,mal--ran_orchestration--chain--n10--recovery_poisoning--r3,0,0.018009052,0.19,0,0
ran_orchestration,7,mal--ran_orchestration--chain--n15--control_plane_worm--r3,1,0.9924057,0.19,1,1
ran_orchestration,7,mal--ran_orchestration--chain--n15--control_plane_worm--r3,1,0.13886945,0.19,0,0
ran_orchestration,7,mal--ran_orchestration--chain--n15--control_plane_worm--r3,1,0.039249867,0.19,0,0
ran_orchestration,7,mal--ran_orchestration--chain--n15--exfiltration_propagation--r1,1,0.9918561,0.19,1,1
ran_orchestration,7,mal--ran_orchestration--chain--n15--exfiltration_propagation--r1,1,0.99461764,0.19,1,1
ran_orchestration,7,mal--ran_orchestration--chain--n15--guard_suppression--r2,1,0.9947241,0.19,1,1
ran_orchestration,7,mal--ran_orchestration--chain--n15--guard_suppression--r2,0,0.09236354,0.19,0,0
ran_orchestration,7,mal--ran_orchestration--chain--n15--guard_suppression--r2,0,0.03588919,0.19,0,0
ran_orchestration,7,mal--ran_orchestration--chain--n15--guard_suppression--r5,1,0.9944747,0.19,1,1
ran_orchestration,7,mal--ran_orchestration--chain--n15--guard_suppression--r5,1,0.13566211,0.19,0,0
ran_orchestration,7,mal--ran_orchestration--chain--n15--guard_suppression--r5,0,0.0034239015,0.19,0,0
ran_orchestration,7,mal--ran_orchestration--chain--n15--guard_suppression--r5,1,0.4621001,0.19,1,0
ran_orchestration,7,mal--ran_orchestration--chain--n15--guard_suppression--r5,1,0.49890402,0.19,1,0
ran_orchestration,7,mal--ran_orchestration--chain--n15--guard_suppression--r5,1,0.017277248,0.19,0,0
ran_orchestration,7,mal--ran_orchestration--chain--n15--recovery_poisoning--r2,1,0.885975,0.19,1,1
ran_orchestration,7,mal--ran_orchestration--chain--n15--recovery_poisoning--r2,0,0.06872566,0.19,0,0
ran_orchestration,7,mal--ran_orchestration--chain--n15--recovery_poisoning--r2,1,0.84890187,0.19,1,1
ran_orchestration,7,mal--ran_orchestration--chain--n15--recovery_poisoning--r2,0,0.1948651,0.19,1,0
ran_orchestration,7,mal--ran_orchestration--chain--n15--slice_takeover--r4,1,0.98972195,0.19,1,1
ran_orchestration,7,mal--ran_orchestration--chain--n15--slice_takeover--r4,1,0.7042912,0.19,1,1
ran_orchestration,7,mal--ran_orchestration--chain--n15--slice_takeover--r4,0,0.53436166,0.19,1,1
ran_orchestration,7,mal--ran_orchestration--chain--n15--slice_takeover--r4,1,0.99012333,0.19,1,1
ran_orchestration,7,mal--ran_orchestration--chain--n15--slice_takeover--r4,1,0.97745174,0.19,1,1
ran_orchestration,7,mal--ran_orchestration--chain--n15--slice_takeover--r4,1,0.97644114,0.19,1,1
ran_orchestration,7,mal--ran_orchestration--chain--n20--control_plane_worm--r2,1,0.9928261,0.19,1,1
ran_orchestration,7,mal--ran_orchestration--chain--n20--control_plane_worm--r2,1,0.995138,0.19,1,1
ran_orchestration,7,mal--ran_orchestration--chain--n20--control_plane_worm--r2,0,0.049870692,0.19,0,0
ran_orchestration,7,mal--ran_orchestration--chain--n20--control_plane_worm--r2,0,0.0043990477,0.19,0,0
ran_orchestration,7,mal--ran_orchestration--chain--n20--control_plane_worm--r2,0,0.005301098,0.19,0,0
ran_orchestration,7,mal--ran_orchestration--chain--n20--exfiltration_propagation--r1,1,0.9918561,0.19,1,1
ran_orchestration,7,mal--ran_orchestration--chain--n20--exfiltration_propagation--r1,1,0.9921285,0.19,1,1
ran_orchestration,7,mal--ran_orchestration--chain--n20--exfiltration_propagation--r1,1,0.9727418,0.19,1,1
ran_orchestration,7,mal--ran_orchestration--chain--n20--recovery_poisoning--r1,1,0.97557735,0.19,1,1
ran_orchestration,7,mal--ran_orchestration--chain--n20--recovery_poisoning--r1,1,0.74683404,0.19,1,1
ran_orchestration,7,mal--ran_orchestration--chain--n20--recovery_poisoning--r1,1,0.9036048,0.19,1,1
ran_orchestration,7,mal--ran_orchestration--chain--n20--recovery_poisoning--r1,1,0.48931277,0.19,1,0
ran_orchestration,7,mal--ran_orchestration--chain--n20--recovery_poisoning--r1,0,0.020114768,0.19,0,0
ran_orchestration,7,mal--ran_orchestration--chain--n20--recovery_poisoning--r2,1,0.9964463,0.19,1,1
ran_orchestration,7,mal--ran_orchestration--chain--n20--recovery_poisoning--r2,0,0.08677819,0.19,0,0
ran_orchestration,7,mal--ran_orchestration--chain--n20--recovery_poisoning--r6,1,0.9841367,0.19,1,1
ran_orchestration,7,mal--ran_orchestration--chain--n20--recovery_poisoning--r6,1,0.14092696,0.19,0,0
ran_orchestration,7,mal--ran_orchestration--chain--n20--recovery_poisoning--r6,0,0.0044428166,0.19,0,0
ran_orchestration,7,mal--ran_orchestration--chain--n20--recovery_poisoning--r6,1,0.964883,0.19,1,1
ran_orchestration,7,mal--ran_orchestration--chain--n20--slice_takeover--r3,1,0.9958884,0.19,1,1
ran_orchestration,7,mal--ran_orchestration--chain--n20--slice_takeover--r3,0,0.53684956,0.19,1,1
ran_orchestration,7,mal--ran_orchestration--chain--n4--control_plane_worm--r1,1,0.98952955,0.19,1,1
ran_orchestration,7,mal--ran_orchestration--chain--n4--control_plane_worm--r1,0,0.21153454,0.19,1,0
ran_orchestration,7,mal--ran_orchestration--chain--n4--control_plane_worm--r6,1,0.9929194,0.19,1,1
ran_orchestration,7,mal--ran_orchestration--chain--n4--control_plane_worm--r6,0,0.5787027,0.19,1,1
ran_orchestration,7,mal--ran_orchestration--chain--n4--exfiltration_propagation--r4,1,0.954525,0.19,1,1
ran_orchestration,7,mal--ran_orchestration--chain--n4--exfiltration_propagation--r4,1,0.046619333,0.19,0,0
ran_orchestration,7,mal--ran_orchestration--chain--n4--guard_suppression--r3,1,0.54222107,0.19,1,1
ran_orchestration,7,mal--ran_orchestration--chain--n4--guard_suppression--r3,0,0.019298812,0.19,0,0
ran_orchestration,7,mal--ran_orchestration--chain--n4--guard_suppression--r3,1,0.17049426,0.19,0,0
ran_orchestration,7,mal--ran_orchestration--chain--n4--guard_suppression--r3,0,0.11473218,0.19,0,0
ran_orchestration,7,mal--ran_orchestration--chain--n4--recovery_poisoning--r5,1,0.9840822,0.19,1,1
ran_orchestration,7,mal--ran_orchestration--chain--n4--recovery_poisoning--r5,1,0.9950836,0.19,1,1
ran_orchestration,7,mal--ran_orchestration--chain--n4--recovery_poisoning--r5,1,0.9780563,0.19,1,1
ran_orchestration,7,mal--ran_orchestration--chain--n4--recovery_poisoning--r5,0,0.11626512,0.19,0,0
ran_orchestration,7,mal--ran_orchestration--chain--n4--slice_takeover--r2,1,0.99589527,0.19,1,1
ran_orchestration,7,mal--ran_orchestration--chain--n4--slice_takeover--r2,0,0.09659653,0.19,0,0
ran_orchestration,7,mal--ran_orchestration--chain--n4--slice_takeover--r2,0,0.27143073,0.19,1,0
ran_orchestration,7,mal--ran_orchestration--mesh_lite--n10--recovery_poisoning--r3,0,0.1718511,0.19,0,0
ran_orchestration,7,mal--ran_orchestration--mesh_lite--n10--recovery_poisoning--r3,0,0.13687457,0.19,0,0
ran_orchestration,7,mal--ran_orchestration--mesh_lite--n10--recovery_poisoning--r3,0,0.008342225,0.19,0,0
ran_orchestration,7,mal--ran_orchestration--mesh_lite--n10--recovery_poisoning--r3,0,0.07575317,0.19,0,0
ran_orchestration,7,mal--ran_orchestration--mesh_lite--n10--recovery_poisoning--r3,0,0.0076419674,0.19,0,0
ran_orchestration,7,mal--ran_orchestration--mesh_lite--n10--recovery_poisoning--r3,0,0.0053629326,0.19,0,0
ran_orchestration,7,mal--ran_orchestration--mesh_lite--n10--recovery_poisoning--r3,0,0.006344481,0.19,0,0
ran_orchestration,7,mal--ran_orchestration--mesh_lite--n10--recovery_poisoning--r3,0,0.0031002539,0.19,0,0
ran_orchestration,7,mal--ran_orchestration--mesh_lite--n15--guard_suppression--r2,0,0.027867578,0.19,0,0
ran_orchestration,7,mal--ran_orchestration--mesh_lite--n15--guard_suppression--r2,0,0.05572465,0.19,0,0
ran_orchestration,7,mal--ran_orchestration--mesh_lite--n15--guard_suppression--r2,0,0.0063130665,0.19,0,0
ran_orchestration,7,mal--ran_orchestration--mesh_lite--n15--guard_suppression--r2,0,0.017342698,0.19,0,0
ran_orchestration,7,mal--ran_orchestration--mesh_lite--n15--guard_suppression--r2,0,0.0076498403,0.19,0,0
ran_orchestration,7,mal--ran_orchestration--mesh_lite--n15--guard_suppression--r2,0,0.08057132,0.19,0,0
ran_orchestration,7,mal--ran_orchestration--mesh_lite--n15--guard_suppression--r2,0,0.0033005925,0.19,0,0
ran_orchestration,7,mal--ran_orchestration--mesh_lite--n15--guard_suppression--r2,1,0.7974979,0.19,1,1
ran_orchestration,7,mal--ran_orchestration--mesh_lite--n15--guard_suppression--r5,1,0.99314815,0.19,1,1
ran_orchestration,7,mal--ran_orchestration--mesh_lite--n15--guard_suppression--r5,1,0.8530226,0.19,1,1
ran_orchestration,7,mal--ran_orchestration--mesh_lite--n15--guard_suppression--r5,0,0.11089672,0.19,0,0
ran_orchestration,7,mal--ran_orchestration--mesh_lite--n15--guard_suppression--r5,0,0.02742158,0.19,0,0
ran_orchestration,7,mal--ran_orchestration--mesh_lite--n15--guard_suppression--r5,0,0.12418195,0.19,0,0
ran_orchestration,7,mal--ran_orchestration--mesh_lite--n15--recovery_poisoning--r2,0,0.30323353,0.19,1,0
ran_orchestration,7,mal--ran_orchestration--mesh_lite--n15--recovery_poisoning--r2,0,0.00475848,0.19,0,0
ran_orchestration,7,mal--ran_orchestration--mesh_lite--n15--recovery_poisoning--r2,0,0.004556252,0.19,0,0
ran_orchestration,7,mal--ran_orchestration--mesh_lite--n15--recovery_poisoning--r2,0,0.0015474308,0.19,0,0
ran_orchestration,7,mal--ran_orchestration--mesh_lite--n15--slice_takeover--r4,1,0.9940878,0.19,1,1
ran_orchestration,7,mal--ran_orchestration--mesh_lite--n15--slice_takeover--r4,0,0.27105063,0.19,1,0
ran_orchestration,7,mal--ran_orchestration--mesh_lite--n20--control_plane_worm--r2,1,0.9972248,0.19,1,1
ran_orchestration,7,mal--ran_orchestration--mesh_lite--n20--control_plane_worm--r2,0,0.0032908407,0.19,0,0
ran_orchestration,7,mal--ran_orchestration--mesh_lite--n20--control_plane_worm--r2,1,0.9938816,0.19,1,1
ran_orchestration,7,mal--ran_orchestration--mesh_lite--n20--control_plane_worm--r2,0,0.44570896,0.19,1,0
ran_orchestration,7,mal--ran_orchestration--mesh_lite--n20--control_plane_worm--r2,0,0.9581439,0.19,1,1
ran_orchestration,7,mal--ran_orchestration--mesh_lite--n20--control_plane_worm--r2,0,0.23569347,0.19,1,0
ran_orchestration,7,mal--ran_orchestration--mesh_lite--n20--control_plane_worm--r2,0,0.031043157,0.19,0,0
ran_orchestration,7,mal--ran_orchestration--mesh_lite--n20--control_plane_worm--r2,1,0.9960601,0.19,1,1
ran_orchestration,7,mal--ran_orchestration--mesh_lite--n20--exfiltration_propagation--r5,0,0.5468762,0.19,1,1
ran_orchestration,7,mal--ran_orchestration--mesh_lite--n20--exfiltration_propagation--r5,0,0.19534214,0.19,1,0
ran_orchestration,7,mal--ran_orchestration--mesh_lite--n20--exfiltration_propagation--r5,1,0.693315,0.19,1,1
ran_orchestration,7,mal--ran_orchestration--mesh_lite--n20--exfiltration_propagation--r5,1,0.8127193,0.19,1,1
ran_orchestration,7,mal--ran_orchestration--mesh_lite--n20--exfiltration_propagation--r5,0,0.011617176,0.19,0,0
ran_orchestration,7,mal--ran_orchestration--mesh_lite--n20--guard_suppression--r4,1,0.99011165,0.19,1,1
ran_orchestration,7,mal--ran_orchestration--mesh_lite--n20--guard_suppression--r4,0,0.15559274,0.19,0,0
ran_orchestration,7,mal--ran_orchestration--mesh_lite--n20--guard_suppression--r4,1,0.14382021,0.19,0,0
ran_orchestration,7,mal--ran_orchestration--mesh_lite--n20--guard_suppression--r4,0,0.0033323143,0.19,0,0
ran_orchestration,7,mal--ran_orchestration--mesh_lite--n4--exfiltration_propagation--r4,1,0.9903133,0.19,1,1
ran_orchestration,7,mal--ran_orchestration--mesh_lite--n4--exfiltration_propagation--r4,0,0.01928839,0.19,0,0
ran_orchestration,7,mal--ran_orchestration--mesh_lite--n4--exfiltration_propagation--r4,1,0.9763297,0.19,1,1
ran_orchestration,7,mal--ran_orchestration--mesh_lite--n4--exfiltration_propagation--r4,1,0.088161096,0.19,0,0
ran_orchestration,7,mal--ran_orchestration--mesh_lite--n4--exfiltration_propagation--r4,0,0.027093256,0.19,0,0
ran_orchestration,7,mal--ran_orchestration--mesh_lite--n4--exfiltration_propagation--r4,1,0.9781837,0.19,1,1
ran_orchestration,7,mal--ran_orchestration--mesh_lite--n4--exfiltration_propagation--r4,1,0.9811025,0.19,1,1
ran_orchestration,7,mal--ran_orchestration--mesh_lite--n4--exfiltration_propagation--r4,0,0.028322801,0.19,0,0
ran_orchestration,7,mal--ran_orchestration--mesh_lite--n4--exfiltration_propagation--r4,1,0.99211496,0.19,1,1
ran_orchestration,7,mal--ran_orchestration--mesh_lite--n4--exfiltration_propagation--r4,0,0.27102867,0.19,1,0
ran_orchestration,7,mal--ran_orchestration--mesh_lite--n4--slice_takeover--r2,1,0.9969386,0.19,1,1
ran_orchestration,7,mal--ran_orchestration--mesh_lite--n4--slice_takeover--r2,0,0.51540166,0.19,1,1
ran_orchestration,7,mal--ran_orchestration--mesh_lite--n4--slice_takeover--r2,0,0.19282344,0.19,1,0
ran_orchestration,7,mal--ran_orchestration--mesh_lite--n4--slice_takeover--r2,0,0.26388282,0.19,1,0
ran_orchestration,7,mal--ran_orchestration--mesh_lite--n4--slice_takeover--r2,0,0.007862574,0.19,0,0
ran_orchestration,7,mal--ran_orchestration--mesh_lite--n4--slice_takeover--r2,0,0.002218466,0.19,0,0
ran_orchestration,7,mal--ran_orchestration--mesh_lite--n8--exfiltration_propagation--r3,1,0.99686843,0.19,1,1
ran_orchestration,7,mal--ran_orchestration--mesh_lite--n8--exfiltration_propagation--r3,0,0.19698231,0.19,1,0
ran_orchestration,7,mal--ran_orchestration--mesh_lite--n8--exfiltration_propagation--r3,0,0.7695261,0.19,1,1
ran_orchestration,7,mal--ran_orchestration--mesh_lite--n8--slice_takeover--r6,1,0.96338785,0.19,1,1
ran_orchestration,7,mal--ran_orchestration--mesh_lite--n8--slice_takeover--r6,0,0.1361337,0.19,0,0
ran_orchestration,7,mal--ran_orchestration--mesh_lite--n8--slice_takeover--r6,0,0.017674243,0.19,0,0
ran_orchestration,7,mal--ran_orchestration--random_min_degree--n10--control_plane_worm--r4,1,0.9867278,0.19,1,1
ran_orchestration,7,mal--ran_orchestration--random_min_degree--n10--control_plane_worm--r4,0,0.03489826,0.19,0,0
ran_orchestration,7,mal--ran_orchestration--random_min_degree--n10--control_plane_worm--r4,0,0.004411135,0.19,0,0
ran_orchestration,7,mal--ran_orchestration--random_min_degree--n10--control_plane_worm--r4,0,0.003075718,0.19,0,0
ran_orchestration,7,mal--ran_orchestration--random_min_degree--n10--exfiltration_propagation--r2,1,0.9861973,0.19,1,1
ran_orchestration,7,mal--ran_orchestration--random_min_degree--n10--exfiltration_propagation--r2,0,0.24231511,0.19,1,0
ran_orchestration,7,mal--ran_orchestration--random_min_degree--n10--recovery_poisoning--r3,1,0.96870965,0.19,1,1
ran_orchestration,7,mal--ran_orchestration--random_min_degree--n15--guard_suppression--r2,1,0.9932203,0.19,1,1
ran_orchestration,7,mal--ran_orchestration--random_min_degree--n15--guard_suppression--r2,1,0.9868889,0.19,1,1
ran_orchestration,7,mal--ran_orchestration--random_min_degree--n15--guard_suppression--r2,0,0.46362877,0.19,1,0
ran_orchestration,7,mal--ran_orchestration--random_min_degree--n15--guard_suppression--r2,1,0.91994846,0.19,1,1
ran_orchestration,7,mal--ran_orchestration--random_min_degree--n15--guard_suppression--r2,1,0.89894986,0.19,1,1
ran_orchestration,7,mal--ran_orchestration--random_min_degree--n15--guard_suppression--r2,1,0.18570407,0.19,0,0
ran_orchestration,7,mal--ran_orchestration--random_min_degree--n20--control_plane_worm--r2,1,0.9910862,0.19,1,1
ran_orchestration,7,mal--ran_orchestration--random_min_degree--n20--control_plane_worm--r2,0,0.0072962237,0.19,0,0
ran_orchestration,7,mal--ran_orchestration--random_min_degree--n20--control_plane_worm--r2,1,0.75379366,0.19,1,1
ran_orchestration,7,mal--ran_orchestration--random_min_degree--n20--control_plane_worm--r2,1,0.86914325,0.19,1,1
ran_orchestration,7,mal--ran_orchestration--random_min_degree--n20--exfiltration_propagation--r5,0,0.02485142,0.19,0,0
ran_orchestration,7,mal--ran_orchestration--random_min_degree--n20--exfiltration_propagation--r5,0,0.0006659685,0.19,0,0
ran_orchestration,7,mal--ran_orchestration--random_min_degree--n20--recovery_poisoning--r1,1,0.93041545,0.19,1,1
ran_orchestration,7,mal--ran_orchestration--random_min_degree--n20--recovery_poisoning--r1,0,0.011983096,0.19,0,0
ran_orchestration,7,mal--ran_orchestration--random_min_degree--n20--recovery_poisoning--r1,0,0.0031719152,0.19,0,0
ran_orchestration,7,mal--ran_orchestration--random_min_degree--n20--recovery_poisoning--r1,0,0.18036026,0.19,0,0
ran_orchestration,7,mal--ran_orchestration--random_min_degree--n20--recovery_poisoning--r1,0,0.1973046,0.19,1,0
ran_orchestration,7,mal--ran_orchestration--random_min_degree--n20--recovery_poisoning--r1,0,0.00666208,0.19,0,0
ran_orchestration,7,mal--ran_orchestration--random_min_degree--n20--recovery_poisoning--r2,1,0.99469477,0.19,1,1
ran_orchestration,7,mal--ran_orchestration--random_min_degree--n20--recovery_poisoning--r2,0,0.25400975,0.19,1,0
ran_orchestration,7,mal--ran_orchestration--random_min_degree--n20--recovery_poisoning--r6,1,0.99393153,0.19,1,1
ran_orchestration,7,mal--ran_orchestration--random_min_degree--n20--recovery_poisoning--r6,0,0.030580247,0.19,0,0
ran_orchestration,7,mal--ran_orchestration--random_min_degree--n20--recovery_poisoning--r6,0,0.0012943211,0.19,0,0
ran_orchestration,7,mal--ran_orchestration--random_min_degree--n4--slice_takeover--r2,1,0.9878105,0.19,1,1
ran_orchestration,7,mal--ran_orchestration--random_min_degree--n4--slice_takeover--r2,1,0.99264866,0.19,1,1
ran_orchestration,7,mal--ran_orchestration--random_min_degree--n4--slice_takeover--r2,0,0.4444512,0.19,1,0
ran_orchestration,7,mal--ran_orchestration--random_min_degree--n4--slice_takeover--r2,1,0.99528354,0.19,1,1
ran_orchestration,7,mal--ran_orchestration--random_min_degree--n4--slice_takeover--r2,1,0.9961428,0.19,1,1
ran_orchestration,7,mal--ran_orchestration--random_min_degree--n4--slice_takeover--r2,0,0.15686733,0.19,0,0
ran_orchestration,7,mal--ran_orchestration--random_min_degree--n8--control_plane_worm--r5,1,0.9956507,0.19,1,1
ran_orchestration,7,mal--ran_orchestration--random_min_degree--n8--control_plane_worm--r5,0,0.0038914646,0.19,0,0
ran_orchestration,7,mal--ran_orchestration--random_min_degree--n8--exfiltration_propagation--r3,1,0.9300547,0.19,1,1
ran_orchestration,7,mal--ran_orchestration--random_min_degree--n8--exfiltration_propagation--r3,1,0.6228202,0.19,1,1
ran_orchestration,7,mal--ran_orchestration--random_min_degree--n8--guard_suppression--r2,1,0.99162275,0.19,1,1
ran_orchestration,7,mal--ran_orchestration--random_min_degree--n8--guard_suppression--r2,1,0.049919624,0.19,0,0
ran_orchestration,7,mal--ran_orchestration--random_min_degree--n8--guard_suppression--r2,1,0.7615684,0.19,1,1
ran_orchestration,7,mal--ran_orchestration--random_min_degree--n8--recovery_poisoning--r4,1,0.8992632,0.19,1,1
ran_orchestration,7,mal--ran_orchestration--random_min_degree--n8--recovery_poisoning--r4,0,0.1724274,0.19,0,0
ran_orchestration,7,mal--ran_orchestration--random_min_degree--n8--recovery_poisoning--r4,1,0.84879726,0.19,1,1
ran_orchestration,7,mal--ran_orchestration--ring--n10--exfiltration_propagation--r2,1,0.9830232,0.19,1,1
ran_orchestration,7,mal--ran_orchestration--ring--n10--exfiltration_propagation--r2,0,0.15244332,0.19,0,0
ran_orchestration,7,mal--ran_orchestration--ring--n10--exfiltration_propagation--r2,1,0.95021325,0.19,1,1
ran_orchestration,7,mal--ran_orchestration--ring--n15--control_plane_worm--r3,1,0.99368507,0.19,1,1
ran_orchestration,7,mal--ran_orchestration--ring--n15--control_plane_worm--r3,1,0.9878598,0.19,1,1
ran_orchestration,7,mal--ran_orchestration--ring--n15--control_plane_worm--r3,0,0.8911254,0.19,1,1
ran_orchestration,7,mal--ran_orchestration--ring--n20--control_plane_worm--r2,1,0.997855,0.19,1,1
ran_orchestration,7,mal--ran_orchestration--ring--n20--control_plane_worm--r2,0,0.03535028,0.19,0,0
ran_orchestration,7,mal--ran_orchestration--ring--n20--control_plane_worm--r2,0,0.0017325553,0.19,0,0
ran_orchestration,7,mal--ran_orchestration--ring--n20--control_plane_worm--r2,1,0.98587555,0.19,1,1
ran_orchestration,7,mal--ran_orchestration--ring--n20--exfiltration_propagation--r5,1,0.9041775,0.19,1,1
ran_orchestration,7,mal--ran_orchestration--ring--n20--exfiltration_propagation--r5,0,0.082934506,0.19,0,0
ran_orchestration,7,mal--ran_orchestration--ring--n20--recovery_poisoning--r1,1,0.5081971,0.19,1,1
ran_orchestration,7,mal--ran_orchestration--ring--n20--recovery_poisoning--r1,0,0.0669069,0.19,0,0
ran_orchestration,7,mal--ran_orchestration--ring--n20--recovery_poisoning--r2,0,0.0072932225,0.19,0,0
ran_orchestration,7,mal--ran_orchestration--ring--n20--recovery_poisoning--r2,1,0.9468655,0.19,1,1
ran_orchestration,7,mal--ran_orchestration--ring--n20--recovery_poisoning--r2,1,0.9879794,0.19,1,1
ran_orchestration,7,mal--ran_orchestration--ring--n20--slice_takeover--r3,1,0.99409866,0.19,1,1
ran_orchestration,7,mal--ran_orchestration--ring--n20--slice_takeover--r3,0,0.55481905,0.19,1,1
ran_orchestration,7,mal--ran_orchestration--ring--n4--control_plane_worm--r6,1,0.98083305,0.19,1,1
ran_orchestration,7,mal--ran_orchestration--ring--n4--control_plane_worm--r6,0,0.56334156,0.19,1,1
ran_orchestration,7,mal--ran_orchestration--ring--n4--control_plane_worm--r6,1,0.90134454,0.19,1,1
ran_orchestration,7,mal--ran_orchestration--ring--n4--control_plane_worm--r6,1,0.53411096,0.19,1,1
ran_orchestration,7,mal--ran_orchestration--ring--n4--control_plane_worm--r6,0,0.00695498,0.19,0,0
ran_orchestration,7,mal--ran_orchestration--ring--n8--exfiltration_propagation--r2,1,0.98434734,0.19,1,1
ran_orchestration,7,mal--ran_orchestration--ring--n8--exfiltration_propagation--r2,0,0.7065162,0.19,1,1
ran_orchestration,7,mal--ran_orchestration--ring--n8--exfiltration_propagation--r2,0,0.004658651,0.19,0,0
ran_orchestration,7,mal--ran_orchestration--ring--n8--exfiltration_propagation--r3,1,0.99498737,0.19,1,1
ran_orchestration,7,mal--ran_orchestration--ring--n8--exfiltration_propagation--r3,0,0.04434366,0.19,0,0
ran_orchestration,7,mal--ran_orchestration--ring--n8--exfiltration_propagation--r3,0,0.0020617112,0.19,0,0
ran_orchestration,7,mal--ran_orchestration--ring--n8--guard_suppression--r1,1,0.5099265,0.19,1,1
ran_orchestration,7,mal--ran_orchestration--ring--n8--guard_suppression--r1,0,0.017918192,0.19,0,0
ran_orchestration,7,mal--ran_orchestration--star--n10--control_plane_worm--r2,1,0.9724637,0.19,1,1
ran_orchestration,7,mal--ran_orchestration--star--n10--control_plane_worm--r2,1,0.50309443,0.19,1,1
ran_orchestration,7,mal--ran_orchestration--star--n10--exfiltration_propagation--r2,1,0.9951984,0.19,1,1
ran_orchestration,7,mal--ran_orchestration--star--n10--exfiltration_propagation--r2,0,0.923632,0.19,1,1
ran_orchestration,7,mal--ran_orchestration--star--n10--guard_suppression--r1,1,0.9870776,0.19,1,1
ran_orchestration,7,mal--ran_orchestration--star--n10--guard_suppression--r1,0,0.90390235,0.19,1,1
ran_orchestration,7,mal--ran_orchestration--star--n10--guard_suppression--r6,1,0.23405965,0.19,1,0
ran_orchestration,7,mal--ran_orchestration--star--n10--guard_suppression--r6,0,0.0087464135,0.19,0,0
ran_orchestration,7,mal--ran_orchestration--star--n15--exfiltration_propagation--r6,1,0.99268806,0.19,1,1
ran_orchestration,7,mal--ran_orchestration--star--n15--exfiltration_propagation--r6,0,0.7664032,0.19,1,1
ran_orchestration,7,mal--ran_orchestration--star--n15--guard_suppression--r2,1,0.9950453,0.19,1,1
ran_orchestration,7,mal--ran_orchestration--star--n15--guard_suppression--r2,0,0.69444865,0.19,1,1
ran_orchestration,7,mal--ran_orchestration--star--n15--recovery_poisoning--r2,1,0.9944365,0.19,1,1
ran_orchestration,7,mal--ran_orchestration--star--n15--recovery_poisoning--r2,0,0.5676163,0.19,1,1
ran_orchestration,7,mal--ran_orchestration--star--n15--slice_takeover--r4,1,0.9933907,0.19,1,1
ran_orchestration,7,mal--ran_orchestration--star--n15--slice_takeover--r4,0,0.3385043,0.19,1,0
ran_orchestration,7,mal--ran_orchestration--star--n20--control_plane_worm--r2,0,0.02599052,0.19,0,0
ran_orchestration,7,mal--ran_orchestration--star--n20--exfiltration_propagation--r5,0,0.18159263,0.19,0,0
ran_orchestration,7,mal--ran_orchestration--star--n20--recovery_poisoning--r2,0,0.54086643,0.19,1,1
ran_orchestration,7,mal--ran_orchestration--star--n20--recovery_poisoning--r6,1,0.96284884,0.19,1,1
ran_orchestration,7,mal--ran_orchestration--star--n20--recovery_poisoning--r6,0,0.27830482,0.19,1,0
ran_orchestration,7,mal--ran_orchestration--star--n20--slice_takeover--r3,1,0.9955304,0.19,1,1
ran_orchestration,7,mal--ran_orchestration--star--n20--slice_takeover--r3,0,0.42100683,0.19,1,0
ran_orchestration,7,mal--ran_orchestration--star--n4--control_plane_worm--r1,1,0.9874379,0.19,1,1
ran_orchestration,7,mal--ran_orchestration--star--n4--control_plane_worm--r1,0,0.5954397,0.19,1,1
ran_orchestration,7,mal--ran_orchestration--star--n4--control_plane_worm--r1,0,0.30253536,0.19,1,0
ran_orchestration,7,mal--ran_orchestration--star--n4--exfiltration_propagation--r4,1,0.9891656,0.19,1,1
ran_orchestration,7,mal--ran_orchestration--star--n4--exfiltration_propagation--r4,1,0.20230068,0.19,1,0
ran_orchestration,7,mal--ran_orchestration--star--n4--exfiltration_propagation--r4,0,0.008202506,0.19,0,0
ran_orchestration,7,mal--ran_orchestration--star--n4--guard_suppression--r3,1,0.7830486,0.19,1,1
ran_orchestration,7,mal--ran_orchestration--star--n4--guard_suppression--r3,1,0.18154848,0.19,0,0
ran_orchestration,7,mal--ran_orchestration--star--n4--guard_suppression--r3,0,0.008272556,0.19,0,0
ran_orchestration,7,mal--ran_orchestration--star--n4--recovery_poisoning--r5,1,0.9874126,0.19,1,1
ran_orchestration,7,mal--ran_orchestration--star--n4--recovery_poisoning--r5,0,0.15414207,0.19,0,0
ran_orchestration,7,mal--ran_orchestration--star--n4--recovery_poisoning--r5,0,0.25610718,0.19,1,0
ran_orchestration,7,mal--ran_orchestration--star--n4--slice_takeover--r2,1,0.9937364,0.19,1,1
ran_orchestration,7,mal--ran_orchestration--star--n4--slice_takeover--r2,0,0.3913904,0.19,1,0
ran_orchestration,7,mal--ran_orchestration--star--n8--control_plane_worm--r5,1,0.9906437,0.19,1,1
ran_orchestration,7,mal--ran_orchestration--star--n8--control_plane_worm--r5,0,0.29069394,0.19,1,0
ran_orchestration,7,mal--ran_orchestration--star--n8--control_plane_worm--r5,0,0.009332624,0.19,0,0
ran_orchestration,7,mal--ran_orchestration--star--n8--exfiltration_propagation--r3,1,0.99434954,0.19,1,1
ran_orchestration,7,mal--ran_orchestration--star--n8--exfiltration_propagation--r3,1,0.3111503,0.19,1,0
ran_orchestration,7,mal--ran_orchestration--star--n8--exfiltration_propagation--r3,0,0.0062424215,0.19,0,0
ran_orchestration,19,benign--ran_orchestration--chain--n10--containment_drill--r4,0,0.011263976,0.6200000000000001,0,0
ran_orchestration,19,benign--ran_orchestration--chain--n10--containment_drill--r4,0,0.004678413,0.6200000000000001,0,0
ran_orchestration,19,benign--ran_orchestration--chain--n10--containment_drill--r4,0,0.00485237,0.6200000000000001,0,0
ran_orchestration,19,benign--ran_orchestration--chain--n10--containment_drill--r4,0,0.0054851165,0.6200000000000001,0,0
ran_orchestration,19,benign--ran_orchestration--chain--n10--maintenance_notice--r6,0,0.030208321,0.6200000000000001,0,0
ran_orchestration,19,benign--ran_orchestration--chain--n10--maintenance_notice--r6,0,0.008092314,0.6200000000000001,0,0
ran_orchestration,19,benign--ran_orchestration--chain--n10--routine_update--r1,0,0.028451424,0.6200000000000001,0,0
ran_orchestration,19,benign--ran_orchestration--chain--n10--routine_update--r1,0,0.004431202,0.6200000000000001,0,0
ran_orchestration,19,benign--ran_orchestration--chain--n10--routine_update--r5,0,0.1365584,0.6200000000000001,0,0
ran_orchestration,19,benign--ran_orchestration--chain--n10--routine_update--r5,0,0.027807752,0.6200000000000001,0,0
ran_orchestration,19,benign--ran_orchestration--chain--n15--containment_drill--r2,0,0.024171919,0.6200000000000001,0,0
ran_orchestration,19,benign--ran_orchestration--chain--n15--containment_drill--r2,0,0.0030589348,0.6200000000000001,0,0
ran_orchestration,19,benign--ran_orchestration--chain--n15--containment_drill--r2,0,0.008938398,0.6200000000000001,0,0
ran_orchestration,19,benign--ran_orchestration--chain--n15--containment_drill--r2,0,0.0048064236,0.6200000000000001,0,0
ran_orchestration,19,benign--ran_orchestration--chain--n15--maintenance_notice--r4,0,0.006992864,0.6200000000000001,0,0
ran_orchestration,19,benign--ran_orchestration--chain--n15--maintenance_notice--r4,0,0.010223288,0.6200000000000001,0,0
ran_orchestration,19,benign--ran_orchestration--chain--n15--maintenance_notice--r4,0,0.056231182,0.6200000000000001,0,0
ran_orchestration,19,benign--ran_orchestration--chain--n15--maintenance_notice--r4,0,0.029833982,0.6200000000000001,0,0
ran_orchestration,19,benign--ran_orchestration--chain--n20--containment_drill--r4,0,0.00854339,0.6200000000000001,0,0
ran_orchestration,19,benign--ran_orchestration--chain--n20--maintenance_notice--r6,0,0.0055282474,0.6200000000000001,0,0
ran_orchestration,19,benign--ran_orchestration--chain--n20--maintenance_notice--r6,0,0.0065109967,0.6200000000000001,0,0
ran_orchestration,19,benign--ran_orchestration--chain--n20--maintenance_notice--r6,0,0.01479396,0.6200000000000001,0,0
ran_orchestration,19,benign--ran_orchestration--chain--n20--quoted_attack_review--r3,0,0.0038950301,0.6200000000000001,0,0
ran_orchestration,19,benign--ran_orchestration--chain--n20--quoted_attack_review--r3,0,0.001254552,0.6200000000000001,0,0
ran_orchestration,19,benign--ran_orchestration--chain--n20--quoted_attack_review--r3,0,0.0017361656,0.6200000000000001,0,0
ran_orchestration,19,benign--ran_orchestration--chain--n4--containment_drill--r4,0,0.015856965,0.6200000000000001,0,0
ran_orchestration,19,benign--ran_orchestration--chain--n4--containment_drill--r4,0,0.00869552,0.6200000000000001,0,0
ran_orchestration,19,benign--ran_orchestration--chain--n4--containment_drill--r4,0,0.0063068112,0.6200000000000001,0,0
ran_orchestration,19,benign--ran_orchestration--chain--n4--maintenance_notice--r2,0,0.0086562205,0.6200000000000001,0,0
ran_orchestration,19,benign--ran_orchestration--chain--n4--routine_update--r1,0,0.21687661,0.6200000000000001,0,0
ran_orchestration,19,benign--ran_orchestration--chain--n4--routine_update--r1,0,0.69189674,0.6200000000000001,1,1
ran_orchestration,19,benign--ran_orchestration--chain--n4--routine_update--r5,0,0.023739228,0.6200000000000001,0,0
ran_orchestration,19,benign--ran_orchestration--chain--n8--containment_drill--r2,0,0.003407499,0.6200000000000001,0,0
ran_orchestration,19,benign--ran_orchestration--chain--n8--quoted_attack_review--r5,0,0.0012494636,0.6200000000000001,0,0
ran_orchestration,19,benign--ran_orchestration--chain--n8--routine_update--r3,0,0.0136191435,0.6200000000000001,0,0
ran_orchestration,19,benign--ran_orchestration--chain--n8--routine_update--r3,0,0.12881045,0.6200000000000001,0,0
ran_orchestration,19,benign--ran_orchestration--chain--n8--routine_update--r3,0,0.019747907,0.6200000000000001,0,0
ran_orchestration,19,benign--ran_orchestration--mesh_lite--n10--maintenance_notice--r4,0,0.021559909,0.6200000000000001,0,0
ran_orchestration,19,benign--ran_orchestration--mesh_lite--n10--maintenance_notice--r4,0,0.0025573217,0.6200000000000001,0,0
ran_orchestration,19,benign--ran_orchestration--mesh_lite--n15--maintenance_notice--r6,0,0.03140296,0.6200000000000001,0,0
ran_orchestration,19,benign--ran_orchestration--mesh_lite--n15--maintenance_notice--r6,0,0.0117556965,0.6200000000000001,0,0
ran_orchestration,19,benign--ran_orchestration--mesh_lite--n15--routine_update--r1,0,0.026472649,0.6200000000000001,0,0
ran_orchestration,19,benign--ran_orchestration--mesh_lite--n20--containment_drill--r2,0,0.0063287723,0.6200000000000001,0,0
ran_orchestration,19,benign--ran_orchestration--mesh_lite--n20--containment_drill--r6,0,0.006742814,0.6200000000000001,0,0
ran_orchestration,19,benign--ran_orchestration--mesh_lite--n20--containment_drill--r6,0,0.0033568304,0.6200000000000001,0,0
ran_orchestration,19,benign--ran_orchestration--mesh_lite--n20--containment_drill--r6,0,0.0019434617,0.6200000000000001,0,0
ran_orchestration,19,benign--ran_orchestration--mesh_lite--n20--maintenance_notice--r4,0,0.11684803,0.6200000000000001,0,0
ran_orchestration,19,benign--ran_orchestration--mesh_lite--n20--maintenance_notice--r4,0,0.16138917,0.6200000000000001,0,0
ran_orchestration,19,benign--ran_orchestration--mesh_lite--n20--maintenance_notice--r4,0,0.0014258532,0.6200000000000001,0,0
ran_orchestration,19,benign--ran_orchestration--mesh_lite--n20--quoted_attack_review--r5,0,0.03354916,0.6200000000000001,0,0
ran_orchestration,19,benign--ran_orchestration--mesh_lite--n20--quoted_attack_review--r5,0,0.0022895269,0.6200000000000001,0,0
ran_orchestration,19,benign--ran_orchestration--mesh_lite--n20--quoted_attack_review--r5,0,0.020169292,0.6200000000000001,0,0
ran_orchestration,19,benign--ran_orchestration--mesh_lite--n20--quoted_attack_review--r5,0,0.0150066195,0.6200000000000001,0,0
ran_orchestration,19,benign--ran_orchestration--mesh_lite--n20--quoted_attack_review--r5,0,0.100917295,0.6200000000000001,0,0
ran_orchestration,19,benign--ran_orchestration--mesh_lite--n20--quoted_attack_review--r5,0,0.004058389,0.6200000000000001,0,0
ran_orchestration,19,benign--ran_orchestration--mesh_lite--n20--quoted_attack_review--r5,0,0.5181181,0.6200000000000001,0,1
ran_orchestration,19,benign--ran_orchestration--mesh_lite--n20--quoted_attack_review--r5,0,0.006988064,0.6200000000000001,0,0
ran_orchestration,19,benign--ran_orchestration--mesh_lite--n4--containment_drill--r2,0,0.002303575,0.6200000000000001,0,0
ran_orchestration,19,benign--ran_orchestration--mesh_lite--n4--containment_drill--r6,0,0.012015981,0.6200000000000001,0,0
ran_orchestration,19,benign--ran_orchestration--mesh_lite--n4--containment_drill--r6,0,0.0062647234,0.6200000000000001,0,0
ran_orchestration,19,benign--ran_orchestration--mesh_lite--n4--maintenance_notice--r4,0,0.01224797,0.6200000000000001,0,0
ran_orchestration,19,benign--ran_orchestration--mesh_lite--n8--containment_drill--r4,0,0.02197101,0.6200000000000001,0,0
ran_orchestration,19,benign--ran_orchestration--mesh_lite--n8--containment_drill--r4,0,0.17561418,0.6200000000000001,0,0
ran_orchestration,19,benign--ran_orchestration--mesh_lite--n8--containment_drill--r4,0,0.007325001,0.6200000000000001,0,0
ran_orchestration,19,benign--ran_orchestration--mesh_lite--n8--containment_drill--r4,0,0.0048589827,0.6200000000000001,0,0
ran_orchestration,19,benign--ran_orchestration--mesh_lite--n8--containment_drill--r4,0,0.019412784,0.6200000000000001,0,0
ran_orchestration,19,benign--ran_orchestration--mesh_lite--n8--containment_drill--r4,0,0.01494882,0.6200000000000001,0,0
ran_orchestration,19,benign--ran_orchestration--mesh_lite--n8--containment_drill--r4,0,0.020390216,0.6200000000000001,0,0
ran_orchestration,19,benign--ran_orchestration--mesh_lite--n8--containment_drill--r4,0,0.015554801,0.6200000000000001,0,0
ran_orchestration,19,benign--ran_orchestration--mesh_lite--n8--maintenance_notice--r2,0,0.0041159685,0.6200000000000001,0,0
ran_orchestration,19,benign--ran_orchestration--random_min_degree--n10--containment_drill--r4,0,0.0020968693,0.6200000000000001,0,0
ran_orchestration,19,benign--ran_orchestration--random_min_degree--n10--maintenance_notice--r2,0,0.0061432202,0.6200000000000001,0,0
ran_orchestration,19,benign--ran_orchestration--random_min_degree--n10--maintenance_notice--r2,0,0.005499222,0.6200000000000001,0,0
ran_orchestration,19,benign--ran_orchestration--random_min_degree--n10--maintenance_notice--r2,0,0.010847394,0.6200000000000001,0,0
ran_orchestration,19,benign--ran_orchestration--random_min_degree--n10--maintenance_notice--r2,0,0.0043561547,0.6200000000000001,0,0
ran_orchestration,19,benign--ran_orchestration--random_min_degree--n10--maintenance_notice--r6,0,0.009902018,0.6200000000000001,0,0
ran_orchestration,19,benign--ran_orchestration--random_min_degree--n10--maintenance_notice--r6,0,0.019587925,0.6200000000000001,0,0
ran_orchestration,19,benign--ran_orchestration--random_min_degree--n10--maintenance_notice--r6,0,0.012610686,0.6200000000000001,0,0
ran_orchestration,19,benign--ran_orchestration--random_min_degree--n10--maintenance_notice--r6,0,0.005218234,0.6200000000000001,0,0
ran_orchestration,19,benign--ran_orchestration--random_min_degree--n10--routine_update--r1,0,0.2637618,0.6200000000000001,0,0
ran_orchestration,19,benign--ran_orchestration--random_min_degree--n10--routine_update--r1,0,0.04816905,0.6200000000000001,0,0
ran_orchestration,19,benign--ran_orchestration--random_min_degree--n10--routine_update--r1,0,0.27560645,0.6200000000000001,0,0
ran_orchestration,19,benign--ran_orchestration--random_min_degree--n10--routine_update--r1,0,0.016439762,0.6200000000000001,0,0
ran_orchestration,19,benign--ran_orchestration--random_min_degree--n10--routine_update--r5,0,0.016586207,0.6200000000000001,0,0
ran_orchestration,19,benign--ran_orchestration--random_min_degree--n10--routine_update--r5,0,0.0038249288,0.6200000000000001,0,0
ran_orchestration,19,benign--ran_orchestration--random_min_degree--n15--containment_drill--r2,0,0.0030513636,0.6200000000000001,0,0
ran_orchestration,19,benign--ran_orchestration--random_min_degree--n15--containment_drill--r6,0,0.010696512,0.6200000000000001,0,0
ran_orchestration,19,benign--ran_orchestration--random_min_degree--n15--containment_drill--r6,0,0.003635681,0.6200000000000001,0,0
ran_orchestration,19,benign--ran_orchestration--random_min_degree--n15--containment_drill--r6,0,0.0029421411,0.6200000000000001,0,0
ran_orchestration,19,benign--ran_orchestration--random_min_degree--n15--containment_drill--r6,0,0.0015655295,0.6200000000000001,0,0
ran_orchestration,19,benign--ran_orchestration--random_min_degree--n15--containment_drill--r6,0,0.0040931865,0.6200000000000001,0,0
ran_orchestration,19,benign--ran_orchestration--random_min_degree--n15--quoted_attack_review--r5,0,0.0015092317,0.6200000000000001,0,0
ran_orchestration,19,benign--ran_orchestration--random_min_degree--n15--routine_update--r3,0,0.03757402,0.6200000000000001,0,0
ran_orchestration,19,benign--ran_orchestration--random_min_degree--n20--containment_drill--r4,0,0.056965522,0.6200000000000001,0,0
ran_orchestration,19,benign--ran_orchestration--random_min_degree--n20--containment_drill--r4,0,0.0026949535,0.6200000000000001,0,0
ran_orchestration,19,benign--ran_orchestration--random_min_degree--n20--containment_drill--r4,0,0.0051632077,0.6200000000000001,0,0
ran_orchestration,19,benign--ran_orchestration--random_min_degree--n20--containment_drill--r4,0,0.0019479943,0.6200000000000001,0,0
ran_orchestration,19,benign--ran_orchestration--random_min_degree--n20--maintenance_notice--r2,0,0.012298724,0.6200000000000001,0,0
ran_orchestration,19,benign--ran_orchestration--random_min_degree--n20--quoted_attack_review--r3,0,0.004007262,0.6200000000000001,0,0
ran_orchestration,19,benign--ran_orchestration--random_min_degree--n20--quoted_attack_review--r3,0,0.001973283,0.6200000000000001,0,0
ran_orchestration,19,benign--ran_orchestration--random_min_degree--n20--quoted_attack_review--r3,0,0.0055775205,0.6200000000000001,0,0
ran_orchestration,19,benign--ran_orchestration--random_min_degree--n20--quoted_attack_review--r3,0,0.0027141308,0.6200000000000001,0,0
ran_orchestration,19,benign--ran_orchestration--random_min_degree--n20--quoted_attack_review--r3,0,0.002084583,0.6200000000000001,0,0
ran_orchestration,19,benign--ran_orchestration--random_min_degree--n20--quoted_attack_review--r3,0,0.0050551635,0.6200000000000001,0,0
ran_orchestration,19,benign--ran_orchestration--random_min_degree--n20--routine_update--r1,0,0.1246583,0.6200000000000001,0,0
ran_orchestration,19,benign--ran_orchestration--random_min_degree--n20--routine_update--r1,0,0.014070968,0.6200000000000001,0,0
ran_orchestration,19,benign--ran_orchestration--random_min_degree--n20--routine_update--r1,0,0.18651165,0.6200000000000001,0,0
ran_orchestration,19,benign--ran_orchestration--random_min_degree--n20--routine_update--r1,0,0.052982457,0.6200000000000001,0,0
ran_orchestration,19,benign--ran_orchestration--random_min_degree--n20--routine_update--r5,0,0.028489884,0.6200000000000001,0,0
ran_orchestration,19,benign--ran_orchestration--random_min_degree--n20--routine_update--r5,0,0.49886614,0.6200000000000001,0,0
ran_orchestration,19,benign--ran_orchestration--random_min_degree--n4--containment_drill--r4,0,0.0034726553,0.6200000000000001,0,0
ran_orchestration,19,benign--ran_orchestration--random_min_degree--n4--maintenance_notice--r2,0,0.004395006,0.6200000000000001,0,0
ran_orchestration,19,benign--ran_orchestration--random_min_degree--n4--quoted_attack_review--r3,0,0.007616199,0.6200000000000001,0,0
ran_orchestration,19,benign--ran_orchestration--random_min_degree--n4--quoted_attack_review--r3,0,0.009684648,0.6200000000000001,0,0
ran_orchestration,19,benign--ran_orchestration--random_min_degree--n4--quoted_attack_review--r3,0,0.0067056892,0.6200000000000001,0,0
ran_orchestration,19,benign--ran_orchestration--random_min_degree--n4--quoted_attack_review--r3,0,0.009592473,0.6200000000000001,0,0
ran_orchestration,19,benign--ran_orchestration--random_min_degree--n4--routine_update--r1,0,0.066918604,0.6200000000000001,0,0
ran_orchestration,19,benign--ran_orchestration--random_min_degree--n4--routine_update--r1,0,0.3316013,0.6200000000000001,0,0
ran_orchestration,19,benign--ran_orchestration--random_min_degree--n4--routine_update--r1,0,0.2051716,0.6200000000000001,0,0
ran_orchestration,19,benign--ran_orchestration--random_min_degree--n4--routine_update--r1,0,0.3575153,0.6200000000000001,0,0
ran_orchestration,19,benign--ran_orchestration--random_min_degree--n4--routine_update--r1,0,0.3360806,0.6200000000000001,0,0
ran_orchestration,19,benign--ran_orchestration--random_min_degree--n4--routine_update--r1,0,0.0073935525,0.6200000000000001,0,0
ran_orchestration,19,benign--ran_orchestration--random_min_degree--n4--routine_update--r5,0,0.0448955,0.6200000000000001,0,0
ran_orchestration,19,benign--ran_orchestration--random_min_degree--n4--routine_update--r5,0,0.022430427,0.6200000000000001,0,0
ran_orchestration,19,benign--ran_orchestration--random_min_degree--n8--containment_drill--r2,0,0.0023060038,0.6200000000000001,0,0
ran_orchestration,19,benign--ran_orchestration--random_min_degree--n8--containment_drill--r6,0,0.0058130138,0.6200000000000001,0,0
ran_orchestration,19,benign--ran_orchestration--random_min_degree--n8--routine_update--r3,0,0.05592313,0.6200000000000001,0,0
ran_orchestration,19,benign--ran_orchestration--random_min_degree--n8--routine_update--r3,0,0.0141078625,0.6200000000000001,0,0
ran_orchestration,19,benign--ran_orchestration--random_min_degree--n8--routine_update--r3,0,0.11884429,0.6200000000000001,0,0
ran_orchestration,19,benign--ran_orchestration--random_min_degree--n8--routine_update--r3,0,0.069801986,0.6200000000000001,0,0
ran_orchestration,19,benign--ran_orchestration--random_min_degree--n8--routine_update--r3,0,0.004189097,0.6200000000000001,0,0
ran_orchestration,19,benign--ran_orchestration--ring--n10--containment_drill--r4,0,0.0064894776,0.6200000000000001,0,0
ran_orchestration,19,benign--ran_orchestration--ring--n10--maintenance_notice--r2,0,0.0015670104,0.6200000000000001,0,0
ran_orchestration,19,benign--ran_orchestration--ring--n10--maintenance_notice--r6,0,0.013685223,0.6200000000000001,0,0
ran_orchestration,19,benign--ran_orchestration--ring--n10--maintenance_notice--r6,0,0.0036065627,0.6200000000000001,0,0
ran_orchestration,19,benign--ran_orchestration--ring--n10--maintenance_notice--r6,0,0.0043481253,0.6200000000000001,0,0
ran_orchestration,19,benign--ran_orchestration--ring--n10--routine_update--r1,0,0.065615736,0.6200000000000001,0,0
ran_orchestration,19,benign--ran_orchestration--ring--n15--containment_drill--r2,0,0.003508343,0.6200000000000001,0,0
ran_orchestration,19,benign--ran_orchestration--ring--n15--containment_drill--r6,0,0.0031770866,0.6200000000000001,0,0
ran_orchestration,19,benign--ran_orchestration--ring--n15--maintenance_notice--r4,0,0.01252105,0.6200000000000001,0,0
ran_orchestration,19,benign--ran_orchestration--ring--n15--maintenance_notice--r4,0,0.009347731,0.6200000000000001,0,0
ran_orchestration,19,benign--ran_orchestration--ring--n15--maintenance_notice--r4,0,0.012284576,0.6200000000000001,0,0
ran_orchestration,19,benign--ran_orchestration--ring--n15--maintenance_notice--r4,0,0.0069092866,0.6200000000000001,0,0
ran_orchestration,19,benign--ran_orchestration--ring--n15--maintenance_notice--r4,0,0.008184325,0.6200000000000001,0,0
ran_orchestration,19,benign--ran_orchestration--ring--n15--routine_update--r3,0,0.033922173,0.6200000000000001,0,0
ran_orchestration,19,benign--ran_orchestration--ring--n15--routine_update--r3,0,0.29259607,0.6200000000000001,0,0
ran_orchestration,19,benign--ran_orchestration--ring--n20--containment_drill--r4,0,0.005311522,0.6200000000000001,0,0
ran_orchestration,19,benign--ran_orchestration--ring--n20--containment_drill--r4,0,0.0030355703,0.6200000000000001,0,0
ran_orchestration,19,benign--ran_orchestration--ring--n20--maintenance_notice--r2,0,0.0077062654,0.6200000000000001,0,0
ran_orchestration,19,benign--ran_orchestration--ring--n20--maintenance_notice--r2,0,0.017063733,0.6200000000000001,0,0
ran_orchestration,19,benign--ran_orchestration--ring--n20--maintenance_notice--r2,0,0.0027444896,0.6200000000000001,0,0
ran_orchestration,19,benign--ran_orchestration--ring--n20--maintenance_notice--r6,0,0.12847912,0.6200000000000001,0,0
ran_orchestration,19,benign--ran_orchestration--ring--n20--quoted_attack_review--r3,0,0.010779202,0.6200000000000001,0,0
ran_orchestration,19,benign--ran_orchestration--ring--n20--quoted_attack_review--r3,0,0.001596147,0.6200000000000001,0,0
ran_orchestration,19,benign--ran_orchestration--ring--n20--quoted_attack_review--r3,0,0.003094531,0.6200000000000001,0,0
ran_orchestration,19,benign--ran_orchestration--ring--n20--routine_update--r1,0,0.115258984,0.6200000000000001,0,0
ran_orchestration,19,benign--ran_orchestration--ring--n20--routine_update--r1,0,0.009254849,0.6200000000000001,0,0
ran_orchestration,19,benign--ran_orchestration--ring--n20--routine_update--r5,0,0.0075686793,0.6200000000000001,0,0
ran_orchestration,19,benign--ran_orchestration--ring--n4--containment_drill--r4,0,0.005810212,0.6200000000000001,0,0
ran_orchestration,19,benign--ran_orchestration--ring--n4--maintenance_notice--r2,0,0.0025166904,0.6200000000000001,0,0
ran_orchestration,19,benign--ran_orchestration--ring--n4--routine_update--r1,0,0.03161173,0.6200000000000001,0,0
ran_orchestration,19,benign--ran_orchestration--ring--n4--routine_update--r5,0,0.038891416,0.6200000000000001,0,0
ran_orchestration,19,benign--ran_orchestration--ring--n4--routine_update--r5,0,0.101234265,0.6200000000000001,0,0
ran_orchestration,19,benign--ran_orchestration--ring--n4--routine_update--r5,0,0.0839695,0.6200000000000001,0,0
ran_orchestration,19,benign--ran_orchestration--ring--n8--containment_drill--r2,0,0.010128987,0.6200000000000001,0,0
ran_orchestration,19,benign--ran_orchestration--ring--n8--containment_drill--r2,0,0.02842362,0.6200000000000001,0,0
ran_orchestration,19,benign--ran_orchestration--ring--n8--containment_drill--r2,0,0.024500467,0.6200000000000001,0,0
ran_orchestration,19,benign--ran_orchestration--ring--n8--containment_drill--r2,0,0.003148078,0.6200000000000001,0,0
ran_orchestration,19,benign--ran_orchestration--ring--n8--containment_drill--r2,0,0.0064288154,0.6200000000000001,0,0
ran_orchestration,19,benign--ran_orchestration--ring--n8--containment_drill--r2,0,0.0019519876,0.6200000000000001,0,0
ran_orchestration,19,benign--ran_orchestration--ring--n8--containment_drill--r6,0,0.006101372,0.6200000000000001,0,0
ran_orchestration,19,benign--ran_orchestration--ring--n8--containment_drill--r6,0,0.0057252636,0.6200000000000001,0,0
ran_orchestration,19,benign--ran_orchestration--ring--n8--containment_drill--r6,0,0.004239944,0.6200000000000001,0,0
ran_orchestration,19,benign--ran_orchestration--ring--n8--containment_drill--r6,0,0.0034047782,0.6200000000000001,0,0
ran_orchestration,19,benign--ran_orchestration--ring--n8--containment_drill--r6,0,0.0026310193,0.6200000000000001,0,0
ran_orchestration,19,benign--ran_orchestration--ring--n8--quoted_attack_review--r5,0,0.0146334125,0.6200000000000001,0,0
ran_orchestration,19,benign--ran_orchestration--ring--n8--quoted_attack_review--r5,0,0.0015413484,0.6200000000000001,0,0
ran_orchestration,19,benign--ran_orchestration--ring--n8--routine_update--r3,0,0.016541088,0.6200000000000001,0,0
ran_orchestration,19,benign--ran_orchestration--ring--n8--routine_update--r3,0,0.012299159,0.6200000000000001,0,0
ran_orchestration,19,benign--ran_orchestration--ring--n8--routine_update--r3,0,0.24050066,0.6200000000000001,0,0
ran_orchestration,19,benign--ran_orchestration--ring--n8--routine_update--r3,0,0.018062133,0.6200000000000001,0,0
ran_orchestration,19,benign--ran_orchestration--star--n10--containment_drill--r2,0,0.0018560817,0.6200000000000001,0,0
ran_orchestration,19,benign--ran_orchestration--star--n10--containment_drill--r6,0,0.0049138316,0.6200000000000001,0,0
ran_orchestration,19,benign--ran_orchestration--star--n10--containment_drill--r6,0,0.011012537,0.6200000000000001,0,0
ran_orchestration,19,benign--ran_orchestration--star--n10--containment_drill--r6,0,0.0039286166,0.6200000000000001,0,0
ran_orchestration,19,benign--ran_orchestration--star--n10--maintenance_notice--r4,0,0.0012044883,0.6200000000000001,0,0
ran_orchestration,19,benign--ran_orchestration--star--n10--routine_update--r3,0,0.014151043,0.6200000000000001,0,0
ran_orchestration,19,benign--ran_orchestration--star--n10--routine_update--r3,0,0.011393085,0.6200000000000001,0,0
ran_orchestration,19,benign--ran_orchestration--star--n15--containment_drill--r4,0,0.0031222382,0.6200000000000001,0,0
ran_orchestration,19,benign--ran_orchestration--star--n15--maintenance_notice--r2,0,0.0012415774,0.6200000000000001,0,0
ran_orchestration,19,benign--ran_orchestration--star--n15--maintenance_notice--r6,0,0.0139586115,0.6200000000000001,0,0
ran_orchestration,19,benign--ran_orchestration--star--n15--maintenance_notice--r6,0,0.0076250625,0.6200000000000001,0,0
ran_orchestration,19,benign--ran_orchestration--star--n15--maintenance_notice--r6,0,0.002558458,0.6200000000000001,0,0
ran_orchestration,19,benign--ran_orchestration--star--n15--routine_update--r1,0,0.035268348,0.6200000000000001,0,0
ran_orchestration,19,benign--ran_orchestration--star--n15--routine_update--r1,0,0.040895224,0.6200000000000001,0,0
ran_orchestration,19,benign--ran_orchestration--star--n20--containment_drill--r2,0,0.0024062719,0.6200000000000001,0,0
ran_orchestration,19,benign--ran_orchestration--star--n20--containment_drill--r6,0,0.011001056,0.6200000000000001,0,0
ran_orchestration,19,benign--ran_orchestration--star--n20--quoted_attack_review--r1,0,0.0026389332,0.6200000000000001,0,0
ran_orchestration,19,benign--ran_orchestration--star--n20--quoted_attack_review--r1,0,0.0043324544,0.6200000000000001,0,0
ran_orchestration,19,benign--ran_orchestration--star--n20--quoted_attack_review--r5,0,0.027090905,0.6200000000000001,0,0
ran_orchestration,19,benign--ran_orchestration--star--n20--routine_update--r3,0,0.016014962,0.6200000000000001,0,0
ran_orchestration,19,benign--ran_orchestration--star--n20--routine_update--r3,0,0.023053551,0.6200000000000001,0,0
ran_orchestration,19,benign--ran_orchestration--star--n20--routine_update--r3,0,0.00788178,0.6200000000000001,0,0
ran_orchestration,19,benign--ran_orchestration--star--n4--containment_drill--r2,0,0.003096647,0.6200000000000001,0,0
ran_orchestration,19,benign--ran_orchestration--star--n4--containment_drill--r6,0,0.0023373966,0.6200000000000001,0,0
ran_orchestration,19,benign--ran_orchestration--star--n8--containment_drill--r4,0,0.0053688823,0.6200000000000001,0,0
ran_orchestration,19,benign--ran_orchestration--star--n8--containment_drill--r4,0,0.0052761286,0.6200000000000001,0,0
ran_orchestration,19,benign--ran_orchestration--star--n8--containment_drill--r4,0,0.0026571557,0.6200000000000001,0,0
ran_orchestration,19,benign--ran_orchestration--star--n8--maintenance_notice--r2,0,0.002417114,0.6200000000000001,0,0
ran_orchestration,19,benign--ran_orchestration--star--n8--maintenance_notice--r6,0,0.01296219,0.6200000000000001,0,0
ran_orchestration,19,benign--ran_orchestration--star--n8--maintenance_notice--r6,0,0.010131584,0.6200000000000001,0,0
ran_orchestration,19,benign--ran_orchestration--star--n8--quoted_attack_review--r3,0,0.008614537,0.6200000000000001,0,0
ran_orchestration,19,benign--ran_orchestration--star--n8--quoted_attack_review--r3,0,0.004123252,0.6200000000000001,0,0
ran_orchestration,19,benign--ran_orchestration--star--n8--routine_update--r1,0,0.60909325,0.6200000000000001,0,1
ran_orchestration,19,benign--ran_orchestration--star--n8--routine_update--r1,0,0.07718964,0.6200000000000001,0,0
ran_orchestration,19,benign--ran_orchestration--star--n8--routine_update--r5,0,0.024114618,0.6200000000000001,0,0
ran_orchestration,19,mal--ran_orchestration--chain--n10--exfiltration_propagation--r2,1,0.99325424,0.6200000000000001,1,1
ran_orchestration,19,mal--ran_orchestration--chain--n10--exfiltration_propagation--r2,0,0.993722,0.6200000000000001,1,1
ran_orchestration,19,mal--ran_orchestration--chain--n10--exfiltration_propagation--r2,0,0.16047737,0.6200000000000001,0,0
ran_orchestration,19,mal--ran_orchestration--chain--n10--exfiltration_propagation--r2,0,0.004980235,0.6200000000000001,0,0
ran_orchestration,19,mal--ran_orchestration--chain--n10--guard_suppression--r1,1,0.1864141,0.6200000000000001,0,0
ran_orchestration,19,mal--ran_orchestration--chain--n10--guard_suppression--r1,0,0.0063702674,0.6200000000000001,0,0
ran_orchestration,19,mal--ran_orchestration--chain--n10--recovery_poisoning--r1,1,0.9906356,0.6200000000000001,1,1
ran_orchestration,19,mal--ran_orchestration--chain--n10--recovery_poisoning--r1,1,0.94629806,0.6200000000000001,1,1
ran_orchestration,19,mal--ran_orchestration--chain--n10--recovery_poisoning--r1,1,0.59757775,0.6200000000000001,0,1
ran_orchestration,19,mal--ran_orchestration--chain--n10--recovery_poisoning--r3,1,0.9922671,0.6200000000000001,1,1
ran_orchestration,19,mal--ran_orchestration--chain--n10--recovery_poisoning--r3,1,0.90589386,0.6200000000000001,1,1
ran_orchestration,19,mal--ran_orchestration--chain--n10--recovery_poisoning--r3,0,0.033338107,0.6200000000000001,0,0
ran_orchestration,19,mal--ran_orchestration--chain--n15--control_plane_worm--r3,1,0.9767959,0.6200000000000001,1,1
ran_orchestration,19,mal--ran_orchestration--chain--n15--control_plane_worm--r3,1,0.11880086,0.6200000000000001,0,0
ran_orchestration,19,mal--ran_orchestration--chain--n15--control_plane_worm--r3,1,0.028173108,0.6200000000000001,0,0
ran_orchestration,19,mal--ran_orchestration--chain--n15--exfiltration_propagation--r1,1,0.9925915,0.6200000000000001,1,1
ran_orchestration,19,mal--ran_orchestration--chain--n15--exfiltration_propagation--r1,1,0.9945378,0.6200000000000001,1,1
ran_orchestration,19,mal--ran_orchestration--chain--n15--guard_suppression--r2,1,0.9944225,0.6200000000000001,1,1
ran_orchestration,19,mal--ran_orchestration--chain--n15--guard_suppression--r2,0,0.058144335,0.6200000000000001,0,0
ran_orchestration,19,mal--ran_orchestration--chain--n15--guard_suppression--r2,0,0.060274586,0.6200000000000001,0,0
ran_orchestration,19,mal--ran_orchestration--chain--n15--guard_suppression--r5,1,0.9840222,0.6200000000000001,1,1
ran_orchestration,19,mal--ran_orchestration--chain--n15--guard_suppression--r5,1,0.32921118,0.6200000000000001,0,0
ran_orchestration,19,mal--ran_orchestration--chain--n15--guard_suppression--r5,0,0.0037244959,0.6200000000000001,0,0
ran_orchestration,19,mal--ran_orchestration--chain--n15--guard_suppression--r5,1,0.52668744,0.6200000000000001,0,1
ran_orchestration,19,mal--ran_orchestration--chain--n15--guard_suppression--r5,1,0.46470565,0.6200000000000001,0,0
ran_orchestration,19,mal--ran_orchestration--chain--n15--guard_suppression--r5,1,0.024727542,0.6200000000000001,0,0
ran_orchestration,19,mal--ran_orchestration--chain--n15--recovery_poisoning--r2,1,0.8608068,0.6200000000000001,1,1
ran_orchestration,19,mal--ran_orchestration--chain--n15--recovery_poisoning--r2,0,0.027418278,0.6200000000000001,0,0
ran_orchestration,19,mal--ran_orchestration--chain--n15--recovery_poisoning--r2,1,0.7269355,0.6200000000000001,1,1
ran_orchestration,19,mal--ran_orchestration--chain--n15--recovery_poisoning--r2,0,0.07518522,0.6200000000000001,0,0
ran_orchestration,19,mal--ran_orchestration--chain--n15--slice_takeover--r4,1,0.9863484,0.6200000000000001,1,1
ran_orchestration,19,mal--ran_orchestration--chain--n15--slice_takeover--r4,1,0.9595914,0.6200000000000001,1,1
ran_orchestration,19,mal--ran_orchestration--chain--n15--slice_takeover--r4,0,0.51949006,0.6200000000000001,0,1
ran_orchestration,19,mal--ran_orchestration--chain--n15--slice_takeover--r4,1,0.976374,0.6200000000000001,1,1
ran_orchestration,19,mal--ran_orchestration--chain--n15--slice_takeover--r4,1,0.94332033,0.6200000000000001,1,1
ran_orchestration,19,mal--ran_orchestration--chain--n15--slice_takeover--r4,1,0.917078,0.6200000000000001,1,1
ran_orchestration,19,mal--ran_orchestration--chain--n20--control_plane_worm--r2,1,0.98065466,0.6200000000000001,1,1
ran_orchestration,19,mal--ran_orchestration--chain--n20--control_plane_worm--r2,1,0.9889474,0.6200000000000001,1,1
ran_orchestration,19,mal--ran_orchestration--chain--n20--control_plane_worm--r2,0,0.030781016,0.6200000000000001,0,0
ran_orchestration,19,mal--ran_orchestration--chain--n20--control_plane_worm--r2,0,0.0041331123,0.6200000000000001,0,0
ran_orchestration,19,mal--ran_orchestration--chain--n20--control_plane_worm--r2,0,0.011761631,0.6200000000000001,0,0
ran_orchestration,19,mal--ran_orchestration--chain--n20--exfiltration_propagation--r1,1,0.9925915,0.6200000000000001,1,1
ran_orchestration,19,mal--ran_orchestration--chain--n20--exfiltration_propagation--r1,1,0.99162394,0.6200000000000001,1,1
ran_orchestration,19,mal--ran_orchestration--chain--n20--exfiltration_propagation--r1,1,0.9817182,0.6200000000000001,1,1
ran_orchestration,19,mal--ran_orchestration--chain--n20--recovery_poisoning--r1,1,0.9831896,0.6200000000000001,1,1
ran_orchestration,19,mal--ran_orchestration--chain--n20--recovery_poisoning--r1,1,0.90060097,0.6200000000000001,1,1
ran_orchestration,19,mal--ran_orchestration--chain--n20--recovery_poisoning--r1,1,0.94618934,0.6200000000000001,1,1
ran_orchestration,19,mal--ran_orchestration--chain--n20--recovery_poisoning--r1,1,0.8594681,0.6200000000000001,1,1
ran_orchestration,19,mal--ran_orchestration--chain--n20--recovery_poisoning--r1,0,0.043199737,0.6200000000000001,0,0
ran_orchestration,19,mal--ran_orchestration--chain--n20--recovery_poisoning--r2,1,0.99530953,0.6200000000000001,1,1
ran_orchestration,19,mal--ran_orchestration--chain--n20--recovery_poisoning--r2,0,0.05042273,0.6200000000000001,0,0
ran_orchestration,19,mal--ran_orchestration--chain--n20--recovery_poisoning--r6,1,0.987997,0.6200000000000001,1,1
ran_orchestration,19,mal--ran_orchestration--chain--n20--recovery_poisoning--r6,1,0.107653566,0.6200000000000001,0,0
ran_orchestration,19,mal--ran_orchestration--chain--n20--recovery_poisoning--r6,0,0.0021252495,0.6200000000000001,0,0
ran_orchestration,19,mal--ran_orchestration--chain--n20--recovery_poisoning--r6,1,0.9676064,0.6200000000000001,1,1
ran_orchestration,19,mal--ran_orchestration--chain--n20--slice_takeover--r3,1,0.9931908,0.6200000000000001,1,1
ran_orchestration,19,mal--ran_orchestration--chain--n20--slice_takeover--r3,0,0.49960002,0.6200000000000001,0,0
ran_orchestration,19,mal--ran_orchestration--chain--n4--control_plane_worm--r1,1,0.9888538,0.6200000000000001,1,1
ran_orchestration,19,mal--ran_orchestration--chain--n4--control_plane_worm--r1,0,0.07409518,0.6200000000000001,0,0
ran_orchestration,19,mal--ran_orchestration--chain--n4--control_plane_worm--r6,1,0.9932353,0.6200000000000001,1,1
ran_orchestration,19,mal--ran_orchestration--chain--n4--control_plane_worm--r6,0,0.35902447,0.6200000000000001,0,0
ran_orchestration,19,mal--ran_orchestration--chain--n4--exfiltration_propagation--r4,1,0.89414495,0.6200000000000001,1,1
ran_orchestration,19,mal--ran_orchestration--chain--n4--exfiltration_propagation--r4,1,0.055023197,0.6200000000000001,0,0
ran_orchestration,19,mal--ran_orchestration--chain--n4--guard_suppression--r3,1,0.8093703,0.6200000000000001,1,1
ran_orchestration,19,mal--ran_orchestration--chain--n4--guard_suppression--r3,0,0.04210956,0.6200000000000001,0,0
ran_orchestration,19,mal--ran_orchestration--chain--n4--guard_suppression--r3,1,0.31819567,0.6200000000000001,0,0
ran_orchestration,19,mal--ran_orchestration--chain--n4--guard_suppression--r3,0,0.21188052,0.6200000000000001,0,0
ran_orchestration,19,mal--ran_orchestration--chain--n4--recovery_poisoning--r5,1,0.99323964,0.6200000000000001,1,1
ran_orchestration,19,mal--ran_orchestration--chain--n4--recovery_poisoning--r5,1,0.99171716,0.6200000000000001,1,1
ran_orchestration,19,mal--ran_orchestration--chain--n4--recovery_poisoning--r5,1,0.9495324,0.6200000000000001,1,1
ran_orchestration,19,mal--ran_orchestration--chain--n4--recovery_poisoning--r5,0,0.15284269,0.6200000000000001,0,0
ran_orchestration,19,mal--ran_orchestration--chain--n4--slice_takeover--r2,1,0.9953223,0.6200000000000001,1,1
ran_orchestration,19,mal--ran_orchestration--chain--n4--slice_takeover--r2,0,0.0869423,0.6200000000000001,0,0
ran_orchestration,19,mal--ran_orchestration--chain--n4--slice_takeover--r2,0,0.19256727,0.6200000000000001,0,0
ran_orchestration,19,mal--ran_orchestration--mesh_lite--n10--recovery_poisoning--r3,0,0.21802633,0.6200000000000001,0,0
ran_orchestration,19,mal--ran_orchestration--mesh_lite--n10--recovery_poisoning--r3,0,0.045710124,0.6200000000000001,0,0
ran_orchestration,19,mal--ran_orchestration--mesh_lite--n10--recovery_poisoning--r3,0,0.0057745273,0.6200000000000001,0,0
ran_orchestration,19,mal--ran_orchestration--mesh_lite--n10--recovery_poisoning--r3,0,0.054646224,0.6200000000000001,0,0
ran_orchestration,19,mal--ran_orchestration--mesh_lite--n10--recovery_poisoning--r3,0,0.0051811137,0.6200000000000001,0,0
ran_orchestration,19,mal--ran_orchestration--mesh_lite--n10--recovery_poisoning--r3,0,0.010521727,0.6200000000000001,0,0
ran_orchestration,19,mal--ran_orchestration--mesh_lite--n10--recovery_poisoning--r3,0,0.013132984,0.6200000000000001,0,0
ran_orchestration,19,mal--ran_orchestration--mesh_lite--n10--recovery_poisoning--r3,0,0.0027816815,0.6200000000000001,0,0
ran_orchestration,19,mal--ran_orchestration--mesh_lite--n15--guard_suppression--r2,0,0.027974406,0.6200000000000001,0,0
ran_orchestration,19,mal--ran_orchestration--mesh_lite--n15--guard_suppression--r2,0,0.0485704,0.6200000000000001,0,0
ran_orchestration,19,mal--ran_orchestration--mesh_lite--n15--guard_suppression--r2,0,0.005592507,0.6200000000000001,0,0
ran_orchestration,19,mal--ran_orchestration--mesh_lite--n15--guard_suppression--r2,0,0.03401121,0.6200000000000001,0,0
ran_orchestration,19,mal--ran_orchestration--mesh_lite--n15--guard_suppression--r2,0,0.013088056,0.6200000000000001,0,0
ran_orchestration,19,mal--ran_orchestration--mesh_lite--n15--guard_suppression--r2,0,0.075805135,0.6200000000000001,0,0
ran_orchestration,19,mal--ran_orchestration--mesh_lite--n15--guard_suppression--r2,0,0.003711184,0.6200000000000001,0,0
ran_orchestration,19,mal--ran_orchestration--mesh_lite--n15--guard_suppression--r2,1,0.6503096,0.6200000000000001,1,1
ran_orchestration,19,mal--ran_orchestration--mesh_lite--n15--guard_suppression--r5,1,0.99376184,0.6200000000000001,1,1
ran_orchestration,19,mal--ran_orchestration--mesh_lite--n15--guard_suppression--r5,1,0.85543644,0.6200000000000001,1,1
ran_orchestration,19,mal--ran_orchestration--mesh_lite--n15--guard_suppression--r5,0,0.13059592,0.6200000000000001,0,0
ran_orchestration,19,mal--ran_orchestration--mesh_lite--n15--guard_suppression--r5,0,0.056057677,0.6200000000000001,0,0
ran_orchestration,19,mal--ran_orchestration--mesh_lite--n15--guard_suppression--r5,0,0.10459762,0.6200000000000001,0,0
ran_orchestration,19,mal--ran_orchestration--mesh_lite--n15--recovery_poisoning--r2,0,0.23259151,0.6200000000000001,0,0
ran_orchestration,19,mal--ran_orchestration--mesh_lite--n15--recovery_poisoning--r2,0,0.01817457,0.6200000000000001,0,0
ran_orchestration,19,mal--ran_orchestration--mesh_lite--n15--recovery_poisoning--r2,0,0.0064572245,0.6200000000000001,0,0
ran_orchestration,19,mal--ran_orchestration--mesh_lite--n15--recovery_poisoning--r2,0,0.005725198,0.6200000000000001,0,0
ran_orchestration,19,mal--ran_orchestration--mesh_lite--n15--slice_takeover--r4,1,0.99272114,0.6200000000000001,1,1
ran_orchestration,19,mal--ran_orchestration--mesh_lite--n15--slice_takeover--r4,0,0.1882026,0.6200000000000001,0,0
ran_orchestration,19,mal--ran_orchestration--mesh_lite--n20--control_plane_worm--r2,1,0.99604684,0.6200000000000001,1,1
ran_orchestration,19,mal--ran_orchestration--mesh_lite--n20--control_plane_worm--r2,0,0.003110639,0.6200000000000001,0,0
ran_orchestration,19,mal--ran_orchestration--mesh_lite--n20--control_plane_worm--r2,1,0.9914654,0.6200000000000001,1,1
ran_orchestration,19,mal--ran_orchestration--mesh_lite--n20--control_plane_worm--r2,0,0.5153027,0.6200000000000001,0,1
ran_orchestration,19,mal--ran_orchestration--mesh_lite--n20--control_plane_worm--r2,0,0.91133773,0.6200000000000001,1,1
ran_orchestration,19,mal--ran_orchestration--mesh_lite--n20--control_plane_worm--r2,0,0.2747334,0.6200000000000001,0,0
ran_orchestration,19,mal--ran_orchestration--mesh_lite--n20--control_plane_worm--r2,0,0.033005346,0.6200000000000001,0,0
ran_orchestration,19,mal--ran_orchestration--mesh_lite--n20--control_plane_worm--r2,1,0.99372745,0.6200000000000001,1,1
ran_orchestration,19,mal--ran_orchestration--mesh_lite--n20--exfiltration_propagation--r5,0,0.38487867,0.6200000000000001,0,0
ran_orchestration,19,mal--ran_orchestration--mesh_lite--n20--exfiltration_propagation--r5,0,0.105253376,0.6200000000000001,0,0
ran_orchestration,19,mal--ran_orchestration--mesh_lite--n20--exfiltration_propagation--r5,1,0.5525985,0.6200000000000001,0,1
ran_orchestration,19,mal--ran_orchestration--mesh_lite--n20--exfiltration_propagation--r5,1,0.5305288,0.6200000000000001,0,1
ran_orchestration,19,mal--ran_orchestration--mesh_lite--n20--exfiltration_propagation--r5,0,0.009119336,0.6200000000000001,0,0
ran_orchestration,19,mal--ran_orchestration--mesh_lite--n20--guard_suppression--r4,1,0.98537874,0.6200000000000001,1,1
ran_orchestration,19,mal--ran_orchestration--mesh_lite--n20--guard_suppression--r4,0,0.123287894,0.6200000000000001,0,0
ran_orchestration,19,mal--ran_orchestration--mesh_lite--n20--guard_suppression--r4,1,0.21649885,0.6200000000000001,0,0
ran_orchestration,19,mal--ran_orchestration--mesh_lite--n20--guard_suppression--r4,0,0.007393763,0.6200000000000001,0,0
ran_orchestration,19,mal--ran_orchestration--mesh_lite--n4--exfiltration_propagation--r4,1,0.9903584,0.6200000000000001,1,1
ran_orchestration,19,mal--ran_orchestration--mesh_lite--n4--exfiltration_propagation--r4,0,0.040573128,0.6200000000000001,0,0
ran_orchestration,19,mal--ran_orchestration--mesh_lite--n4--exfiltration_propagation--r4,1,0.9664042,0.6200000000000001,1,1
ran_orchestration,19,mal--ran_orchestration--mesh_lite--n4--exfiltration_propagation--r4,1,0.14141814,0.6200000000000001,0,0
ran_orchestration,19,mal--ran_orchestration--mesh_lite--n4--exfiltration_propagation--r4,0,0.026395693,0.6200000000000001,0,0
ran_orchestration,19,mal--ran_orchestration--mesh_lite--n4--exfiltration_propagation--r4,1,0.97459394,0.6200000000000001,1,1
ran_orchestration,19,mal--ran_orchestration--mesh_lite--n4--exfiltration_propagation--r4,1,0.98402405,0.6200000000000001,1,1
ran_orchestration,19,mal--ran_orchestration--mesh_lite--n4--exfiltration_propagation--r4,0,0.031067828,0.6200000000000001,0,0
ran_orchestration,19,mal--ran_orchestration--mesh_lite--n4--exfiltration_propagation--r4,1,0.9845691,0.6200000000000001,1,1
ran_orchestration,19,mal--ran_orchestration--mesh_lite--n4--exfiltration_propagation--r4,0,0.38078362,0.6200000000000001,0,0
ran_orchestration,19,mal--ran_orchestration--mesh_lite--n4--slice_takeover--r2,1,0.9944754,0.6200000000000001,1,1
ran_orchestration,19,mal--ran_orchestration--mesh_lite--n4--slice_takeover--r2,0,0.4365063,0.6200000000000001,0,0
ran_orchestration,19,mal--ran_orchestration--mesh_lite--n4--slice_takeover--r2,0,0.07816307,0.6200000000000001,0,0
ran_orchestration,19,mal--ran_orchestration--mesh_lite--n4--slice_takeover--r2,0,0.490165,0.6200000000000001,0,0
ran_orchestration,19,mal--ran_orchestration--mesh_lite--n4--slice_takeover--r2,0,0.011266992,0.6200000000000001,0,0
ran_orchestration,19,mal--ran_orchestration--mesh_lite--n4--slice_takeover--r2,0,0.004335238,0.6200000000000001,0,0
ran_orchestration,19,mal--ran_orchestration--mesh_lite--n8--exfiltration_propagation--r3,1,0.99751914,0.6200000000000001,1,1
ran_orchestration,19,mal--ran_orchestration--mesh_lite--n8--exfiltration_propagation--r3,0,0.17480922,0.6200000000000001,0,0
ran_orchestration,19,mal--ran_orchestration--mesh_lite--n8--exfiltration_propagation--r3,0,0.81972003,0.6200000000000001,1,1
ran_orchestration,19,mal--ran_orchestration--mesh_lite--n8--slice_takeover--r6,1,0.93117464,0.6200000000000001,1,1
ran_orchestration,19,mal--ran_orchestration--mesh_lite--n8--slice_takeover--r6,0,0.3575505,0.6200000000000001,0,0
ran_orchestration,19,mal--ran_orchestration--mesh_lite--n8--slice_takeover--r6,0,0.033851497,0.6200000000000001,0,0
ran_orchestration,19,mal--ran_orchestration--random_min_degree--n10--control_plane_worm--r4,1,0.97954,0.6200000000000001,1,1
ran_orchestration,19,mal--ran_orchestration--random_min_degree--n10--control_plane_worm--r4,0,0.094297245,0.6200000000000001,0,0
ran_orchestration,19,mal--ran_orchestration--random_min_degree--n10--control_plane_worm--r4,0,0.030437164,0.6200000000000001,0,0
ran_orchestration,19,mal--ran_orchestration--random_min_degree--n10--control_plane_worm--r4,0,0.012101708,0.6200000000000001,0,0
ran_orchestration,19,mal--ran_orchestration--random_min_degree--n10--exfiltration_propagation--r2,1,0.9828249,0.6200000000000001,1,1
ran_orchestration,19,mal--ran_orchestration--random_min_degree--n10--exfiltration_propagation--r2,0,0.40537813,0.6200000000000001,0,0
ran_orchestration,19,mal--ran_orchestration--random_min_degree--n10--recovery_poisoning--r3,1,0.97046506,0.6200000000000001,1,1
ran_orchestration,19,mal--ran_orchestration--random_min_degree--n15--guard_suppression--r2,1,0.99489486,0.6200000000000001,1,1
ran_orchestration,19,mal--ran_orchestration--random_min_degree--n15--guard_suppression--r2,1,0.99363565,0.6200000000000001,1,1
ran_orchestration,19,mal--ran_orchestration--random_min_degree--n15--guard_suppression--r2,0,0.4084409,0.6200000000000001,0,0
ran_orchestration,19,mal--ran_orchestration--random_min_degree--n15--guard_suppression--r2,1,0.86668825,0.6200000000000001,1,1
ran_orchestration,19,mal--ran_orchestration--random_min_degree--n15--guard_suppression--r2,1,0.8192032,0.6200000000000001,1,1
ran_orchestration,19,mal--ran_orchestration--random_min_degree--n15--guard_suppression--r2,1,0.24330033,0.6200000000000001,0,0
ran_orchestration,19,mal--ran_orchestration--random_min_degree--n20--control_plane_worm--r2,1,0.985898,0.6200000000000001,1,1
ran_orchestration,19,mal--ran_orchestration--random_min_degree--n20--control_plane_worm--r2,0,0.01610233,0.6200000000000001,0,0
ran_orchestration,19,mal--ran_orchestration--random_min_degree--n20--control_plane_worm--r2,1,0.6277109,0.6200000000000001,1,1
ran_orchestration,19,mal--ran_orchestration--random_min_degree--n20--control_plane_worm--r2,1,0.6689447,0.6200000000000001,1,1
ran_orchestration,19,mal--ran_orchestration--random_min_degree--n20--exfiltration_propagation--r5,0,0.01812728,0.6200000000000001,0,0
ran_orchestration,19,mal--ran_orchestration--random_min_degree--n20--exfiltration_propagation--r5,0,0.0018472713,0.6200000000000001,0,0
ran_orchestration,19,mal--ran_orchestration--random_min_degree--n20--recovery_poisoning--r1,1,0.88844925,0.6200000000000001,1,1
ran_orchestration,19,mal--ran_orchestration--random_min_degree--n20--recovery_poisoning--r1,0,0.019265275,0.6200000000000001,0,0
ran_orchestration,19,mal--ran_orchestration--random_min_degree--n20--recovery_poisoning--r1,0,0.010540031,0.6200000000000001,0,0
ran_orchestration,19,mal--ran_orchestration--random_min_degree--n20--recovery_poisoning--r1,0,0.29663634,0.6200000000000001,0,0
ran_orchestration,19,mal--ran_orchestration--random_min_degree--n20--recovery_poisoning--r1,0,0.16976109,0.6200000000000001,0,0
ran_orchestration,19,mal--ran_orchestration--random_min_degree--n20--recovery_poisoning--r1,0,0.020754213,0.6200000000000001,0,0
ran_orchestration,19,mal--ran_orchestration--random_min_degree--n20--recovery_poisoning--r2,1,0.99472636,0.6200000000000001,1,1
ran_orchestration,19,mal--ran_orchestration--random_min_degree--n20--recovery_poisoning--r2,0,0.1678142,0.6200000000000001,0,0
ran_orchestration,19,mal--ran_orchestration--random_min_degree--n20--recovery_poisoning--r6,1,0.9946616,0.6200000000000001,1,1
ran_orchestration,19,mal--ran_orchestration--random_min_degree--n20--recovery_poisoning--r6,0,0.026554389,0.6200000000000001,0,0
ran_orchestration,19,mal--ran_orchestration--random_min_degree--n20--recovery_poisoning--r6,0,0.003179638,0.6200000000000001,0,0
ran_orchestration,19,mal--ran_orchestration--random_min_degree--n4--slice_takeover--r2,1,0.9828531,0.6200000000000001,1,1
ran_orchestration,19,mal--ran_orchestration--random_min_degree--n4--slice_takeover--r2,1,0.991301,0.6200000000000001,1,1
ran_orchestration,19,mal--ran_orchestration--random_min_degree--n4--slice_takeover--r2,0,0.3621856,0.6200000000000001,0,0
ran_orchestration,19,mal--ran_orchestration--random_min_degree--n4--slice_takeover--r2,1,0.99534106,0.6200000000000001,1,1
ran_orchestration,19,mal--ran_orchestration--random_min_degree--n4--slice_takeover--r2,1,0.9938514,0.6200000000000001,1,1
ran_orchestration,19,mal--ran_orchestration--random_min_degree--n4--slice_takeover--r2,0,0.35337123,0.6200000000000001,0,0
ran_orchestration,19,mal--ran_orchestration--random_min_degree--n8--control_plane_worm--r5,1,0.99259007,0.6200000000000001,1,1
ran_orchestration,19,mal--ran_orchestration--random_min_degree--n8--control_plane_worm--r5,0,0.005378039,0.6200000000000001,0,0
ran_orchestration,19,mal--ran_orchestration--random_min_degree--n8--exfiltration_propagation--r3,1,0.7703419,0.6200000000000001,1,1
ran_orchestration,19,mal--ran_orchestration--random_min_degree--n8--exfiltration_propagation--r3,1,0.53493065,0.6200000000000001,0,1
ran_orchestration,19,mal--ran_orchestration--random_min_degree--n8--guard_suppression--r2,1,0.9905246,0.6200000000000001,1,1
ran_orchestration,19,mal--ran_orchestration--random_min_degree--n8--guard_suppression--r2,1,0.097102106,0.6200000000000001,0,0
ran_orchestration,19,mal--ran_orchestration--random_min_degree--n8--guard_suppression--r2,1,0.71278775,0.6200000000000001,1,1
ran_orchestration,19,mal--ran_orchestration--random_min_degree--n8--recovery_poisoning--r4,1,0.8571175,0.6200000000000001,1,1
ran_orchestration,19,mal--ran_orchestration--random_min_degree--n8--recovery_poisoning--r4,0,0.13582812,0.6200000000000001,0,0
ran_orchestration,19,mal--ran_orchestration--random_min_degree--n8--recovery_poisoning--r4,1,0.70716745,0.6200000000000001,1,1
ran_orchestration,19,mal--ran_orchestration--ring--n10--exfiltration_propagation--r2,1,0.98186594,0.6200000000000001,1,1
ran_orchestration,19,mal--ran_orchestration--ring--n10--exfiltration_propagation--r2,0,0.22562905,0.6200000000000001,0,0
ran_orchestration,19,mal--ran_orchestration--ring--n10--exfiltration_propagation--r2,1,0.95091975,0.6200000000000001,1,1
ran_orchestration,19,mal--ran_orchestration--ring--n15--control_plane_worm--r3,1,0.98749197,0.6200000000000001,1,1
ran_orchestration,19,mal--ran_orchestration--ring--n15--control_plane_worm--r3,1,0.9868646,0.6200000000000001,1,1
ran_orchestration,19,mal--ran_orchestration--ring--n15--control_plane_worm--r3,0,0.86096144,0.6200000000000001,1,1
ran_orchestration,19,mal--ran_orchestration--ring--n20--control_plane_worm--r2,1,0.9963696,0.6200000000000001,1,1
ran_orchestration,19,mal--ran_orchestration--ring--n20--control_plane_worm--r2,0,0.013353609,0.6200000000000001,0,0
ran_orchestration,19,mal--ran_orchestration--ring--n20--control_plane_worm--r2,0,0.0037487582,0.6200000000000001,0,0
ran_orchestration,19,mal--ran_orchestration--ring--n20--control_plane_worm--r2,1,0.9759763,0.6200000000000001,1,1
ran_orchestration,19,mal--ran_orchestration--ring--n20--exfiltration_propagation--r5,1,0.8290995,0.6200000000000001,1,1
ran_orchestration,19,mal--ran_orchestration--ring--n20--exfiltration_propagation--r5,0,0.036998887,0.6200000000000001,0,0
ran_orchestration,19,mal--ran_orchestration--ring--n20--recovery_poisoning--r1,1,0.56424105,0.6200000000000001,0,1
ran_orchestration,19,mal--ran_orchestration--ring--n20--recovery_poisoning--r1,0,0.017520832,0.6200000000000001,0,0
ran_orchestration,19,mal--ran_orchestration--ring--n20--recovery_poisoning--r2,0,0.008811559,0.6200000000000001,0,0
ran_orchestration,19,mal--ran_orchestration--ring--n20--recovery_poisoning--r2,1,0.9231775,0.6200000000000001,1,1
ran_orchestration,19,mal--ran_orchestration--ring--n20--recovery_poisoning--r2,1,0.9840709,0.6200000000000001,1,1
ran_orchestration,19,mal--ran_orchestration--ring--n20--slice_takeover--r3,1,0.98707473,0.6200000000000001,1,1
ran_orchestration,19,mal--ran_orchestration--ring--n20--slice_takeover--r3,0,0.3903013,0.6200000000000001,0,0
ran_orchestration,19,mal--ran_orchestration--ring--n4--control_plane_worm--r6,1,0.962822,0.6200000000000001,1,1
ran_orchestration,19,mal--ran_orchestration--ring--n4--control_plane_worm--r6,0,0.65886295,0.6200000000000001,1,1
ran_orchestration,19,mal--ran_orchestration--ring--n4--control_plane_worm--r6,1,0.7814292,0.6200000000000001,1,1
ran_orchestration,19,mal--ran_orchestration--ring--n4--control_plane_worm--r6,1,0.5903309,0.6200000000000001,0,1
ran_orchestration,19,mal--ran_orchestration--ring--n4--control_plane_worm--r6,0,0.013181573,0.6200000000000001,0,0
ran_orchestration,19,mal--ran_orchestration--ring--n8--exfiltration_propagation--r2,1,0.9710751,0.6200000000000001,1,1
ran_orchestration,19,mal--ran_orchestration--ring--n8--exfiltration_propagation--r2,0,0.5728968,0.6200000000000001,0,1
ran_orchestration,19,mal--ran_orchestration--ring--n8--exfiltration_propagation--r2,0,0.009685147,0.6200000000000001,0,0
ran_orchestration,19,mal--ran_orchestration--ring--n8--exfiltration_propagation--r3,1,0.9889408,0.6200000000000001,1,1
ran_orchestration,19,mal--ran_orchestration--ring--n8--exfiltration_propagation--r3,0,0.04700001,0.6200000000000001,0,0
ran_orchestration,19,mal--ran_orchestration--ring--n8--exfiltration_propagation--r3,0,0.0041386685,0.6200000000000001,0,0
ran_orchestration,19,mal--ran_orchestration--ring--n8--guard_suppression--r1,1,0.60673124,0.6200000000000001,0,1
ran_orchestration,19,mal--ran_orchestration--ring--n8--guard_suppression--r1,0,0.026053691,0.6200000000000001,0,0
ran_orchestration,19,mal--ran_orchestration--star--n10--control_plane_worm--r2,1,0.9593777,0.6200000000000001,1,1
ran_orchestration,19,mal--ran_orchestration--star--n10--control_plane_worm--r2,1,0.2912277,0.6200000000000001,0,0
ran_orchestration,19,mal--ran_orchestration--star--n10--exfiltration_propagation--r2,1,0.9939679,0.6200000000000001,1,1
ran_orchestration,19,mal--ran_orchestration--star--n10--exfiltration_propagation--r2,0,0.86443675,0.6200000000000001,1,1
ran_orchestration,19,mal--ran_orchestration--star--n10--guard_suppression--r1,1,0.9739653,0.6200000000000001,1,1
ran_orchestration,19,mal--ran_orchestration--star--n10--guard_suppression--r1,0,0.911506,0.6200000000000001,1,1
ran_orchestration,19,mal--ran_orchestration--star--n10--guard_suppression--r6,1,0.45327312,0.6200000000000001,0,0
ran_orchestration,19,mal--ran_orchestration--star--n10--guard_suppression--r6,0,0.008064836,0.6200000000000001,0,0
ran_orchestration,19,mal--ran_orchestration--star--n15--exfiltration_propagation--r6,1,0.9821254,0.6200000000000001,1,1
ran_orchestration,19,mal--ran_orchestration--star--n15--exfiltration_propagation--r6,0,0.800936,0.6200000000000001,1,1
ran_orchestration,19,mal--ran_orchestration--star--n15--guard_suppression--r2,1,0.990854,0.6200000000000001,1,1
ran_orchestration,19,mal--ran_orchestration--star--n15--guard_suppression--r2,0,0.8302769,0.6200000000000001,1,1
ran_orchestration,19,mal--ran_orchestration--star--n15--recovery_poisoning--r2,1,0.99517727,0.6200000000000001,1,1
ran_orchestration,19,mal--ran_orchestration--star--n15--recovery_poisoning--r2,0,0.35872722,0.6200000000000001,0,0
ran_orchestration,19,mal--ran_orchestration--star--n15--slice_takeover--r4,1,0.9897026,0.6200000000000001,1,1
ran_orchestration,19,mal--ran_orchestration--star--n15--slice_takeover--r4,0,0.5737915,0.6200000000000001,0,1
ran_orchestration,19,mal--ran_orchestration--star--n20--control_plane_worm--r2,0,0.03707421,0.6200000000000001,0,0
ran_orchestration,19,mal--ran_orchestration--star--n20--exfiltration_propagation--r5,0,0.10222265,0.6200000000000001,0,0
ran_orchestration,19,mal--ran_orchestration--star--n20--recovery_poisoning--r2,0,0.27741566,0.6200000000000001,0,0
ran_orchestration,19,mal--ran_orchestration--star--n20--recovery_poisoning--r6,1,0.94601005,0.6200000000000001,1,1
ran_orchestration,19,mal--ran_orchestration--star--n20--recovery_poisoning--r6,0,0.18015225,0.6200000000000001,0,0
ran_orchestration,19,mal--ran_orchestration--star--n20--slice_takeover--r3,1,0.9925977,0.6200000000000001,1,1
ran_orchestration,19,mal--ran_orchestration--star--n20--slice_takeover--r3,0,0.48899937,0.6200000000000001,0,0
ran_orchestration,19,mal--ran_orchestration--star--n4--control_plane_worm--r1,1,0.9895382,0.6200000000000001,1,1
ran_orchestration,19,mal--ran_orchestration--star--n4--control_plane_worm--r1,0,0.4078806,0.6200000000000001,0,0
ran_orchestration,19,mal--ran_orchestration--star--n4--control_plane_worm--r1,0,0.4327119,0.6200000000000001,0,0
ran_orchestration,19,mal--ran_orchestration--star--n4--exfiltration_propagation--r4,1,0.9917212,0.6200000000000001,1,1
ran_orchestration,19,mal--ran_orchestration--star--n4--exfiltration_propagation--r4,1,0.14519599,0.6200000000000001,0,0
ran_orchestration,19,mal--ran_orchestration--star--n4--exfiltration_propagation--r4,0,0.03828364,0.6200000000000001,0,0
ran_orchestration,19,mal--ran_orchestration--star--n4--guard_suppression--r3,1,0.77206683,0.6200000000000001,1,1
ran_orchestration,19,mal--ran_orchestration--star--n4--guard_suppression--r3,1,0.18324496,0.6200000000000001,0,0
ran_orchestration,19,mal--ran_orchestration--star--n4--guard_suppression--r3,0,0.019560399,0.6200000000000001,0,0
ran_orchestration,19,mal--ran_orchestration--star--n4--recovery_poisoning--r5,1,0.96488523,0.6200000000000001,1,1
ran_orchestration,19,mal--ran_orchestration--star--n4--recovery_poisoning--r5,0,0.18429612,0.6200000000000001,0,0
ran_orchestration,19,mal--ran_orchestration--star--n4--recovery_poisoning--r5,0,0.35601202,0.6200000000000001,0,0
ran_orchestration,19,mal--ran_orchestration--star--n4--slice_takeover--r2,1,0.9926333,0.6200000000000001,1,1
ran_orchestration,19,mal--ran_orchestration--star--n4--slice_takeover--r2,0,0.3376317,0.6200000000000001,0,0
ran_orchestration,19,mal--ran_orchestration--star--n8--control_plane_worm--r5,1,0.9873825,0.6200000000000001,1,1
ran_orchestration,19,mal--ran_orchestration--star--n8--control_plane_worm--r5,0,0.12586214,0.6200000000000001,0,0
ran_orchestration,19,mal--ran_orchestration--star--n8--control_plane_worm--r5,0,0.008161566,0.6200000000000001,0,0
ran_orchestration,19,mal--ran_orchestration--star--n8--exfiltration_propagation--r3,1,0.99583983,0.6200000000000001,1,1
ran_orchestration,19,mal--ran_orchestration--star--n8--exfiltration_propagation--r3,1,0.58732873,0.6200000000000001,0,1
ran_orchestration,19,mal--ran_orchestration--star--n8--exfiltration_propagation--r3,0,0.03975826,0.6200000000000001,0,0
ran_orchestration,31,benign--ran_orchestration--chain--n10--containment_drill--r4,0,0.012422691,0.39000000000000007,0,0
ran_orchestration,31,benign--ran_orchestration--chain--n10--containment_drill--r4,0,0.006685532,0.39000000000000007,0,0
ran_orchestration,31,benign--ran_orchestration--chain--n10--containment_drill--r4,0,0.0068061906,0.39000000000000007,0,0
ran_orchestration,31,benign--ran_orchestration--chain--n10--containment_drill--r4,0,0.004011964,0.39000000000000007,0,0
ran_orchestration,31,benign--ran_orchestration--chain--n10--maintenance_notice--r6,0,0.015400593,0.39000000000000007,0,0
ran_orchestration,31,benign--ran_orchestration--chain--n10--maintenance_notice--r6,0,0.005685888,0.39000000000000007,0,0
ran_orchestration,31,benign--ran_orchestration--chain--n10--routine_update--r1,0,0.02573446,0.39000000000000007,0,0
ran_orchestration,31,benign--ran_orchestration--chain--n10--routine_update--r1,0,0.0031866007,0.39000000000000007,0,0
ran_orchestration,31,benign--ran_orchestration--chain--n10--routine_update--r5,0,0.066215,0.39000000000000007,0,0
ran_orchestration,31,benign--ran_orchestration--chain--n10--routine_update--r5,0,0.025301266,0.39000000000000007,0,0
ran_orchestration,31,benign--ran_orchestration--chain--n15--containment_drill--r2,0,0.027435895,0.39000000000000007,0,0
ran_orchestration,31,benign--ran_orchestration--chain--n15--containment_drill--r2,0,0.0024096626,0.39000000000000007,0,0
ran_orchestration,31,benign--ran_orchestration--chain--n15--containment_drill--r2,0,0.010107447,0.39000000000000007,0,0
ran_orchestration,31,benign--ran_orchestration--chain--n15--containment_drill--r2,0,0.014160966,0.39000000000000007,0,0
ran_orchestration,31,benign--ran_orchestration--chain--n15--maintenance_notice--r4,0,0.009819748,0.39000000000000007,0,0
ran_orchestration,31,benign--ran_orchestration--chain--n15--maintenance_notice--r4,0,0.010016043,0.39000000000000007,0,0
ran_orchestration,31,benign--ran_orchestration--chain--n15--maintenance_notice--r4,0,0.041837573,0.39000000000000007,0,0
ran_orchestration,31,benign--ran_orchestration--chain--n15--maintenance_notice--r4,0,0.016309813,0.39000000000000007,0,0
ran_orchestration,31,benign--ran_orchestration--chain--n20--containment_drill--r4,0,0.0037255562,0.39000000000000007,0,0
ran_orchestration,31,benign--ran_orchestration--chain--n20--maintenance_notice--r6,0,0.004684614,0.39000000000000007,0,0
ran_orchestration,31,benign--ran_orchestration--chain--n20--maintenance_notice--r6,0,0.014115325,0.39000000000000007,0,0
ran_orchestration,31,benign--ran_orchestration--chain--n20--maintenance_notice--r6,0,0.012027562,0.39000000000000007,0,0
ran_orchestration,31,benign--ran_orchestration--chain--n20--quoted_attack_review--r3,0,0.0033179717,0.39000000000000007,0,0
ran_orchestration,31,benign--ran_orchestration--chain--n20--quoted_attack_review--r3,0,0.0025964996,0.39000000000000007,0,0
ran_orchestration,31,benign--ran_orchestration--chain--n20--quoted_attack_review--r3,0,0.00087918265,0.39000000000000007,0,0
ran_orchestration,31,benign--ran_orchestration--chain--n4--containment_drill--r4,0,0.004123957,0.39000000000000007,0,0
ran_orchestration,31,benign--ran_orchestration--chain--n4--containment_drill--r4,0,0.0071276147,0.39000000000000007,0,0
ran_orchestration,31,benign--ran_orchestration--chain--n4--containment_drill--r4,0,0.00492142,0.39000000000000007,0,0
ran_orchestration,31,benign--ran_orchestration--chain--n4--maintenance_notice--r2,0,0.0063109933,0.39000000000000007,0,0
ran_orchestration,31,benign--ran_orchestration--chain--n4--routine_update--r1,0,0.10913456,0.39000000000000007,0,0
ran_orchestration,31,benign--ran_orchestration--chain--n4--routine_update--r1,0,0.701046,0.39000000000000007,1,1
ran_orchestration,31,benign--ran_orchestration--chain--n4--routine_update--r5,0,0.046591416,0.39000000000000007,0,0
ran_orchestration,31,benign--ran_orchestration--chain--n8--containment_drill--r2,0,0.0013235285,0.39000000000000007,0,0
ran_orchestration,31,benign--ran_orchestration--chain--n8--quoted_attack_review--r5,0,0.0014885219,0.39000000000000007,0,0
ran_orchestration,31,benign--ran_orchestration--chain--n8--routine_update--r3,0,0.009768025,0.39000000000000007,0,0
ran_orchestration,31,benign--ran_orchestration--chain--n8--routine_update--r3,0,0.17631334,0.39000000000000007,0,0
ran_orchestration,31,benign--ran_orchestration--chain--n8--routine_update--r3,0,0.040861886,0.39000000000000007,0,0
ran_orchestration,31,benign--ran_orchestration--mesh_lite--n10--maintenance_notice--r4,0,0.02131093,0.39000000000000007,0,0
ran_orchestration,31,benign--ran_orchestration--mesh_lite--n10--maintenance_notice--r4,0,0.00084691023,0.39000000000000007,0,0
ran_orchestration,31,benign--ran_orchestration--mesh_lite--n15--maintenance_notice--r6,0,0.028078375,0.39000000000000007,0,0
ran_orchestration,31,benign--ran_orchestration--mesh_lite--n15--maintenance_notice--r6,0,0.00770946,0.39000000000000007,0,0
ran_orchestration,31,benign--ran_orchestration--mesh_lite--n15--routine_update--r1,0,0.041694038,0.39000000000000007,0,0
ran_orchestration,31,benign--ran_orchestration--mesh_lite--n20--containment_drill--r2,0,0.003213468,0.39000000000000007,0,0
ran_orchestration,31,benign--ran_orchestration--mesh_lite--n20--containment_drill--r6,0,0.0044789496,0.39000000000000007,0,0
ran_orchestration,31,benign--ran_orchestration--mesh_lite--n20--containment_drill--r6,0,0.004498596,0.39000000000000007,0,0
ran_orchestration,31,benign--ran_orchestration--mesh_lite--n20--containment_drill--r6,0,0.0033284444,0.39000000000000007,0,0
ran_orchestration,31,benign--ran_orchestration--mesh_lite--n20--maintenance_notice--r4,0,0.25715455,0.39000000000000007,0,0
ran_orchestration,31,benign--ran_orchestration--mesh_lite--n20--maintenance_notice--r4,0,0.29574016,0.39000000000000007,0,0
ran_orchestration,31,benign--ran_orchestration--mesh_lite--n20--maintenance_notice--r4,0,0.0019443684,0.39000000000000007,0,0
ran_orchestration,31,benign--ran_orchestration--mesh_lite--n20--quoted_attack_review--r5,0,0.06271406,0.39000000000000007,0,0
ran_orchestration,31,benign--ran_orchestration--mesh_lite--n20--quoted_attack_review--r5,0,0.0027316655,0.39000000000000007,0,0
ran_orchestration,31,benign--ran_orchestration--mesh_lite--n20--quoted_attack_review--r5,0,0.02257293,0.39000000000000007,0,0
ran_orchestration,31,benign--ran_orchestration--mesh_lite--n20--quoted_attack_review--r5,0,0.010831234,0.39000000000000007,0,0
ran_orchestration,31,benign--ran_orchestration--mesh_lite--n20--quoted_attack_review--r5,0,0.3413455,0.39000000000000007,0,0
ran_orchestration,31,benign--ran_orchestration--mesh_lite--n20--quoted_attack_review--r5,0,0.009905726,0.39000000000000007,0,0
ran_orchestration,31,benign--ran_orchestration--mesh_lite--n20--quoted_attack_review--r5,0,0.50547165,0.39000000000000007,1,1
ran_orchestration,31,benign--ran_orchestration--mesh_lite--n20--quoted_attack_review--r5,0,0.0033436504,0.39000000000000007,0,0
ran_orchestration,31,benign--ran_orchestration--mesh_lite--n4--containment_drill--r2,0,0.00096721994,0.39000000000000007,0,0
ran_orchestration,31,benign--ran_orchestration--mesh_lite--n4--containment_drill--r6,0,0.010986166,0.39000000000000007,0,0
ran_orchestration,31,benign--ran_orchestration--mesh_lite--n4--containment_drill--r6,0,0.003153077,0.39000000000000007,0,0
ran_orchestration,31,benign--ran_orchestration--mesh_lite--n4--maintenance_notice--r4,0,0.054968804,0.39000000000000007,0,0
ran_orchestration,31,benign--ran_orchestration--mesh_lite--n8--containment_drill--r4,0,0.012237073,0.39000000000000007,0,0
ran_orchestration,31,benign--ran_orchestration--mesh_lite--n8--containment_drill--r4,0,0.078853264,0.39000000000000007,0,0
ran_orchestration,31,benign--ran_orchestration--mesh_lite--n8--containment_drill--r4,0,0.005527629,0.39000000000000007,0,0
ran_orchestration,31,benign--ran_orchestration--mesh_lite--n8--containment_drill--r4,0,0.0041031977,0.39000000000000007,0,0
ran_orchestration,31,benign--ran_orchestration--mesh_lite--n8--containment_drill--r4,0,0.015673451,0.39000000000000007,0,0
ran_orchestration,31,benign--ran_orchestration--mesh_lite--n8--containment_drill--r4,0,0.0049923453,0.39000000000000007,0,0
ran_orchestration,31,benign--ran_orchestration--mesh_lite--n8--containment_drill--r4,0,0.021306364,0.39000000000000007,0,0
ran_orchestration,31,benign--ran_orchestration--mesh_lite--n8--containment_drill--r4,0,0.010772884,0.39000000000000007,0,0
ran_orchestration,31,benign--ran_orchestration--mesh_lite--n8--maintenance_notice--r2,0,0.0023696925,0.39000000000000007,0,0
ran_orchestration,31,benign--ran_orchestration--random_min_degree--n10--containment_drill--r4,0,0.0021389683,0.39000000000000007,0,0
ran_orchestration,31,benign--ran_orchestration--random_min_degree--n10--maintenance_notice--r2,0,0.027754258,0.39000000000000007,0,0
ran_orchestration,31,benign--ran_orchestration--random_min_degree--n10--maintenance_notice--r2,0,0.005200951,0.39000000000000007,0,0
ran_orchestration,31,benign--ran_orchestration--random_min_degree--n10--maintenance_notice--r2,0,0.013381935,0.39000000000000007,0,0
ran_orchestration,31,benign--ran_orchestration--random_min_degree--n10--maintenance_notice--r2,0,0.013199206,0.39000000000000007,0,0
ran_orchestration,31,benign--ran_orchestration--random_min_degree--n10--maintenance_notice--r6,0,0.016202826,0.39000000000000007,0,0
ran_orchestration,31,benign--ran_orchestration--random_min_degree--n10--maintenance_notice--r6,0,0.020252619,0.39000000000000007,0,0
ran_orchestration,31,benign--ran_orchestration--random_min_degree--n10--maintenance_notice--r6,0,0.010432294,0.39000000000000007,0,0
ran_orchestration,31,benign--ran_orchestration--random_min_degree--n10--maintenance_notice--r6,0,0.0016431654,0.39000000000000007,0,0
ran_orchestration,31,benign--ran_orchestration--random_min_degree--n10--routine_update--r1,0,0.15183678,0.39000000000000007,0,0
ran_orchestration,31,benign--ran_orchestration--random_min_degree--n10--routine_update--r1,0,0.026008511,0.39000000000000007,0,0
ran_orchestration,31,benign--ran_orchestration--random_min_degree--n10--routine_update--r1,0,0.30138847,0.39000000000000007,0,0
ran_orchestration,31,benign--ran_orchestration--random_min_degree--n10--routine_update--r1,0,0.010521949,0.39000000000000007,0,0
ran_orchestration,31,benign--ran_orchestration--random_min_degree--n10--routine_update--r5,0,0.022604618,0.39000000000000007,0,0
ran_orchestration,31,benign--ran_orchestration--random_min_degree--n10--routine_update--r5,0,0.008658308,0.39000000000000007,0,0
ran_orchestration,31,benign--ran_orchestration--random_min_degree--n15--containment_drill--r2,0,0.0010378002,0.39000000000000007,0,0
ran_orchestration,31,benign--ran_orchestration--random_min_degree--n15--containment_drill--r6,0,0.009799211,0.39000000000000007,0,0
ran_orchestration,31,benign--ran_orchestration--random_min_degree--n15--containment_drill--r6,0,0.002843625,0.39000000000000007,0,0
ran_orchestration,31,benign--ran_orchestration--random_min_degree--n15--containment_drill--r6,0,0.003172404,0.39000000000000007,0,0
ran_orchestration,31,benign--ran_orchestration--random_min_degree--n15--containment_drill--r6,0,0.001283976,0.39000000000000007,0,0
ran_orchestration,31,benign--ran_orchestration--random_min_degree--n15--containment_drill--r6,0,0.010180343,0.39000000000000007,0,0
ran_orchestration,31,benign--ran_orchestration--random_min_degree--n15--quoted_attack_review--r5,0,0.0007463582,0.39000000000000007,0,0
ran_orchestration,31,benign--ran_orchestration--random_min_degree--n15--routine_update--r3,0,0.050527114,0.39000000000000007,0,0
ran_orchestration,31,benign--ran_orchestration--random_min_degree--n20--containment_drill--r4,0,0.04605447,0.39000000000000007,0,0
ran_orchestration,31,benign--ran_orchestration--random_min_degree--n20--containment_drill--r4,0,0.0011719062,0.39000000000000007,0,0
ran_orchestration,31,benign--ran_orchestration--random_min_degree--n20--containment_drill--r4,0,0.003280227,0.39000000000000007,0,0
ran_orchestration,31,benign--ran_orchestration--random_min_degree--n20--containment_drill--r4,0,0.0027172575,0.39000000000000007,0,0
ran_orchestration,31,benign--ran_orchestration--random_min_degree--n20--maintenance_notice--r2,0,0.004438453,0.39000000000000007,0,0
ran_orchestration,31,benign--ran_orchestration--random_min_degree--n20--quoted_attack_review--r3,0,0.0022598654,0.39000000000000007,0,0
ran_orchestration,31,benign--ran_orchestration--random_min_degree--n20--quoted_attack_review--r3,0,0.0014336796,0.39000000000000007,0,0
ran_orchestration,31,benign--ran_orchestration--random_min_degree--n20--quoted_attack_review--r3,0,0.0033176343,0.39000000000000007,0,0
ran_orchestration,31,benign--ran_orchestration--random_min_degree--n20--quoted_attack_review--r3,0,0.00144289,0.39000000000000007,0,0
ran_orchestration,31,benign--ran_orchestration--random_min_degree--n20--quoted_attack_review--r3,0,0.0019861355,0.39000000000000007,0,0
ran_orchestration,31,benign--ran_orchestration--random_min_degree--n20--quoted_attack_review--r3,0,0.0026737486,0.39000000000000007,0,0
ran_orchestration,31,benign--ran_orchestration--random_min_degree--n20--routine_update--r1,0,0.05520917,0.39000000000000007,0,0
ran_orchestration,31,benign--ran_orchestration--random_min_degree--n20--routine_update--r1,0,0.010456368,0.39000000000000007,0,0
ran_orchestration,31,benign--ran_orchestration--random_min_degree--n20--routine_update--r1,0,0.03811215,0.39000000000000007,0,0
ran_orchestration,31,benign--ran_orchestration--random_min_degree--n20--routine_update--r1,0,0.061440397,0.39000000000000007,0,0
ran_orchestration,31,benign--ran_orchestration--random_min_degree--n20--routine_update--r5,0,0.037207864,0.39000000000000007,0,0
ran_orchestration,31,benign--ran_orchestration--random_min_degree--n20--routine_update--r5,0,0.4240067,0.39000000000000007,1,0
ran_orchestration,31,benign--ran_orchestration--random_min_degree--n4--containment_drill--r4,0,0.0012310704,0.39000000000000007,0,0
ran_orchestration,31,benign--ran_orchestration--random_min_degree--n4--maintenance_notice--r2,0,0.0051136105,0.39000000000000007,0,0
ran_orchestration,31,benign--ran_orchestration--random_min_degree--n4--quoted_attack_review--r3,0,0.0071843406,0.39000000000000007,0,0
ran_orchestration,31,benign--ran_orchestration--random_min_degree--n4--quoted_attack_review--r3,0,0.0055084955,0.39000000000000007,0,0
ran_orchestration,31,benign--ran_orchestration--random_min_degree--n4--quoted_attack_review--r3,0,0.0033673628,0.39000000000000007,0,0
ran_orchestration,31,benign--ran_orchestration--random_min_degree--n4--quoted_attack_review--r3,0,0.009272905,0.39000000000000007,0,0
ran_orchestration,31,benign--ran_orchestration--random_min_degree--n4--routine_update--r1,0,0.12373314,0.39000000000000007,0,0
ran_orchestration,31,benign--ran_orchestration--random_min_degree--n4--routine_update--r1,0,0.14316209,0.39000000000000007,0,0
ran_orchestration,31,benign--ran_orchestration--random_min_degree--n4--routine_update--r1,0,0.3595386,0.39000000000000007,0,0
ran_orchestration,31,benign--ran_orchestration--random_min_degree--n4--routine_update--r1,0,0.21081151,0.39000000000000007,0,0
ran_orchestration,31,benign--ran_orchestration--random_min_degree--n4--routine_update--r1,0,0.219446,0.39000000000000007,0,0
ran_orchestration,31,benign--ran_orchestration--random_min_degree--n4--routine_update--r1,0,0.0077781,0.39000000000000007,0,0
ran_orchestration,31,benign--ran_orchestration--random_min_degree--n4--routine_update--r5,0,0.027286207,0.39000000000000007,0,0
ran_orchestration,31,benign--ran_orchestration--random_min_degree--n4--routine_update--r5,0,0.026812878,0.39000000000000007,0,0
ran_orchestration,31,benign--ran_orchestration--random_min_degree--n8--containment_drill--r2,0,0.0008980335,0.39000000000000007,0,0
ran_orchestration,31,benign--ran_orchestration--random_min_degree--n8--containment_drill--r6,0,0.0022388091,0.39000000000000007,0,0
ran_orchestration,31,benign--ran_orchestration--random_min_degree--n8--routine_update--r3,0,0.043601815,0.39000000000000007,0,0
ran_orchestration,31,benign--ran_orchestration--random_min_degree--n8--routine_update--r3,0,0.016037904,0.39000000000000007,0,0
ran_orchestration,31,benign--ran_orchestration--random_min_degree--n8--routine_update--r3,0,0.27606377,0.39000000000000007,0,0
ran_orchestration,31,benign--ran_orchestration--random_min_degree--n8--routine_update--r3,0,0.09056454,0.39000000000000007,0,0
ran_orchestration,31,benign--ran_orchestration--random_min_degree--n8--routine_update--r3,0,0.0047481554,0.39000000000000007,0,0
ran_orchestration,31,benign--ran_orchestration--ring--n10--containment_drill--r4,0,0.0045975,0.39000000000000007,0,0
ran_orchestration,31,benign--ran_orchestration--ring--n10--maintenance_notice--r2,0,0.0017357052,0.39000000000000007,0,0
ran_orchestration,31,benign--ran_orchestration--ring--n10--maintenance_notice--r6,0,0.018953096,0.39000000000000007,0,0
ran_orchestration,31,benign--ran_orchestration--ring--n10--maintenance_notice--r6,0,0.0034293255,0.39000000000000007,0,0
ran_orchestration,31,benign--ran_orchestration--ring--n10--maintenance_notice--r6,0,0.0024662088,0.39000000000000007,0,0
ran_orchestration,31,benign--ran_orchestration--ring--n10--routine_update--r1,0,0.03110877,0.39000000000000007,0,0
ran_orchestration,31,benign--ran_orchestration--ring--n15--containment_drill--r2,0,0.0013436038,0.39000000000000007,0,0
ran_orchestration,31,benign--ran_orchestration--ring--n15--containment_drill--r6,0,0.003130589,0.39000000000000007,0,0
ran_orchestration,31,benign--ran_orchestration--ring--n15--maintenance_notice--r4,0,0.033780027,0.39000000000000007,0,0
ran_orchestration,31,benign--ran_orchestration--ring--n15--maintenance_notice--r4,0,0.009543579,0.39000000000000007,0,0
ran_orchestration,31,benign--ran_orchestration--ring--n15--maintenance_notice--r4,0,0.05145818,0.39000000000000007,0,0
ran_orchestration,31,benign--ran_orchestration--ring--n15--maintenance_notice--r4,0,0.01923572,0.39000000000000007,0,0
ran_orchestration,31,benign--ran_orchestration--ring--n15--maintenance_notice--r4,0,0.015894655,0.39000000000000007,0,0
ran_orchestration,31,benign--ran_orchestration--ring--n15--routine_update--r3,0,0.034463417,0.39000000000000007,0,0
ran_orchestration,31,benign--ran_orchestration--ring--n15--routine_update--r3,0,0.50654674,0.39000000000000007,1,1
ran_orchestration,31,benign--ran_orchestration--ring--n20--containment_drill--r4,0,0.003502623,0.39000000000000007,0,0
ran_orchestration,31,benign--ran_orchestration--ring--n20--containment_drill--r4,0,0.0031764598,0.39000000000000007,0,0
ran_orchestration,31,benign--ran_orchestration--ring--n20--maintenance_notice--r2,0,0.009634812,0.39000000000000007,0,0
ran_orchestration,31,benign--ran_orchestration--ring--n20--maintenance_notice--r2,0,0.017562438,0.39000000000000007,0,0
ran_orchestration,31,benign--ran_orchestration--ring--n20--maintenance_notice--r2,0,0.0014193943,0.39000000000000007,0,0
ran_orchestration,31,benign--ran_orchestration--ring--n20--maintenance_notice--r6,0,0.08019339,0.39000000000000007,0,0
ran_orchestration,31,benign--ran_orchestration--ring--n20--quoted_attack_review--r3,0,0.0039424547,0.39000000000000007,0,0
ran_orchestration,31,benign--ran_orchestration--ring--n20--quoted_attack_review--r3,0,0.0007358891,0.39000000000000007,0,0
ran_orchestration,31,benign--ran_orchestration--ring--n20--quoted_attack_review--r3,0,0.002317672,0.39000000000000007,0,0
ran_orchestration,31,benign--ran_orchestration--ring--n20--routine_update--r1,0,0.03922418,0.39000000000000007,0,0
ran_orchestration,31,benign--ran_orchestration--ring--n20--routine_update--r1,0,0.0018706671,0.39000000000000007,0,0
ran_orchestration,31,benign--ran_orchestration--ring--n20--routine_update--r5,0,0.010291821,0.39000000000000007,0,0
ran_orchestration,31,benign--ran_orchestration--ring--n4--containment_drill--r4,0,0.004541526,0.39000000000000007,0,0
ran_orchestration,31,benign--ran_orchestration--ring--n4--maintenance_notice--r2,0,0.0013570021,0.39000000000000007,0,0
ran_orchestration,31,benign--ran_orchestration--ring--n4--routine_update--r1,0,0.03940469,0.39000000000000007,0,0
ran_orchestration,31,benign--ran_orchestration--ring--n4--routine_update--r5,0,0.0422178,0.39000000000000007,0,0
ran_orchestration,31,benign--ran_orchestration--ring--n4--routine_update--r5,0,0.22858067,0.39000000000000007,0,0
ran_orchestration,31,benign--ran_orchestration--ring--n4--routine_update--r5,0,0.07088096,0.39000000000000007,0,0
ran_orchestration,31,benign--ran_orchestration--ring--n8--containment_drill--r2,0,0.011434778,0.39000000000000007,0,0
ran_orchestration,31,benign--ran_orchestration--ring--n8--containment_drill--r2,0,0.02512663,0.39000000000000007,0,0
ran_orchestration,31,benign--ran_orchestration--ring--n8--containment_drill--r2,0,0.015689291,0.39000000000000007,0,0
ran_orchestration,31,benign--ran_orchestration--ring--n8--containment_drill--r2,0,0.0024269142,0.39000000000000007,0,0
ran_orchestration,31,benign--ran_orchestration--ring--n8--containment_drill--r2,0,0.0061021154,0.39000000000000007,0,0
ran_orchestration,31,benign--ran_orchestration--ring--n8--containment_drill--r2,0,0.0026447966,0.39000000000000007,0,0
ran_orchestration,31,benign--ran_orchestration--ring--n8--containment_drill--r6,0,0.004045556,0.39000000000000007,0,0
ran_orchestration,31,benign--ran_orchestration--ring--n8--containment_drill--r6,0,0.005741698,0.39000000000000007,0,0
ran_orchestration,31,benign--ran_orchestration--ring--n8--containment_drill--r6,0,0.0031096365,0.39000000000000007,0,0
ran_orchestration,31,benign--ran_orchestration--ring--n8--containment_drill--r6,0,0.0038402737,0.39000000000000007,0,0
ran_orchestration,31,benign--ran_orchestration--ring--n8--containment_drill--r6,0,0.0017192871,0.39000000000000007,0,0
ran_orchestration,31,benign--ran_orchestration--ring--n8--quoted_attack_review--r5,0,0.009890225,0.39000000000000007,0,0
ran_orchestration,31,benign--ran_orchestration--ring--n8--quoted_attack_review--r5,0,0.0019818847,0.39000000000000007,0,0
ran_orchestration,31,benign--ran_orchestration--ring--n8--routine_update--r3,0,0.0057826038,0.39000000000000007,0,0
ran_orchestration,31,benign--ran_orchestration--ring--n8--routine_update--r3,0,0.011337498,0.39000000000000007,0,0
ran_orchestration,31,benign--ran_orchestration--ring--n8--routine_update--r3,0,0.046809476,0.39000000000000007,0,0
ran_orchestration,31,benign--ran_orchestration--ring--n8--routine_update--r3,0,0.029720733,0.39000000000000007,0,0
ran_orchestration,31,benign--ran_orchestration--star--n10--containment_drill--r2,0,0.0010345028,0.39000000000000007,0,0
ran_orchestration,31,benign--ran_orchestration--star--n10--containment_drill--r6,0,0.0028979627,0.39000000000000007,0,0
ran_orchestration,31,benign--ran_orchestration--star--n10--containment_drill--r6,0,0.016328337,0.39000000000000007,0,0
ran_orchestration,31,benign--ran_orchestration--star--n10--containment_drill--r6,0,0.002291291,0.39000000000000007,0,0
ran_orchestration,31,benign--ran_orchestration--star--n10--maintenance_notice--r4,0,0.00096690713,0.39000000000000007,0,0
ran_orchestration,31,benign--ran_orchestration--star--n10--routine_update--r3,0,0.014730358,0.39000000000000007,0,0
ran_orchestration,31,benign--ran_orchestration--star--n10--routine_update--r3,0,0.013432266,0.39000000000000007,0,0
ran_orchestration,31,benign--ran_orchestration--star--n15--containment_drill--r4,0,0.0022795864,0.39000000000000007,0,0
ran_orchestration,31,benign--ran_orchestration--star--n15--maintenance_notice--r2,0,0.0008157744,0.39000000000000007,0,0
ran_orchestration,31,benign--ran_orchestration--star--n15--maintenance_notice--r6,0,0.02512241,0.39000000000000007,0,0
ran_orchestration,31,benign--ran_orchestration--star--n15--maintenance_notice--r6,0,0.0028632625,0.39000000000000007,0,0
ran_orchestration,31,benign--ran_orchestration--star--n15--maintenance_notice--r6,0,0.0013209016,0.39000000000000007,0,0
ran_orchestration,31,benign--ran_orchestration--star--n15--routine_update--r1,0,0.014453951,0.39000000000000007,0,0
ran_orchestration,31,benign--ran_orchestration--star--n15--routine_update--r1,0,0.015116225,0.39000000000000007,0,0
ran_orchestration,31,benign--ran_orchestration--star--n20--containment_drill--r2,0,0.0016783199,0.39000000000000007,0,0
ran_orchestration,31,benign--ran_orchestration--star--n20--containment_drill--r6,0,0.007102627,0.39000000000000007,0,0
ran_orchestration,31,benign--ran_orchestration--star--n20--quoted_attack_review--r1,0,0.0032147877,0.39000000000000007,0,0
ran_orchestration,31,benign--ran_orchestration--star--n20--quoted_attack_review--r1,0,0.010885721,0.39000000000000007,0,0
ran_orchestration,31,benign--ran_orchestration--star--n20--quoted_attack_review--r5,0,0.0065737837,0.39000000000000007,0,0
ran_orchestration,31,benign--ran_orchestration--star--n20--routine_update--r3,0,0.014943373,0.39000000000000007,0,0
ran_orchestration,31,benign--ran_orchestration--star--n20--routine_update--r3,0,0.04178625,0.39000000000000007,0,0
ran_orchestration,31,benign--ran_orchestration--star--n20--routine_update--r3,0,0.014789979,0.39000000000000007,0,0
ran_orchestration,31,benign--ran_orchestration--star--n4--containment_drill--r2,0,0.001416651,0.39000000000000007,0,0
ran_orchestration,31,benign--ran_orchestration--star--n4--containment_drill--r6,0,0.0013608886,0.39000000000000007,0,0
ran_orchestration,31,benign--ran_orchestration--star--n8--containment_drill--r4,0,0.0036773365,0.39000000000000007,0,0
ran_orchestration,31,benign--ran_orchestration--star--n8--containment_drill--r4,0,0.0044587944,0.39000000000000007,0,0
ran_orchestration,31,benign--ran_orchestration--star--n8--containment_drill--r4,0,0.0015892863,0.39000000000000007,0,0
ran_orchestration,31,benign--ran_orchestration--star--n8--maintenance_notice--r2,0,0.0021695474,0.39000000000000007,0,0
ran_orchestration,31,benign--ran_orchestration--star--n8--maintenance_notice--r6,0,0.01728444,0.39000000000000007,0,0
ran_orchestration,31,benign--ran_orchestration--star--n8--maintenance_notice--r6,0,0.010768682,0.39000000000000007,0,0
ran_orchestration,31,benign--ran_orchestration--star--n8--quoted_attack_review--r3,0,0.0077675995,0.39000000000000007,0,0
ran_orchestration,31,benign--ran_orchestration--star--n8--quoted_attack_review--r3,0,0.009454278,0.39000000000000007,0,0
ran_orchestration,31,benign--ran_orchestration--star--n8--routine_update--r1,0,0.71257627,0.39000000000000007,1,1
ran_orchestration,31,benign--ran_orchestration--star--n8--routine_update--r1,0,0.17467591,0.39000000000000007,0,0
ran_orchestration,31,benign--ran_orchestration--star--n8--routine_update--r5,0,0.012817166,0.39000000000000007,0,0
ran_orchestration,31,mal--ran_orchestration--chain--n10--exfiltration_propagation--r2,1,0.99707234,0.39000000000000007,1,1
ran_orchestration,31,mal--ran_orchestration--chain--n10--exfiltration_propagation--r2,0,0.99816364,0.39000000000000007,1,1
ran_orchestration,31,mal--ran_orchestration--chain--n10--exfiltration_propagation--r2,0,0.15951043,0.39000000000000007,0,0
ran_orchestration,31,mal--ran_orchestration--chain--n10--exfiltration_propagation--r2,0,0.00682179,0.39000000000000007,0,0
ran_orchestration,31,mal--ran_orchestration--chain--n10--guard_suppression--r1,1,0.41271394,0.39000000000000007,1,0
ran_orchestration,31,mal--ran_orchestration--chain--n10--guard_suppression--r1,0,0.0066861436,0.39000000000000007,0,0
ran_orchestration,31,mal--ran_orchestration--chain--n10--recovery_poisoning--r1,1,0.9805793,0.39000000000000007,1,1
ran_orchestration,31,mal--ran_orchestration--chain--n10--recovery_poisoning--r1,1,0.8934664,0.39000000000000007,1,1
ran_orchestration,31,mal--ran_orchestration--chain--n10--recovery_poisoning--r1,1,0.61759615,0.39000000000000007,1,1
ran_orchestration,31,mal--ran_orchestration--chain--n10--recovery_poisoning--r3,1,0.9901928,0.39000000000000007,1,1
ran_orchestration,31,mal--ran_orchestration--chain--n10--recovery_poisoning--r3,1,0.86028785,0.39000000000000007,1,1
ran_orchestration,31,mal--ran_orchestration--chain--n10--recovery_poisoning--r3,0,0.02157247,0.39000000000000007,0,0
ran_orchestration,31,mal--ran_orchestration--chain--n15--control_plane_worm--r3,1,0.9903144,0.39000000000000007,1,1
ran_orchestration,31,mal--ran_orchestration--chain--n15--control_plane_worm--r3,1,0.0905302,0.39000000000000007,0,0
ran_orchestration,31,mal--ran_orchestration--chain--n15--control_plane_worm--r3,1,0.04923882,0.39000000000000007,0,0
ran_orchestration,31,mal--ran_orchestration--chain--n15--exfiltration_propagation--r1,1,0.9972264,0.39000000000000007,1,1
ran_orchestration,31,mal--ran_orchestration--chain--n15--exfiltration_propagation--r1,1,0.99646914,0.39000000000000007,1,1
ran_orchestration,31,mal--ran_orchestration--chain--n15--guard_suppression--r2,1,0.99201125,0.39000000000000007,1,1
ran_orchestration,31,mal--ran_orchestration--chain--n15--guard_suppression--r2,0,0.1436918,0.39000000000000007,0,0
ran_orchestration,31,mal--ran_orchestration--chain--n15--guard_suppression--r2,0,0.025009202,0.39000000000000007,0,0
ran_orchestration,31,mal--ran_orchestration--chain--n15--guard_suppression--r5,1,0.98002964,0.39000000000000007,1,1
ran_orchestration,31,mal--ran_orchestration--chain--n15--guard_suppression--r5,1,0.2380379,0.39000000000000007,0,0
ran_orchestration,31,mal--ran_orchestration--chain--n15--guard_suppression--r5,0,0.004259865,0.39000000000000007,0,0
ran_orchestration,31,mal--ran_orchestration--chain--n15--guard_suppression--r5,1,0.78041387,0.39000000000000007,1,1
ran_orchestration,31,mal--ran_orchestration--chain--n15--guard_suppression--r5,1,0.61097026,0.39000000000000007,1,1
ran_orchestration,31,mal--ran_orchestration--chain--n15--guard_suppression--r5,1,0.020657461,0.39000000000000007,0,0
ran_orchestration,31,mal--ran_orchestration--chain--n15--recovery_poisoning--r2,1,0.9899771,0.39000000000000007,1,1
ran_orchestration,31,mal--ran_orchestration--chain--n15--recovery_poisoning--r2,0,0.045662113,0.39000000000000007,0,0
ran_orchestration,31,mal--ran_orchestration--chain--n15--recovery_poisoning--r2,1,0.7572016,0.39000000000000007,1,1
ran_orchestration,31,mal--ran_orchestration--chain--n15--recovery_poisoning--r2,0,0.08241074,0.39000000000000007,0,0
ran_orchestration,31,mal--ran_orchestration--chain--n15--slice_takeover--r4,1,0.99380267,0.39000000000000007,1,1
ran_orchestration,31,mal--ran_orchestration--chain--n15--slice_takeover--r4,1,0.96438086,0.39000000000000007,1,1
ran_orchestration,31,mal--ran_orchestration--chain--n15--slice_takeover--r4,0,0.5839049,0.39000000000000007,1,1
ran_orchestration,31,mal--ran_orchestration--chain--n15--slice_takeover--r4,1,0.9537875,0.39000000000000007,1,1
ran_orchestration,31,mal--ran_orchestration--chain--n15--slice_takeover--r4,1,0.8968607,0.39000000000000007,1,1
ran_orchestration,31,mal--ran_orchestration--chain--n15--slice_takeover--r4,1,0.966418,0.39000000000000007,1,1
ran_orchestration,31,mal--ran_orchestration--chain--n20--control_plane_worm--r2,1,0.99038297,0.39000000000000007,1,1
ran_orchestration,31,mal--ran_orchestration--chain--n20--control_plane_worm--r2,1,0.9965643,0.39000000000000007,1,1
ran_orchestration,31,mal--ran_orchestration--chain--n20--control_plane_worm--r2,0,0.12406859,0.39000000000000007,0,0
ran_orchestration,31,mal--ran_orchestration--chain--n20--control_plane_worm--r2,0,0.005618278,0.39000000000000007,0,0
ran_orchestration,31,mal--ran_orchestration--chain--n20--control_plane_worm--r2,0,0.006959777,0.39000000000000007,0,0
ran_orchestration,31,mal--ran_orchestration--chain--n20--exfiltration_propagation--r1,1,0.9972264,0.39000000000000007,1,1
ran_orchestration,31,mal--ran_orchestration--chain--n20--exfiltration_propagation--r1,1,0.99059,0.39000000000000007,1,1
ran_orchestration,31,mal--ran_orchestration--chain--n20--exfiltration_propagation--r1,1,0.9715978,0.39000000000000007,1,1
ran_orchestration,31,mal--ran_orchestration--chain--n20--recovery_poisoning--r1,1,0.96810716,0.39000000000000007,1,1
ran_orchestration,31,mal--ran_orchestration--chain--n20--recovery_poisoning--r1,1,0.27047157,0.39000000000000007,0,0
ran_orchestration,31,mal--ran_orchestration--chain--n20--recovery_poisoning--r1,1,0.9029576,0.39000000000000007,1,1
ran_orchestration,31,mal--ran_orchestration--chain--n20--recovery_poisoning--r1,1,0.58788437,0.39000000000000007,1,1
ran_orchestration,31,mal--ran_orchestration--chain--n20--recovery_poisoning--r1,0,0.0101037845,0.39000000000000007,0,0
ran_orchestration,31,mal--ran_orchestration--chain--n20--recovery_poisoning--r2,1,0.99728274,0.39000000000000007,1,1
ran_orchestration,31,mal--ran_orchestration--chain--n20--recovery_poisoning--r2,0,0.11540352,0.39000000000000007,0,0
ran_orchestration,31,mal--ran_orchestration--chain--n20--recovery_poisoning--r6,1,0.9914307,0.39000000000000007,1,1
ran_orchestration,31,mal--ran_orchestration--chain--n20--recovery_poisoning--r6,1,0.21196449,0.39000000000000007,0,0
ran_orchestration,31,mal--ran_orchestration--chain--n20--recovery_poisoning--r6,0,0.0015168765,0.39000000000000007,0,0
ran_orchestration,31,mal--ran_orchestration--chain--n20--recovery_poisoning--r6,1,0.9766948,0.39000000000000007,1,1
ran_orchestration,31,mal--ran_orchestration--chain--n20--slice_takeover--r3,1,0.99724424,0.39000000000000007,1,1
ran_orchestration,31,mal--ran_orchestration--chain--n20--slice_takeover--r3,0,0.7079729,0.39000000000000007,1,1
ran_orchestration,31,mal--ran_orchestration--chain--n4--control_plane_worm--r1,1,0.9942082,0.39000000000000007,1,1
ran_orchestration,31,mal--ran_orchestration--chain--n4--control_plane_worm--r1,0,0.162839,0.39000000000000007,0,0
ran_orchestration,31,mal--ran_orchestration--chain--n4--control_plane_worm--r6,1,0.99632,0.39000000000000007,1,1
ran_orchestration,31,mal--ran_orchestration--chain--n4--control_plane_worm--r6,0,0.45654404,0.39000000000000007,1,0
ran_orchestration,31,mal--ran_orchestration--chain--n4--exfiltration_propagation--r4,1,0.97086054,0.39000000000000007,1,1
ran_orchestration,31,mal--ran_orchestration--chain--n4--exfiltration_propagation--r4,1,0.042011827,0.39000000000000007,0,0
ran_orchestration,31,mal--ran_orchestration--chain--n4--guard_suppression--r3,1,0.79471225,0.39000000000000007,1,1
ran_orchestration,31,mal--ran_orchestration--chain--n4--guard_suppression--r3,0,0.033805683,0.39000000000000007,0,0
ran_orchestration,31,mal--ran_orchestration--chain--n4--guard_suppression--r3,1,0.20804101,0.39000000000000007,0,0
ran_orchestration,31,mal--ran_orchestration--chain--n4--guard_suppression--r3,0,0.1766109,0.39000000000000007,0,0
ran_orchestration,31,mal--ran_orchestration--chain--n4--recovery_poisoning--r5,1,0.9874292,0.39000000000000007,1,1
ran_orchestration,31,mal--ran_orchestration--chain--n4--recovery_poisoning--r5,1,0.99401075,0.39000000000000007,1,1
ran_orchestration,31,mal--ran_orchestration--chain--n4--recovery_poisoning--r5,1,0.9571996,0.39000000000000007,1,1
ran_orchestration,31,mal--ran_orchestration--chain--n4--recovery_poisoning--r5,0,0.2581955,0.39000000000000007,0,0
ran_orchestration,31,mal--ran_orchestration--chain--n4--slice_takeover--r2,1,0.9966568,0.39000000000000007,1,1
ran_orchestration,31,mal--ran_orchestration--chain--n4--slice_takeover--r2,0,0.17623809,0.39000000000000007,0,0
ran_orchestration,31,mal--ran_orchestration--chain--n4--slice_takeover--r2,0,0.2792542,0.39000000000000007,0,0
ran_orchestration,31,mal--ran_orchestration--mesh_lite--n10--recovery_poisoning--r3,0,0.1620718,0.39000000000000007,0,0
ran_orchestration,31,mal--ran_orchestration--mesh_lite--n10--recovery_poisoning--r3,0,0.03154301,0.39000000000000007,0,0
ran_orchestration,31,mal--ran_orchestration--mesh_lite--n10--recovery_poisoning--r3,0,0.011655993,0.39000000000000007,0,0
ran_orchestration,31,mal--ran_orchestration--mesh_lite--n10--recovery_poisoning--r3,0,0.095105246,0.39000000000000007,0,0
ran_orchestration,31,mal--ran_orchestration--mesh_lite--n10--recovery_poisoning--r3,0,0.0054332013,0.39000000000000007,0,0
ran_orchestration,31,mal--ran_orchestration--mesh_lite--n10--recovery_poisoning--r3,0,0.0063555916,0.39000000000000007,0,0
ran_orchestration,31,mal--ran_orchestration--mesh_lite--n10--recovery_poisoning--r3,0,0.005353179,0.39000000000000007,0,0
ran_orchestration,31,mal--ran_orchestration--mesh_lite--n10--recovery_poisoning--r3,0,0.0024638402,0.39000000000000007,0,0
ran_orchestration,31,mal--ran_orchestration--mesh_lite--n15--guard_suppression--r2,0,0.024366757,0.39000000000000007,0,0
ran_orchestration,31,mal--ran_orchestration--mesh_lite--n15--guard_suppression--r2,0,0.29364324,0.39000000000000007,0,0
ran_orchestration,31,mal--ran_orchestration--mesh_lite--n15--guard_suppression--r2,0,0.013280072,0.39000000000000007,0,0
ran_orchestration,31,mal--ran_orchestration--mesh_lite--n15--guard_suppression--r2,0,0.043553002,0.39000000000000007,0,0
ran_orchestration,31,mal--ran_orchestration--mesh_lite--n15--guard_suppression--r2,0,0.009408256,0.39000000000000007,0,0
ran_orchestration,31,mal--ran_orchestration--mesh_lite--n15--guard_suppression--r2,0,0.044940054,0.39000000000000007,0,0
ran_orchestration,31,mal--ran_orchestration--mesh_lite--n15--guard_suppression--r2,0,0.0019312763,0.39000000000000007,0,0
ran_orchestration,31,mal--ran_orchestration--mesh_lite--n15--guard_suppression--r2,1,0.91321635,0.39000000000000007,1,1
ran_orchestration,31,mal--ran_orchestration--mesh_lite--n15--guard_suppression--r5,1,0.9903195,0.39000000000000007,1,1
ran_orchestration,31,mal--ran_orchestration--mesh_lite--n15--guard_suppression--r5,1,0.89024305,0.39000000000000007,1,1
ran_orchestration,31,mal--ran_orchestration--mesh_lite--n15--guard_suppression--r5,0,0.077827334,0.39000000000000007,0,0
ran_orchestration,31,mal--ran_orchestration--mesh_lite--n15--guard_suppression--r5,0,0.11361805,0.39000000000000007,0,0
ran_orchestration,31,mal--ran_orchestration--mesh_lite--n15--guard_suppression--r5,0,0.074886225,0.39000000000000007,0,0
ran_orchestration,31,mal--ran_orchestration--mesh_lite--n15--recovery_poisoning--r2,0,0.18590897,0.39000000000000007,0,0
ran_orchestration,31,mal--ran_orchestration--mesh_lite--n15--recovery_poisoning--r2,0,0.024756832,0.39000000000000007,0,0
ran_orchestration,31,mal--ran_orchestration--mesh_lite--n15--recovery_poisoning--r2,0,0.006066236,0.39000000000000007,0,0
ran_orchestration,31,mal--ran_orchestration--mesh_lite--n15--recovery_poisoning--r2,0,0.0027488465,0.39000000000000007,0,0
ran_orchestration,31,mal--ran_orchestration--mesh_lite--n15--slice_takeover--r4,1,0.9932243,0.39000000000000007,1,1
ran_orchestration,31,mal--ran_orchestration--mesh_lite--n15--slice_takeover--r4,0,0.20893437,0.39000000000000007,0,0
ran_orchestration,31,mal--ran_orchestration--mesh_lite--n20--control_plane_worm--r2,1,0.9977188,0.39000000000000007,1,1
ran_orchestration,31,mal--ran_orchestration--mesh_lite--n20--control_plane_worm--r2,0,0.004852059,0.39000000000000007,0,0
ran_orchestration,31,mal--ran_orchestration--mesh_lite--n20--control_plane_worm--r2,1,0.99169886,0.39000000000000007,1,1
ran_orchestration,31,mal--ran_orchestration--mesh_lite--n20--control_plane_worm--r2,0,0.74050736,0.39000000000000007,1,1
ran_orchestration,31,mal--ran_orchestration--mesh_lite--n20--control_plane_worm--r2,0,0.8760662,0.39000000000000007,1,1
ran_orchestration,31,mal--ran_orchestration--mesh_lite--n20--control_plane_worm--r2,0,0.09124531,0.39000000000000007,0,0
ran_orchestration,31,mal--ran_orchestration--mesh_lite--n20--control_plane_worm--r2,0,0.021143274,0.39000000000000007,0,0
ran_orchestration,31,mal--ran_orchestration--mesh_lite--n20--control_plane_worm--r2,1,0.99718386,0.39000000000000007,1,1
ran_orchestration,31,mal--ran_orchestration--mesh_lite--n20--exfiltration_propagation--r5,0,0.49727622,0.39000000000000007,1,0
ran_orchestration,31,mal--ran_orchestration--mesh_lite--n20--exfiltration_propagation--r5,0,0.22539997,0.39000000000000007,0,0
ran_orchestration,31,mal--ran_orchestration--mesh_lite--n20--exfiltration_propagation--r5,1,0.7534931,0.39000000000000007,1,1
ran_orchestration,31,mal--ran_orchestration--mesh_lite--n20--exfiltration_propagation--r5,1,0.6912502,0.39000000000000007,1,1
ran_orchestration,31,mal--ran_orchestration--mesh_lite--n20--exfiltration_propagation--r5,0,0.023029147,0.39000000000000007,0,0
ran_orchestration,31,mal--ran_orchestration--mesh_lite--n20--guard_suppression--r4,1,0.99100506,0.39000000000000007,1,1
ran_orchestration,31,mal--ran_orchestration--mesh_lite--n20--guard_suppression--r4,0,0.2764719,0.39000000000000007,0,0
ran_orchestration,31,mal--ran_orchestration--mesh_lite--n20--guard_suppression--r4,1,0.22255774,0.39000000000000007,0,0
ran_orchestration,31,mal--ran_orchestration--mesh_lite--n20--guard_suppression--r4,0,0.0075992965,0.39000000000000007,0,0
ran_orchestration,31,mal--ran_orchestration--mesh_lite--n4--exfiltration_propagation--r4,1,0.99501157,0.39000000000000007,1,1
ran_orchestration,31,mal--ran_orchestration--mesh_lite--n4--exfiltration_propagation--r4,0,0.078981884,0.39000000000000007,0,0
ran_orchestration,31,mal--ran_orchestration--mesh_lite--n4--exfiltration_propagation--r4,1,0.979223,0.39000000000000007,1,1
ran_orchestration,31,mal--ran_orchestration--mesh_lite--n4--exfiltration_propagation--r4,1,0.124988794,0.39000000000000007,0,0
ran_orchestration,31,mal--ran_orchestration--mesh_lite--n4--exfiltration_propagation--r4,0,0.08878497,0.39000000000000007,0,0
ran_orchestration,31,mal--ran_orchestration--mesh_lite--n4--exfiltration_propagation--r4,1,0.9728421,0.39000000000000007,1,1
ran_orchestration,31,mal--ran_orchestration--mesh_lite--n4--exfiltration_propagation--r4,1,0.9893243,0.39000000000000007,1,1
ran_orchestration,31,mal--ran_orchestration--mesh_lite--n4--exfiltration_propagation--r4,0,0.043818757,0.39000000000000007,0,0
ran_orchestration,31,mal--ran_orchestration--mesh_lite--n4--exfiltration_propagation--r4,1,0.99385977,0.39000000000000007,1,1
ran_orchestration,31,mal--ran_orchestration--mesh_lite--n4--exfiltration_propagation--r4,0,0.54305476,0.39000000000000007,1,1
ran_orchestration,31,mal--ran_orchestration--mesh_lite--n4--slice_takeover--r2,1,0.9974904,0.39000000000000007,1,1
ran_orchestration,31,mal--ran_orchestration--mesh_lite--n4--slice_takeover--r2,0,0.48835087,0.39000000000000007,1,0
ran_orchestration,31,mal--ran_orchestration--mesh_lite--n4--slice_takeover--r2,0,0.12567858,0.39000000000000007,0,0
ran_orchestration,31,mal--ran_orchestration--mesh_lite--n4--slice_takeover--r2,0,0.5773839,0.39000000000000007,1,1
ran_orchestration,31,mal--ran_orchestration--mesh_lite--n4--slice_takeover--r2,0,0.0064832857,0.39000000000000007,0,0
ran_orchestration,31,mal--ran_orchestration--mesh_lite--n4--slice_takeover--r2,0,0.0016074048,0.39000000000000007,0,0
ran_orchestration,31,mal--ran_orchestration--mesh_lite--n8--exfiltration_propagation--r3,1,0.99840456,0.39000000000000007,1,1
ran_orchestration,31,mal--ran_orchestration--mesh_lite--n8--exfiltration_propagation--r3,0,0.29975066,0.39000000000000007,0,0
ran_orchestration,31,mal--ran_orchestration--mesh_lite--n8--exfiltration_propagation--r3,0,0.86527914,0.39000000000000007,1,1
ran_orchestration,31,mal--ran_orchestration--mesh_lite--n8--slice_takeover--r6,1,0.97276694,0.39000000000000007,1,1
ran_orchestration,31,mal--ran_orchestration--mesh_lite--n8--slice_takeover--r6,0,0.17109714,0.39000000000000007,0,0
ran_orchestration,31,mal--ran_orchestration--mesh_lite--n8--slice_takeover--r6,0,0.053101666,0.39000000000000007,0,0
ran_orchestration,31,mal--ran_orchestration--random_min_degree--n10--control_plane_worm--r4,1,0.9871048,0.39000000000000007,1,1
ran_orchestration,31,mal--ran_orchestration--random_min_degree--n10--control_plane_worm--r4,0,0.13682356,0.39000000000000007,0,0
ran_orchestration,31,mal--ran_orchestration--random_min_degree--n10--control_plane_worm--r4,0,0.012018749,0.39000000000000007,0,0
ran_orchestration,31,mal--ran_orchestration--random_min_degree--n10--control_plane_worm--r4,0,0.005312777,0.39000000000000007,0,0
ran_orchestration,31,mal--ran_orchestration--random_min_degree--n10--exfiltration_propagation--r2,1,0.9893387,0.39000000000000007,1,1
ran_orchestration,31,mal--ran_orchestration--random_min_degree--n10--exfiltration_propagation--r2,0,0.42461562,0.39000000000000007,1,0
ran_orchestration,31,mal--ran_orchestration--random_min_degree--n10--recovery_poisoning--r3,1,0.9713992,0.39000000000000007,1,1
ran_orchestration,31,mal--ran_orchestration--random_min_degree--n15--guard_suppression--r2,1,0.993133,0.39000000000000007,1,1
ran_orchestration,31,mal--ran_orchestration--random_min_degree--n15--guard_suppression--r2,1,0.9878386,0.39000000000000007,1,1
ran_orchestration,31,mal--ran_orchestration--random_min_degree--n15--guard_suppression--r2,0,0.10473661,0.39000000000000007,0,0
ran_orchestration,31,mal--ran_orchestration--random_min_degree--n15--guard_suppression--r2,1,0.84754884,0.39000000000000007,1,1
ran_orchestration,31,mal--ran_orchestration--random_min_degree--n15--guard_suppression--r2,1,0.73822886,0.39000000000000007,1,1
ran_orchestration,31,mal--ran_orchestration--random_min_degree--n15--guard_suppression--r2,1,0.18492065,0.39000000000000007,0,0
ran_orchestration,31,mal--ran_orchestration--random_min_degree--n20--control_plane_worm--r2,1,0.9970106,0.39000000000000007,1,1
ran_orchestration,31,mal--ran_orchestration--random_min_degree--n20--control_plane_worm--r2,0,0.016255204,0.39000000000000007,0,0
ran_orchestration,31,mal--ran_orchestration--random_min_degree--n20--control_plane_worm--r2,1,0.77835757,0.39000000000000007,1,1
ran_orchestration,31,mal--ran_orchestration--random_min_degree--n20--control_plane_worm--r2,1,0.91997993,0.39000000000000007,1,1
ran_orchestration,31,mal--ran_orchestration--random_min_degree--n20--exfiltration_propagation--r5,0,0.059358824,0.39000000000000007,0,0
ran_orchestration,31,mal--ran_orchestration--random_min_degree--n20--exfiltration_propagation--r5,0,0.000731609,0.39000000000000007,0,0
ran_orchestration,31,mal--ran_orchestration--random_min_degree--n20--recovery_poisoning--r1,1,0.96652156,0.39000000000000007,1,1
ran_orchestration,31,mal--ran_orchestration--random_min_degree--n20--recovery_poisoning--r1,0,0.009078167,0.39000000000000007,0,0
ran_orchestration,31,mal--ran_orchestration--random_min_degree--n20--recovery_poisoning--r1,0,0.005328954,0.39000000000000007,0,0
ran_orchestration,31,mal--ran_orchestration--random_min_degree--n20--recovery_poisoning--r1,0,0.2965557,0.39000000000000007,0,0
ran_orchestration,31,mal--ran_orchestration--random_min_degree--n20--recovery_poisoning--r1,0,0.11558139,0.39000000000000007,0,0
ran_orchestration,31,mal--ran_orchestration--random_min_degree--n20--recovery_poisoning--r1,0,0.012478207,0.39000000000000007,0,0
ran_orchestration,31,mal--ran_orchestration--random_min_degree--n20--recovery_poisoning--r2,1,0.99682885,0.39000000000000007,1,1
ran_orchestration,31,mal--ran_orchestration--random_min_degree--n20--recovery_poisoning--r2,0,0.11299359,0.39000000000000007,0,0
ran_orchestration,31,mal--ran_orchestration--random_min_degree--n20--recovery_poisoning--r6,1,0.99525356,0.39000000000000007,1,1
ran_orchestration,31,mal--ran_orchestration--random_min_degree--n20--recovery_poisoning--r6,0,0.016716378,0.39000000000000007,0,0
ran_orchestration,31,mal--ran_orchestration--random_min_degree--n20--recovery_poisoning--r6,0,0.0013477203,0.39000000000000007,0,0
ran_orchestration,31,mal--ran_orchestration--random_min_degree--n4--slice_takeover--r2,1,0.98996544,0.39000000000000007,1,1
ran_orchestration,31,mal--ran_orchestration--random_min_degree--n4--slice_takeover--r2,1,0.9925855,0.39000000000000007,1,1
ran_orchestration,31,mal--ran_orchestration--random_min_degree--n4--slice_takeover--r2,0,0.22659454,0.39000000000000007,0,0
ran_orchestration,31,mal--ran_orchestration--random_min_degree--n4--slice_takeover--r2,1,0.99395955,0.39000000000000007,1,1
ran_orchestration,31,mal--ran_orchestration--random_min_degree--n4--slice_takeover--r2,1,0.98877573,0.39000000000000007,1,1
ran_orchestration,31,mal--ran_orchestration--random_min_degree--n4--slice_takeover--r2,0,0.20490383,0.39000000000000007,0,0
ran_orchestration,31,mal--ran_orchestration--random_min_degree--n8--control_plane_worm--r5,1,0.9958112,0.39000000000000007,1,1
ran_orchestration,31,mal--ran_orchestration--random_min_degree--n8--control_plane_worm--r5,0,0.0054046414,0.39000000000000007,0,0
ran_orchestration,31,mal--ran_orchestration--random_min_degree--n8--exfiltration_propagation--r3,1,0.9419689,0.39000000000000007,1,1
ran_orchestration,31,mal--ran_orchestration--random_min_degree--n8--exfiltration_propagation--r3,1,0.7699275,0.39000000000000007,1,1
ran_orchestration,31,mal--ran_orchestration--random_min_degree--n8--guard_suppression--r2,1,0.9874964,0.39000000000000007,1,1
ran_orchestration,31,mal--ran_orchestration--random_min_degree--n8--guard_suppression--r2,1,0.13139835,0.39000000000000007,0,0
ran_orchestration,31,mal--ran_orchestration--random_min_degree--n8--guard_suppression--r2,1,0.7220525,0.39000000000000007,1,1
ran_orchestration,31,mal--ran_orchestration--random_min_degree--n8--recovery_poisoning--r4,1,0.92688465,0.39000000000000007,1,1
ran_orchestration,31,mal--ran_orchestration--random_min_degree--n8--recovery_poisoning--r4,0,0.20078582,0.39000000000000007,0,0
ran_orchestration,31,mal--ran_orchestration--random_min_degree--n8--recovery_poisoning--r4,1,0.83851314,0.39000000000000007,1,1
ran_orchestration,31,mal--ran_orchestration--ring--n10--exfiltration_propagation--r2,1,0.98960847,0.39000000000000007,1,1
ran_orchestration,31,mal--ran_orchestration--ring--n10--exfiltration_propagation--r2,0,0.2858159,0.39000000000000007,0,0
ran_orchestration,31,mal--ran_orchestration--ring--n10--exfiltration_propagation--r2,1,0.9411189,0.39000000000000007,1,1
ran_orchestration,31,mal--ran_orchestration--ring--n15--control_plane_worm--r3,1,0.99210733,0.39000000000000007,1,1
ran_orchestration,31,mal--ran_orchestration--ring--n15--control_plane_worm--r3,1,0.991024,0.39000000000000007,1,1
ran_orchestration,31,mal--ran_orchestration--ring--n15--control_plane_worm--r3,0,0.89190984,0.39000000000000007,1,1
ran_orchestration,31,mal--ran_orchestration--ring--n20--control_plane_worm--r2,1,0.9981919,0.39000000000000007,1,1
ran_orchestration,31,mal--ran_orchestration--ring--n20--control_plane_worm--r2,0,0.03507164,0.39000000000000007,0,0
ran_orchestration,31,mal--ran_orchestration--ring--n20--control_plane_worm--r2,0,0.002634147,0.39000000000000007,0,0
ran_orchestration,31,mal--ran_orchestration--ring--n20--control_plane_worm--r2,1,0.990226,0.39000000000000007,1,1
ran_orchestration,31,mal--ran_orchestration--ring--n20--exfiltration_propagation--r5,1,0.8746237,0.39000000000000007,1,1
ran_orchestration,31,mal--ran_orchestration--ring--n20--exfiltration_propagation--r5,0,0.087638155,0.39000000000000007,0,0
ran_orchestration,31,mal--ran_orchestration--ring--n20--recovery_poisoning--r1,1,0.69431627,0.39000000000000007,1,1
ran_orchestration,31,mal--ran_orchestration--ring--n20--recovery_poisoning--r1,0,0.024198646,0.39000000000000007,0,0
ran_orchestration,31,mal--ran_orchestration--ring--n20--recovery_poisoning--r2,0,0.023665568,0.39000000000000007,0,0
ran_orchestration,31,mal--ran_orchestration--ring--n20--recovery_poisoning--r2,1,0.97712904,0.39000000000000007,1,1
ran_orchestration,31,mal--ran_orchestration--ring--n20--recovery_poisoning--r2,1,0.99032634,0.39000000000000007,1,1
ran_orchestration,31,mal--ran_orchestration--ring--n20--slice_takeover--r3,1,0.9902637,0.39000000000000007,1,1
ran_orchestration,31,mal--ran_orchestration--ring--n20--slice_takeover--r3,0,0.43303472,0.39000000000000007,1,0
ran_orchestration,31,mal--ran_orchestration--ring--n4--control_plane_worm--r6,1,0.98668474,0.39000000000000007,1,1
ran_orchestration,31,mal--ran_orchestration--ring--n4--control_plane_worm--r6,0,0.6664621,0.39000000000000007,1,1
ran_orchestration,31,mal--ran_orchestration--ring--n4--control_plane_worm--r6,1,0.77979624,0.39000000000000007,1,1
ran_orchestration,31,mal--ran_orchestration--ring--n4--control_plane_worm--r6,1,0.36544013,0.39000000000000007,0,0
ran_orchestration,31,mal--ran_orchestration--ring--n4--control_plane_worm--r6,0,0.0098128235,0.39000000000000007,0,0
ran_orchestration,31,mal--ran_orchestration--ring--n8--exfiltration_propagation--r2,1,0.9810637,0.39000000000000007,1,1
ran_orchestration,31,mal--ran_orchestration--ring--n8--exfiltration_propagation--r2,0,0.6390639,0.39000000000000007,1,1
ran_orchestration,31,mal--ran_orchestration--ring--n8--exfiltration_propagation--r2,0,0.018429553,0.39000000000000007,0,0
ran_orchestration,31,mal--ran_orchestration--ring--n8--exfiltration_propagation--r3,1,0.99407274,0.39000000000000007,1,1
ran_orchestration,31,mal--ran_orchestration--ring--n8--exfiltration_propagation--r3,0,0.081444904,0.39000000000000007,0,0
ran_orchestration,31,mal--ran_orchestration--ring--n8--exfiltration_propagation--r3,0,0.002599025,0.39000000000000007,0,0
ran_orchestration,31,mal--ran_orchestration--ring--n8--guard_suppression--r1,1,0.8134958,0.39000000000000007,1,1
ran_orchestration,31,mal--ran_orchestration--ring--n8--guard_suppression--r1,0,0.046983555,0.39000000000000007,0,0
ran_orchestration,31,mal--ran_orchestration--star--n10--control_plane_worm--r2,1,0.9943831,0.39000000000000007,1,1
ran_orchestration,31,mal--ran_orchestration--star--n10--control_plane_worm--r2,1,0.4864505,0.39000000000000007,1,0
ran_orchestration,31,mal--ran_orchestration--star--n10--exfiltration_propagation--r2,1,0.99506015,0.39000000000000007,1,1
ran_orchestration,31,mal--ran_orchestration--star--n10--exfiltration_propagation--r2,0,0.973076,0.39000000000000007,1,1
ran_orchestration,31,mal--ran_orchestration--star--n10--guard_suppression--r1,1,0.9882089,0.39000000000000007,1,1
ran_orchestration,31,mal--ran_orchestration--star--n10--guard_suppression--r1,0,0.9402337,0.39000000000000007,1,1
ran_orchestration,31,mal--ran_orchestration--star--n10--guard_suppression--r6,1,0.35850823,0.39000000000000007,0,0
ran_orchestration,31,mal--ran_orchestration--star--n10--guard_suppression--r6,0,0.002159624,0.39000000000000007,0,0
ran_orchestration,31,mal--ran_orchestration--star--n15--exfiltration_propagation--r6,1,0.99540365,0.39000000000000007,1,1
ran_orchestration,31,mal--ran_orchestration--star--n15--exfiltration_propagation--r6,0,0.9168557,0.39000000000000007,1,1
ran_orchestration,31,mal--ran_orchestration--star--n15--guard_suppression--r2,1,0.99366075,0.39000000000000007,1,1
ran_orchestration,31,mal--ran_orchestration--star--n15--guard_suppression--r2,0,0.8206627,0.39000000000000007,1,1
ran_orchestration,31,mal--ran_orchestration--star--n15--recovery_poisoning--r2,1,0.9969542,0.39000000000000007,1,1
ran_orchestration,31,mal--ran_orchestration--star--n15--recovery_poisoning--r2,0,0.6707682,0.39000000000000007,1,1
ran_orchestration,31,mal--ran_orchestration--star--n15--slice_takeover--r4,1,0.98984224,0.39000000000000007,1,1
ran_orchestration,31,mal--ran_orchestration--star--n15--slice_takeover--r4,0,0.5983018,0.39000000000000007,1,1
ran_orchestration,31,mal--ran_orchestration--star--n20--control_plane_worm--r2,0,0.0842398,0.39000000000000007,0,0
ran_orchestration,31,mal--ran_orchestration--star--n20--exfiltration_propagation--r5,0,0.38403764,0.39000000000000007,0,0
ran_orchestration,31,mal--ran_orchestration--star--n20--recovery_poisoning--r2,0,0.18157144,0.39000000000000007,0,0
ran_orchestration,31,mal--ran_orchestration--star--n20--recovery_poisoning--r6,1,0.94509727,0.39000000000000007,1,1
ran_orchestration,31,mal--ran_orchestration--star--n20--recovery_poisoning--r6,0,0.23651159,0.39000000000000007,0,0
ran_orchestration,31,mal--ran_orchestration--star--n20--slice_takeover--r3,1,0.9925006,0.39000000000000007,1,1
ran_orchestration,31,mal--ran_orchestration--star--n20--slice_takeover--r3,0,0.73967725,0.39000000000000007,1,1
ran_orchestration,31,mal--ran_orchestration--star--n4--control_plane_worm--r1,1,0.9948755,0.39000000000000007,1,1
ran_orchestration,31,mal--ran_orchestration--star--n4--control_plane_worm--r1,0,0.78006744,0.39000000000000007,1,1
ran_orchestration,31,mal--ran_orchestration--star--n4--control_plane_worm--r1,0,0.6152252,0.39000000000000007,1,1
ran_orchestration,31,mal--ran_orchestration--star--n4--exfiltration_propagation--r4,1,0.9947515,0.39000000000000007,1,1
ran_orchestration,31,mal--ran_orchestration--star--n4--exfiltration_propagation--r4,1,0.33277243,0.39000000000000007,0,0
ran_orchestration,31,mal--ran_orchestration--star--n4--exfiltration_propagation--r4,0,0.015753428,0.39000000000000007,0,0
ran_orchestration,31,mal--ran_orchestration--star--n4--guard_suppression--r3,1,0.75913686,0.39000000000000007,1,1
ran_orchestration,31,mal--ran_orchestration--star--n4--guard_suppression--r3,1,0.3275712,0.39000000000000007,0,0
ran_orchestration,31,mal--ran_orchestration--star--n4--guard_suppression--r3,0,0.050029762,0.39000000000000007,0,0
ran_orchestration,31,mal--ran_orchestration--star--n4--recovery_poisoning--r5,1,0.9808884,0.39000000000000007,1,1
ran_orchestration,31,mal--ran_orchestration--star--n4--recovery_poisoning--r5,0,0.237416,0.39000000000000007,0,0
ran_orchestration,31,mal--ran_orchestration--star--n4--recovery_poisoning--r5,0,0.14423518,0.39000000000000007,0,0
ran_orchestration,31,mal--ran_orchestration--star--n4--slice_takeover--r2,1,0.99277735,0.39000000000000007,1,1
ran_orchestration,31,mal--ran_orchestration--star--n4--slice_takeover--r2,0,0.38702416,0.39000000000000007,0,0
ran_orchestration,31,mal--ran_orchestration--star--n8--control_plane_worm--r5,1,0.99253196,0.39000000000000007,1,1
ran_orchestration,31,mal--ran_orchestration--star--n8--control_plane_worm--r5,0,0.255621,0.39000000000000007,0,0
ran_orchestration,31,mal--ran_orchestration--star--n8--control_plane_worm--r5,0,0.005354639,0.39000000000000007,0,0
ran_orchestration,31,mal--ran_orchestration--star--n8--exfiltration_propagation--r3,1,0.9966749,0.39000000000000007,1,1
ran_orchestration,31,mal--ran_orchestration--star--n8--exfiltration_propagation--r3,1,0.2826533,0.39000000000000007,0,0
ran_orchestration,31,mal--ran_orchestration--star--n8--exfiltration_propagation--r3,0,0.024612945,0.39000000000000007,0,0
ran_orchestration,43,benign--ran_orchestration--chain--n10--containment_drill--r4,0,0.011617011,0.33,0,0
ran_orchestration,43,benign--ran_orchestration--chain--n10--containment_drill--r4,0,0.0046830894,0.33,0,0
ran_orchestration,43,benign--ran_orchestration--chain--n10--containment_drill--r4,0,0.0025267955,0.33,0,0
ran_orchestration,43,benign--ran_orchestration--chain--n10--containment_drill--r4,0,0.0016945862,0.33,0,0
ran_orchestration,43,benign--ran_orchestration--chain--n10--maintenance_notice--r6,0,0.016345149,0.33,0,0
ran_orchestration,43,benign--ran_orchestration--chain--n10--maintenance_notice--r6,0,0.008323202,0.33,0,0
ran_orchestration,43,benign--ran_orchestration--chain--n10--routine_update--r1,0,0.012190601,0.33,0,0
ran_orchestration,43,benign--ran_orchestration--chain--n10--routine_update--r1,0,0.001992501,0.33,0,0
ran_orchestration,43,benign--ran_orchestration--chain--n10--routine_update--r5,0,0.0432715,0.33,0,0
ran_orchestration,43,benign--ran_orchestration--chain--n10--routine_update--r5,0,0.048558705,0.33,0,0
ran_orchestration,43,benign--ran_orchestration--chain--n15--containment_drill--r2,0,0.033231724,0.33,0,0
ran_orchestration,43,benign--ran_orchestration--chain--n15--containment_drill--r2,0,0.0038324802,0.33,0,0
ran_orchestration,43,benign--ran_orchestration--chain--n15--containment_drill--r2,0,0.027446887,0.33,0,0
ran_orchestration,43,benign--ran_orchestration--chain--n15--containment_drill--r2,0,0.02390335,0.33,0,0
ran_orchestration,43,benign--ran_orchestration--chain--n15--maintenance_notice--r4,0,0.0064505073,0.33,0,0
ran_orchestration,43,benign--ran_orchestration--chain--n15--maintenance_notice--r4,0,0.010617626,0.33,0,0
ran_orchestration,43,benign--ran_orchestration--chain--n15--maintenance_notice--r4,0,0.06023791,0.33,0,0
ran_orchestration,43,benign--ran_orchestration--chain--n15--maintenance_notice--r4,0,0.055023942,0.33,0,0
ran_orchestration,43,benign--ran_orchestration--chain--n20--containment_drill--r4,0,0.005237177,0.33,0,0
ran_orchestration,43,benign--ran_orchestration--chain--n20--maintenance_notice--r6,0,0.003942258,0.33,0,0
ran_orchestration,43,benign--ran_orchestration--chain--n20--maintenance_notice--r6,0,0.005645403,0.33,0,0
ran_orchestration,43,benign--ran_orchestration--chain--n20--maintenance_notice--r6,0,0.009268863,0.33,0,0
ran_orchestration,43,benign--ran_orchestration--chain--n20--quoted_attack_review--r3,0,0.002155291,0.33,0,0
ran_orchestration,43,benign--ran_orchestration--chain--n20--quoted_attack_review--r3,0,0.0007674244,0.33,0,0
ran_orchestration,43,benign--ran_orchestration--chain--n20--quoted_attack_review--r3,0,0.0012609113,0.33,0,0
ran_orchestration,43,benign--ran_orchestration--chain--n4--containment_drill--r4,0,0.007326859,0.33,0,0
ran_orchestration,43,benign--ran_orchestration--chain--n4--containment_drill--r4,0,0.0117976675,0.33,0,0
ran_orchestration,43,benign--ran_orchestration--chain--n4--containment_drill--r4,0,0.0023687524,0.33,0,0
ran_orchestration,43,benign--ran_orchestration--chain--n4--maintenance_notice--r2,0,0.018752957,0.33,0,0
ran_orchestration,43,benign--ran_orchestration--chain--n4--routine_update--r1,0,0.29125673,0.33,0,0
ran_orchestration,43,benign--ran_orchestration--chain--n4--routine_update--r1,0,0.73393905,0.33,1,1
ran_orchestration,43,benign--ran_orchestration--chain--n4--routine_update--r5,0,0.033012517,0.33,0,0
ran_orchestration,43,benign--ran_orchestration--chain--n8--containment_drill--r2,0,0.0032929073,0.33,0,0
ran_orchestration,43,benign--ran_orchestration--chain--n8--quoted_attack_review--r5,0,0.00088957424,0.33,0,0
ran_orchestration,43,benign--ran_orchestration--chain--n8--routine_update--r3,0,0.009483182,0.33,0,0
ran_orchestration,43,benign--ran_orchestration--chain--n8--routine_update--r3,0,0.07226443,0.33,0,0
ran_orchestration,43,benign--ran_orchestration--chain--n8--routine_update--r3,0,0.014376463,0.33,0,0
ran_orchestration,43,benign--ran_orchestration--mesh_lite--n10--maintenance_notice--r4,0,0.016669214,0.33,0,0
ran_orchestration,43,benign--ran_orchestration--mesh_lite--n10--maintenance_notice--r4,0,0.0010457549,0.33,0,0
ran_orchestration,43,benign--ran_orchestration--mesh_lite--n15--maintenance_notice--r6,0,0.030150596,0.33,0,0
ran_orchestration,43,benign--ran_orchestration--mesh_lite--n15--maintenance_notice--r6,0,0.0031531055,0.33,0,0
ran_orchestration,43,benign--ran_orchestration--mesh_lite--n15--routine_update--r1,0,0.021864556,0.33,0,0
ran_orchestration,43,benign--ran_orchestration--mesh_lite--n20--containment_drill--r2,0,0.008086062,0.33,0,0
ran_orchestration,43,benign--ran_orchestration--mesh_lite--n20--containment_drill--r6,0,0.006025515,0.33,0,0
ran_orchestration,43,benign--ran_orchestration--mesh_lite--n20--containment_drill--r6,0,0.0029062955,0.33,0,0
ran_orchestration,43,benign--ran_orchestration--mesh_lite--n20--containment_drill--r6,0,0.0027716744,0.33,0,0
ran_orchestration,43,benign--ran_orchestration--mesh_lite--n20--maintenance_notice--r4,0,0.0786567,0.33,0,0
ran_orchestration,43,benign--ran_orchestration--mesh_lite--n20--maintenance_notice--r4,0,0.18219887,0.33,0,0
ran_orchestration,43,benign--ran_orchestration--mesh_lite--n20--maintenance_notice--r4,0,0.002904,0.33,0,0
ran_orchestration,43,benign--ran_orchestration--mesh_lite--n20--quoted_attack_review--r5,0,0.029915389,0.33,0,0
ran_orchestration,43,benign--ran_orchestration--mesh_lite--n20--quoted_attack_review--r5,0,0.0033600368,0.33,0,0
ran_orchestration,43,benign--ran_orchestration--mesh_lite--n20--quoted_attack_review--r5,0,0.016185064,0.33,0,0
ran_orchestration,43,benign--ran_orchestration--mesh_lite--n20--quoted_attack_review--r5,0,0.0084287925,0.33,0,0
ran_orchestration,43,benign--ran_orchestration--mesh_lite--n20--quoted_attack_review--r5,0,0.05587818,0.33,0,0
ran_orchestration,43,benign--ran_orchestration--mesh_lite--n20--quoted_attack_review--r5,0,0.007165967,0.33,0,0
ran_orchestration,43,benign--ran_orchestration--mesh_lite--n20--quoted_attack_review--r5,0,0.645481,0.33,1,1
ran_orchestration,43,benign--ran_orchestration--mesh_lite--n20--quoted_attack_review--r5,0,0.005763202,0.33,0,0
ran_orchestration,43,benign--ran_orchestration--mesh_lite--n4--containment_drill--r2,0,0.0016025588,0.33,0,0
ran_orchestration,43,benign--ran_orchestration--mesh_lite--n4--containment_drill--r6,0,0.01328079,0.33,0,0
ran_orchestration,43,benign--ran_orchestration--mesh_lite--n4--containment_drill--r6,0,0.0066200416,0.33,0,0
ran_orchestration,43,benign--ran_orchestration--mesh_lite--n4--maintenance_notice--r4,0,0.02146334,0.33,0,0
ran_orchestration,43,benign--ran_orchestration--mesh_lite--n8--containment_drill--r4,0,0.030636925,0.33,0,0
ran_orchestration,43,benign--ran_orchestration--mesh_lite--n8--containment_drill--r4,0,0.046586,0.33,0,0
ran_orchestration,43,benign--ran_orchestration--mesh_lite--n8--containment_drill--r4,0,0.0073935003,0.33,0,0
ran_orchestration,43,benign--ran_orchestration--mesh_lite--n8--containment_drill--r4,0,0.0044008316,0.33,0,0
ran_orchestration,43,benign--ran_orchestration--mesh_lite--n8--containment_drill--r4,0,0.011013987,0.33,0,0
ran_orchestration,43,benign--ran_orchestration--mesh_lite--n8--containment_drill--r4,0,0.0060339286,0.33,0,0
ran_orchestration,43,benign--ran_orchestration--mesh_lite--n8--containment_drill--r4,0,0.009174589,0.33,0,0
ran_orchestration,43,benign--ran_orchestration--mesh_lite--n8--containment_drill--r4,0,0.014234324,0.33,0,0
ran_orchestration,43,benign--ran_orchestration--mesh_lite--n8--maintenance_notice--r2,0,0.0027863148,0.33,0,0
ran_orchestration,43,benign--ran_orchestration--random_min_degree--n10--containment_drill--r4,0,0.0019177756,0.33,0,0
ran_orchestration,43,benign--ran_orchestration--random_min_degree--n10--maintenance_notice--r2,0,0.01737411,0.33,0,0
ran_orchestration,43,benign--ran_orchestration--random_min_degree--n10--maintenance_notice--r2,0,0.00919359,0.33,0,0
ran_orchestration,43,benign--ran_orchestration--random_min_degree--n10--maintenance_notice--r2,0,0.009798337,0.33,0,0
ran_orchestration,43,benign--ran_orchestration--random_min_degree--n10--maintenance_notice--r2,0,0.005593438,0.33,0,0
ran_orchestration,43,benign--ran_orchestration--random_min_degree--n10--maintenance_notice--r6,0,0.009697929,0.33,0,0
ran_orchestration,43,benign--ran_orchestration--random_min_degree--n10--maintenance_notice--r6,0,0.01744326,0.33,0,0
ran_orchestration,43,benign--ran_orchestration--random_min_degree--n10--maintenance_notice--r6,0,0.0135075115,0.33,0,0
ran_orchestration,43,benign--ran_orchestration--random_min_degree--n10--maintenance_notice--r6,0,0.004020843,0.33,0,0
ran_orchestration,43,benign--ran_orchestration--random_min_degree--n10--routine_update--r1,0,0.32796988,0.33,0,0
ran_orchestration,43,benign--ran_orchestration--random_min_degree--n10--routine_update--r1,0,0.039977547,0.33,0,0
ran_orchestration,43,benign--ran_orchestration--random_min_degree--n10--routine_update--r1,0,0.33601302,0.33,1,0
ran_orchestration,43,benign--ran_orchestration--random_min_degree--n10--routine_update--r1,0,0.008180432,0.33,0,0
ran_orchestration,43,benign--ran_orchestration--random_min_degree--n10--routine_update--r5,0,0.0038000494,0.33,0,0
ran_orchestration,43,benign--ran_orchestration--random_min_degree--n10--routine_update--r5,0,0.0036198879,0.33,0,0
ran_orchestration,43,benign--ran_orchestration--random_min_degree--n15--containment_drill--r2,0,0.0022046503,0.33,0,0
ran_orchestration,43,benign--ran_orchestration--random_min_degree--n15--containment_drill--r6,0,0.0070819994,0.33,0,0
ran_orchestration,43,benign--ran_orchestration--random_min_degree--n15--containment_drill--r6,0,0.002658972,0.33,0,0
ran_orchestration,43,benign--ran_orchestration--random_min_degree--n15--containment_drill--r6,0,0.004180735,0.33,0,0
ran_orchestration,43,benign--ran_orchestration--random_min_degree--n15--containment_drill--r6,0,0.0015086355,0.33,0,0
ran_orchestration,43,benign--ran_orchestration--random_min_degree--n15--containment_drill--r6,0,0.0047648908,0.33,0,0
ran_orchestration,43,benign--ran_orchestration--random_min_degree--n15--quoted_attack_review--r5,0,0.0010509765,0.33,0,0
ran_orchestration,43,benign--ran_orchestration--random_min_degree--n15--routine_update--r3,0,0.052188635,0.33,0,0
ran_orchestration,43,benign--ran_orchestration--random_min_degree--n20--containment_drill--r4,0,0.03219927,0.33,0,0
ran_orchestration,43,benign--ran_orchestration--random_min_degree--n20--containment_drill--r4,0,0.0016080339,0.33,0,0
ran_orchestration,43,benign--ran_orchestration--random_min_degree--n20--containment_drill--r4,0,0.0024342025,0.33,0,0
ran_orchestration,43,benign--ran_orchestration--random_min_degree--n20--containment_drill--r4,0,0.0014077331,0.33,0,0
ran_orchestration,43,benign--ran_orchestration--random_min_degree--n20--maintenance_notice--r2,0,0.0100567015,0.33,0,0
ran_orchestration,43,benign--ran_orchestration--random_min_degree--n20--quoted_attack_review--r3,0,0.0013365389,0.33,0,0
ran_orchestration,43,benign--ran_orchestration--random_min_degree--n20--quoted_attack_review--r3,0,0.0013207664,0.33,0,0
ran_orchestration,43,benign--ran_orchestration--random_min_degree--n20--quoted_attack_review--r3,0,0.0029652694,0.33,0,0
ran_orchestration,43,benign--ran_orchestration--random_min_degree--n20--quoted_attack_review--r3,0,0.0020542939,0.33,0,0
ran_orchestration,43,benign--ran_orchestration--random_min_degree--n20--quoted_attack_review--r3,0,0.003190901,0.33,0,0
ran_orchestration,43,benign--ran_orchestration--random_min_degree--n20--quoted_attack_review--r3,0,0.0036097376,0.33,0,0
ran_orchestration,43,benign--ran_orchestration--random_min_degree--n20--routine_update--r1,0,0.111061625,0.33,0,0
ran_orchestration,43,benign--ran_orchestration--random_min_degree--n20--routine_update--r1,0,0.010982115,0.33,0,0
ran_orchestration,43,benign--ran_orchestration--random_min_degree--n20--routine_update--r1,0,0.09069578,0.33,0,0
ran_orchestration,43,benign--ran_orchestration--random_min_degree--n20--routine_update--r1,0,0.028844474,0.33,0,0
ran_orchestration,43,benign--ran_orchestration--random_min_degree--n20--routine_update--r5,0,0.037052892,0.33,0,0
ran_orchestration,43,benign--ran_orchestration--random_min_degree--n20--routine_update--r5,0,0.24110827,0.33,0,0
ran_orchestration,43,benign--ran_orchestration--random_min_degree--n4--containment_drill--r4,0,0.0026147894,0.33,0,0
ran_orchestration,43,benign--ran_orchestration--random_min_degree--n4--maintenance_notice--r2,0,0.0072776345,0.33,0,0
ran_orchestration,43,benign--ran_orchestration--random_min_degree--n4--quoted_attack_review--r3,0,0.005102207,0.33,0,0
ran_orchestration,43,benign--ran_orchestration--random_min_degree--n4--quoted_attack_review--r3,0,0.0077349083,0.33,0,0
ran_orchestration,43,benign--ran_orchestration--random_min_degree--n4--quoted_attack_review--r3,0,0.006269558,0.33,0,0
ran_orchestration,43,benign--ran_orchestration--random_min_degree--n4--quoted_attack_review--r3,0,0.019800436,0.33,0,0
ran_orchestration,43,benign--ran_orchestration--random_min_degree--n4--routine_update--r1,0,0.11901783,0.33,0,0
ran_orchestration,43,benign--ran_orchestration--random_min_degree--n4--routine_update--r1,0,0.19190782,0.33,0,0
ran_orchestration,43,benign--ran_orchestration--random_min_degree--n4--routine_update--r1,0,0.1318433,0.33,0,0
ran_orchestration,43,benign--ran_orchestration--random_min_degree--n4--routine_update--r1,0,0.2971677,0.33,0,0
ran_orchestration,43,benign--ran_orchestration--random_min_degree--n4--routine_update--r1,0,0.32326326,0.33,0,0
ran_orchestration,43,benign--ran_orchestration--random_min_degree--n4--routine_update--r1,0,0.005270356,0.33,0,0
ran_orchestration,43,benign--ran_orchestration--random_min_degree--n4--routine_update--r5,0,0.045214005,0.33,0,0
ran_orchestration,43,benign--ran_orchestration--random_min_degree--n4--routine_update--r5,0,0.04509659,0.33,0,0
ran_orchestration,43,benign--ran_orchestration--random_min_degree--n8--containment_drill--r2,0,0.0014601592,0.33,0,0
ran_orchestration,43,benign--ran_orchestration--random_min_degree--n8--containment_drill--r6,0,0.005567659,0.33,0,0
ran_orchestration,43,benign--ran_orchestration--random_min_degree--n8--routine_update--r3,0,0.15282747,0.33,0,0
ran_orchestration,43,benign--ran_orchestration--random_min_degree--n8--routine_update--r3,0,0.017417984,0.33,0,0
ran_orchestration,43,benign--ran_orchestration--random_min_degree--n8--routine_update--r3,0,0.2977707,0.33,0,0
ran_orchestration,43,benign--ran_orchestration--random_min_degree--n8--routine_update--r3,0,0.031460505,0.33,0,0
ran_orchestration,43,benign--ran_orchestration--random_min_degree--n8--routine_update--r3,0,0.0020380197,0.33,0,0
ran_orchestration,43,benign--ran_orchestration--ring--n10--containment_drill--r4,0,0.0035839565,0.33,0,0
ran_orchestration,43,benign--ran_orchestration--ring--n10--maintenance_notice--r2,0,0.0015866532,0.33,0,0
ran_orchestration,43,benign--ran_orchestration--ring--n10--maintenance_notice--r6,0,0.015598087,0.33,0,0
ran_orchestration,43,benign--ran_orchestration--ring--n10--maintenance_notice--r6,0,0.0024913847,0.33,0,0
ran_orchestration,43,benign--ran_orchestration--ring--n10--maintenance_notice--r6,0,0.0028260842,0.33,0,0
ran_orchestration,43,benign--ran_orchestration--ring--n10--routine_update--r1,0,0.09513779,0.33,0,0
ran_orchestration,43,benign--ran_orchestration--ring--n15--containment_drill--r2,0,0.0016415641,0.33,0,0
ran_orchestration,43,benign--ran_orchestration--ring--n15--containment_drill--r6,0,0.00341974,0.33,0,0
ran_orchestration,43,benign--ran_orchestration--ring--n15--maintenance_notice--r4,0,0.011723583,0.33,0,0
ran_orchestration,43,benign--ran_orchestration--ring--n15--maintenance_notice--r4,0,0.006666957,0.33,0,0
ran_orchestration,43,benign--ran_orchestration--ring--n15--maintenance_notice--r4,0,0.109080814,0.33,0,0
ran_orchestration,43,benign--ran_orchestration--ring--n15--maintenance_notice--r4,0,0.016877647,0.33,0,0
ran_orchestration,43,benign--ran_orchestration--ring--n15--maintenance_notice--r4,0,0.017985022,0.33,0,0
ran_orchestration,43,benign--ran_orchestration--ring--n15--routine_update--r3,0,0.0209082,0.33,0,0
ran_orchestration,43,benign--ran_orchestration--ring--n15--routine_update--r3,0,0.4351363,0.33,1,0
ran_orchestration,43,benign--ran_orchestration--ring--n20--containment_drill--r4,0,0.004863317,0.33,0,0
ran_orchestration,43,benign--ran_orchestration--ring--n20--containment_drill--r4,0,0.0024256364,0.33,0,0
ran_orchestration,43,benign--ran_orchestration--ring--n20--maintenance_notice--r2,0,0.01686119,0.33,0,0
ran_orchestration,43,benign--ran_orchestration--ring--n20--maintenance_notice--r2,0,0.027583083,0.33,0,0
ran_orchestration,43,benign--ran_orchestration--ring--n20--maintenance_notice--r2,0,0.0053225304,0.33,0,0
ran_orchestration,43,benign--ran_orchestration--ring--n20--maintenance_notice--r6,0,0.18891978,0.33,0,0
ran_orchestration,43,benign--ran_orchestration--ring--n20--quoted_attack_review--r3,0,0.0026599548,0.33,0,0
ran_orchestration,43,benign--ran_orchestration--ring--n20--quoted_attack_review--r3,0,0.0006064397,0.33,0,0
ran_orchestration,43,benign--ran_orchestration--ring--n20--quoted_attack_review--r3,0,0.0020188065,0.33,0,0
ran_orchestration,43,benign--ran_orchestration--ring--n20--routine_update--r1,0,0.06479636,0.33,0,0
ran_orchestration,43,benign--ran_orchestration--ring--n20--routine_update--r1,0,0.012498754,0.33,0,0
ran_orchestration,43,benign--ran_orchestration--ring--n20--routine_update--r5,0,0.01278104,0.33,0,0
ran_orchestration,43,benign--ran_orchestration--ring--n4--containment_drill--r4,0,0.0028298225,0.33,0,0
ran_orchestration,43,benign--ran_orchestration--ring--n4--maintenance_notice--r2,0,0.0042025433,0.33,0,0
ran_orchestration,43,benign--ran_orchestration--ring--n4--routine_update--r1,0,0.14624985,0.33,0,0
ran_orchestration,43,benign--ran_orchestration--ring--n4--routine_update--r5,0,0.038944557,0.33,0,0
ran_orchestration,43,benign--ran_orchestration--ring--n4--routine_update--r5,0,0.105815955,0.33,0,0
ran_orchestration,43,benign--ran_orchestration--ring--n4--routine_update--r5,0,0.09533965,0.33,0,0
ran_orchestration,43,benign--ran_orchestration--ring--n8--containment_drill--r2,0,0.009522387,0.33,0,0
ran_orchestration,43,benign--ran_orchestration--ring--n8--containment_drill--r2,0,0.018187614,0.33,0,0
ran_orchestration,43,benign--ran_orchestration--ring--n8--containment_drill--r2,0,0.037060093,0.33,0,0
ran_orchestration,43,benign--ran_orchestration--ring--n8--containment_drill--r2,0,0.0027509348,0.33,0,0
ran_orchestration,43,benign--ran_orchestration--ring--n8--containment_drill--r2,0,0.0061798594,0.33,0,0
ran_orchestration,43,benign--ran_orchestration--ring--n8--containment_drill--r2,0,0.0031505781,0.33,0,0
ran_orchestration,43,benign--ran_orchestration--ring--n8--containment_drill--r6,0,0.0049054734,0.33,0,0
ran_orchestration,43,benign--ran_orchestration--ring--n8--containment_drill--r6,0,0.0035280436,0.33,0,0
ran_orchestration,43,benign--ran_orchestration--ring--n8--containment_drill--r6,0,0.002953829,0.33,0,0
ran_orchestration,43,benign--ran_orchestration--ring--n8--containment_drill--r6,0,0.0026708408,0.33,0,0
ran_orchestration,43,benign--ran_orchestration--ring--n8--containment_drill--r6,0,0.0021633685,0.33,0,0
ran_orchestration,43,benign--ran_orchestration--ring--n8--quoted_attack_review--r5,0,0.007132871,0.33,0,0
ran_orchestration,43,benign--ran_orchestration--ring--n8--quoted_attack_review--r5,0,0.0010928639,0.33,0,0
ran_orchestration,43,benign--ran_orchestration--ring--n8--routine_update--r3,0,0.0048661195,0.33,0,0
ran_orchestration,43,benign--ran_orchestration--ring--n8--routine_update--r3,0,0.03244575,0.33,0,0
ran_orchestration,43,benign--ran_orchestration--ring--n8--routine_update--r3,0,0.23935337,0.33,0,0
ran_orchestration,43,benign--ran_orchestration--ring--n8--routine_update--r3,0,0.012033995,0.33,0,0
ran_orchestration,43,benign--ran_orchestration--star--n10--containment_drill--r2,0,0.0021159842,0.33,0,0
ran_orchestration,43,benign--ran_orchestration--star--n10--containment_drill--r6,0,0.0026261404,0.33,0,0
ran_orchestration,43,benign--ran_orchestration--star--n10--containment_drill--r6,0,0.009397623,0.33,0,0
ran_orchestration,43,benign--ran_orchestration--star--n10--containment_drill--r6,0,0.0057497774,0.33,0,0
ran_orchestration,43,benign--ran_orchestration--star--n10--maintenance_notice--r4,0,0.0017096326,0.33,0,0
ran_orchestration,43,benign--ran_orchestration--star--n10--routine_update--r3,0,0.0077099996,0.33,0,0
ran_orchestration,43,benign--ran_orchestration--star--n10--routine_update--r3,0,0.0050462494,0.33,0,0
ran_orchestration,43,benign--ran_orchestration--star--n15--containment_drill--r4,0,0.0022754485,0.33,0,0
ran_orchestration,43,benign--ran_orchestration--star--n15--maintenance_notice--r2,0,0.0009391302,0.33,0,0
ran_orchestration,43,benign--ran_orchestration--star--n15--maintenance_notice--r6,0,0.03952991,0.33,0,0
ran_orchestration,43,benign--ran_orchestration--star--n15--maintenance_notice--r6,0,0.0033211682,0.33,0,0
ran_orchestration,43,benign--ran_orchestration--star--n15--maintenance_notice--r6,0,0.0014260325,0.33,0,0
ran_orchestration,43,benign--ran_orchestration--star--n15--routine_update--r1,0,0.010985114,0.33,0,0
ran_orchestration,43,benign--ran_orchestration--star--n15--routine_update--r1,0,0.032783087,0.33,0,0
ran_orchestration,43,benign--ran_orchestration--star--n20--containment_drill--r2,0,0.00232299,0.33,0,0
ran_orchestration,43,benign--ran_orchestration--star--n20--containment_drill--r6,0,0.0065116873,0.33,0,0
ran_orchestration,43,benign--ran_orchestration--star--n20--quoted_attack_review--r1,0,0.004856825,0.33,0,0
ran_orchestration,43,benign--ran_orchestration--star--n20--quoted_attack_review--r1,0,0.0068762284,0.33,0,0
ran_orchestration,43,benign--ran_orchestration--star--n20--quoted_attack_review--r5,0,0.011004376,0.33,0,0
ran_orchestration,43,benign--ran_orchestration--star--n20--routine_update--r3,0,0.016115677,0.33,0,0
ran_orchestration,43,benign--ran_orchestration--star--n20--routine_update--r3,0,0.017740654,0.33,0,0
ran_orchestration,43,benign--ran_orchestration--star--n20--routine_update--r3,0,0.016470693,0.33,0,0
ran_orchestration,43,benign--ran_orchestration--star--n4--containment_drill--r2,0,0.0016841375,0.33,0,0
ran_orchestration,43,benign--ran_orchestration--star--n4--containment_drill--r6,0,0.0028196818,0.33,0,0
ran_orchestration,43,benign--ran_orchestration--star--n8--containment_drill--r4,0,0.006435974,0.33,0,0
ran_orchestration,43,benign--ran_orchestration--star--n8--containment_drill--r4,0,0.005269271,0.33,0,0
ran_orchestration,43,benign--ran_orchestration--star--n8--containment_drill--r4,0,0.00123714,0.33,0,0
ran_orchestration,43,benign--ran_orchestration--star--n8--maintenance_notice--r2,0,0.0060702334,0.33,0,0
ran_orchestration,43,benign--ran_orchestration--star--n8--maintenance_notice--r6,0,0.008828154,0.33,0,0
ran_orchestration,43,benign--ran_orchestration--star--n8--maintenance_notice--r6,0,0.021908522,0.33,0,0
ran_orchestration,43,benign--ran_orchestration--star--n8--quoted_attack_review--r3,0,0.004644001,0.33,0,0
ran_orchestration,43,benign--ran_orchestration--star--n8--quoted_attack_review--r3,0,0.0039952504,0.33,0,0
ran_orchestration,43,benign--ran_orchestration--star--n8--routine_update--r1,0,0.77038646,0.33,1,1
ran_orchestration,43,benign--ran_orchestration--star--n8--routine_update--r1,0,0.06985369,0.33,0,0
ran_orchestration,43,benign--ran_orchestration--star--n8--routine_update--r5,0,0.003754834,0.33,0,0
ran_orchestration,43,mal--ran_orchestration--chain--n10--exfiltration_propagation--r2,1,0.99505097,0.33,1,1
ran_orchestration,43,mal--ran_orchestration--chain--n10--exfiltration_propagation--r2,0,0.989764,0.33,1,1
ran_orchestration,43,mal--ran_orchestration--chain--n10--exfiltration_propagation--r2,0,0.28960472,0.33,0,0
ran_orchestration,43,mal--ran_orchestration--chain--n10--exfiltration_propagation--r2,0,0.0020356935,0.33,0,0
ran_orchestration,43,mal--ran_orchestration--chain--n10--guard_suppression--r1,1,0.23946972,0.33,0,0
ran_orchestration,43,mal--ran_orchestration--chain--n10--guard_suppression--r1,0,0.0038085426,0.33,0,0
ran_orchestration,43,mal--ran_orchestration--chain--n10--recovery_poisoning--r1,1,0.9848433,0.33,1,1
ran_orchestration,43,mal--ran_orchestration--chain--n10--recovery_poisoning--r1,1,0.94189876,0.33,1,1
ran_orchestration,43,mal--ran_orchestration--chain--n10--recovery_poisoning--r1,1,0.59424853,0.33,1,1
ran_orchestration,43,mal--ran_orchestration--chain--n10--recovery_poisoning--r3,1,0.99441105,0.33,1,1
ran_orchestration,43,mal--ran_orchestration--chain--n10--recovery_poisoning--r3,1,0.96229476,0.33,1,1
ran_orchestration,43,mal--ran_orchestration--chain--n10--recovery_poisoning--r3,0,0.015814273,0.33,0,0
ran_orchestration,43,mal--ran_orchestration--chain--n15--control_plane_worm--r3,1,0.983444,0.33,1,1
ran_orchestration,43,mal--ran_orchestration--chain--n15--control_plane_worm--r3,1,0.09492608,0.33,0,0
ran_orchestration,43,mal--ran_orchestration--chain--n15--control_plane_worm--r3,1,0.061470352,0.33,0,0
ran_orchestration,43,mal--ran_orchestration--chain--n15--exfiltration_propagation--r1,1,0.99554527,0.33,1,1
ran_orchestration,43,mal--ran_orchestration--chain--n15--exfiltration_propagation--r1,1,0.99210805,0.33,1,1
ran_orchestration,43,mal--ran_orchestration--chain--n15--guard_suppression--r2,1,0.99596256,0.33,1,1
ran_orchestration,43,mal--ran_orchestration--chain--n15--guard_suppression--r2,0,0.20252003,0.33,0,0
ran_orchestration,43,mal--ran_orchestration--chain--n15--guard_suppression--r2,0,0.024324536,0.33,0,0
ran_orchestration,43,mal--ran_orchestration--chain--n15--guard_suppression--r5,1,0.9863208,0.33,1,1
ran_orchestration,43,mal--ran_orchestration--chain--n15--guard_suppression--r5,1,0.19352151,0.33,0,0
ran_orchestration,43,mal--ran_orchestration--chain--n15--guard_suppression--r5,0,0.0048699123,0.33,0,0
ran_orchestration,43,mal--ran_orchestration--chain--n15--guard_suppression--r5,1,0.71134347,0.33,1,1
ran_orchestration,43,mal--ran_orchestration--chain--n15--guard_suppression--r5,1,0.14480552,0.33,0,0
ran_orchestration,43,mal--ran_orchestration--chain--n15--guard_suppression--r5,1,0.029203752,0.33,0,0
ran_orchestration,43,mal--ran_orchestration--chain--n15--recovery_poisoning--r2,1,0.97767,0.33,1,1
ran_orchestration,43,mal--ran_orchestration--chain--n15--recovery_poisoning--r2,0,0.08597829,0.33,0,0
ran_orchestration,43,mal--ran_orchestration--chain--n15--recovery_poisoning--r2,1,0.84356135,0.33,1,1
ran_orchestration,43,mal--ran_orchestration--chain--n15--recovery_poisoning--r2,0,0.18792365,0.33,0,0
ran_orchestration,43,mal--ran_orchestration--chain--n15--slice_takeover--r4,1,0.9843523,0.33,1,1
ran_orchestration,43,mal--ran_orchestration--chain--n15--slice_takeover--r4,1,0.9074039,0.33,1,1
ran_orchestration,43,mal--ran_orchestration--chain--n15--slice_takeover--r4,0,0.46067065,0.33,1,0
ran_orchestration,43,mal--ran_orchestration--chain--n15--slice_takeover--r4,1,0.98260695,0.33,1,1
ran_orchestration,43,mal--ran_orchestration--chain--n15--slice_takeover--r4,1,0.95734924,0.33,1,1
ran_orchestration,43,mal--ran_orchestration--chain--n15--slice_takeover--r4,1,0.97168905,0.33,1,1
ran_orchestration,43,mal--ran_orchestration--chain--n20--control_plane_worm--r2,1,0.98446375,0.33,1,1
ran_orchestration,43,mal--ran_orchestration--chain--n20--control_plane_worm--r2,1,0.99349254,0.33,1,1
ran_orchestration,43,mal--ran_orchestration--chain--n20--control_plane_worm--r2,0,0.09956266,0.33,0,0
ran_orchestration,43,mal--ran_orchestration--chain--n20--control_plane_worm--r2,0,0.007706473,0.33,0,0
ran_orchestration,43,mal--ran_orchestration--chain--n20--control_plane_worm--r2,0,0.016696466,0.33,0,0
ran_orchestration,43,mal--ran_orchestration--chain--n20--exfiltration_propagation--r1,1,0.99554527,0.33,1,1
ran_orchestration,43,mal--ran_orchestration--chain--n20--exfiltration_propagation--r1,1,0.97690976,0.33,1,1
ran_orchestration,43,mal--ran_orchestration--chain--n20--exfiltration_propagation--r1,1,0.9817591,0.33,1,1
ran_orchestration,43,mal--ran_orchestration--chain--n20--recovery_poisoning--r1,1,0.97726405,0.33,1,1
ran_orchestration,43,mal--ran_orchestration--chain--n20--recovery_poisoning--r1,1,0.8833249,0.33,1,1
ran_orchestration,43,mal--ran_orchestration--chain--n20--recovery_poisoning--r1,1,0.931894,0.33,1,1
ran_orchestration,43,mal--ran_orchestration--chain--n20--recovery_poisoning--r1,1,0.81412816,0.33,1,1
ran_orchestration,43,mal--ran_orchestration--chain--n20--recovery_poisoning--r1,0,0.04638099,0.33,0,0
ran_orchestration,43,mal--ran_orchestration--chain--n20--recovery_poisoning--r2,1,0.9906634,0.33,1,1
ran_orchestration,43,mal--ran_orchestration--chain--n20--recovery_poisoning--r2,0,0.078930564,0.33,0,0
ran_orchestration,43,mal--ran_orchestration--chain--n20--recovery_poisoning--r6,1,0.9868274,0.33,1,1
ran_orchestration,43,mal--ran_orchestration--chain--n20--recovery_poisoning--r6,1,0.09794548,0.33,0,0
ran_orchestration,43,mal--ran_orchestration--chain--n20--recovery_poisoning--r6,0,0.0036171044,0.33,0,0
ran_orchestration,43,mal--ran_orchestration--chain--n20--recovery_poisoning--r6,1,0.98308027,0.33,1,1
ran_orchestration,43,mal--ran_orchestration--chain--n20--slice_takeover--r3,1,0.99694073,0.33,1,1
ran_orchestration,43,mal--ran_orchestration--chain--n20--slice_takeover--r3,0,0.4599238,0.33,1,0
ran_orchestration,43,mal--ran_orchestration--chain--n4--control_plane_worm--r1,1,0.9958497,0.33,1,1
ran_orchestration,43,mal--ran_orchestration--chain--n4--control_plane_worm--r1,0,0.1708265,0.33,0,0
ran_orchestration,43,mal--ran_orchestration--chain--n4--control_plane_worm--r6,1,0.9945498,0.33,1,1
ran_orchestration,43,mal--ran_orchestration--chain--n4--control_plane_worm--r6,0,0.7961956,0.33,1,1
ran_orchestration,43,mal--ran_orchestration--chain--n4--exfiltration_propagation--r4,1,0.93428576,0.33,1,1
ran_orchestration,43,mal--ran_orchestration--chain--n4--exfiltration_propagation--r4,1,0.13625745,0.33,0,0
ran_orchestration,43,mal--ran_orchestration--chain--n4--guard_suppression--r3,1,0.7639213,0.33,1,1
ran_orchestration,43,mal--ran_orchestration--chain--n4--guard_suppression--r3,0,0.021964567,0.33,0,0
ran_orchestration,43,mal--ran_orchestration--chain--n4--guard_suppression--r3,1,0.24382049,0.33,0,0
ran_orchestration,43,mal--ran_orchestration--chain--n4--guard_suppression--r3,0,0.15962198,0.33,0,0
ran_orchestration,43,mal--ran_orchestration--chain--n4--recovery_poisoning--r5,1,0.9886669,0.33,1,1
ran_orchestration,43,mal--ran_orchestration--chain--n4--recovery_poisoning--r5,1,0.98937106,0.33,1,1
ran_orchestration,43,mal--ran_orchestration--chain--n4--recovery_poisoning--r5,1,0.9252599,0.33,1,1
ran_orchestration,43,mal--ran_orchestration--chain--n4--recovery_poisoning--r5,0,0.21202873,0.33,0,0
ran_orchestration,43,mal--ran_orchestration--chain--n4--slice_takeover--r2,1,0.9966043,0.33,1,1
ran_orchestration,43,mal--ran_orchestration--chain--n4--slice_takeover--r2,0,0.10830253,0.33,0,0
ran_orchestration,43,mal--ran_orchestration--chain--n4--slice_takeover--r2,0,0.44521984,0.33,1,0
ran_orchestration,43,mal--ran_orchestration--mesh_lite--n10--recovery_poisoning--r3,0,0.12137464,0.33,0,0
ran_orchestration,43,mal--ran_orchestration--mesh_lite--n10--recovery_poisoning--r3,0,0.18156561,0.33,0,0
ran_orchestration,43,mal--ran_orchestration--mesh_lite--n10--recovery_poisoning--r3,0,0.0043799574,0.33,0,0
ran_orchestration,43,mal--ran_orchestration--mesh_lite--n10--recovery_poisoning--r3,0,0.029495504,0.33,0,0
ran_orchestration,43,mal--ran_orchestration--mesh_lite--n10--recovery_poisoning--r3,0,0.0037990275,0.33,0,0
ran_orchestration,43,mal--ran_orchestration--mesh_lite--n10--recovery_poisoning--r3,0,0.0024985133,0.33,0,0
ran_orchestration,43,mal--ran_orchestration--mesh_lite--n10--recovery_poisoning--r3,0,0.008643438,0.33,0,0
ran_orchestration,43,mal--ran_orchestration--mesh_lite--n10--recovery_poisoning--r3,0,0.0025227498,0.33,0,0
ran_orchestration,43,mal--ran_orchestration--mesh_lite--n15--guard_suppression--r2,0,0.05178122,0.33,0,0
ran_orchestration,43,mal--ran_orchestration--mesh_lite--n15--guard_suppression--r2,0,0.051787622,0.33,0,0
ran_orchestration,43,mal--ran_orchestration--mesh_lite--n15--guard_suppression--r2,0,0.0064714104,0.33,0,0
ran_orchestration,43,mal--ran_orchestration--mesh_lite--n15--guard_suppression--r2,0,0.016671473,0.33,0,0
ran_orchestration,43,mal--ran_orchestration--mesh_lite--n15--guard_suppression--r2,0,0.007195266,0.33,0,0
ran_orchestration,43,mal--ran_orchestration--mesh_lite--n15--guard_suppression--r2,0,0.06958611,0.33,0,0
ran_orchestration,43,mal--ran_orchestration--mesh_lite--n15--guard_suppression--r2,0,0.0060587795,0.33,0,0
ran_orchestration,43,mal--ran_orchestration--mesh_lite--n15--guard_suppression--r2,1,0.9287741,0.33,1,1
ran_orchestration,43,mal--ran_orchestration--mesh_lite--n15--guard_suppression--r5,1,0.9930441,0.33,1,1
ran_orchestration,43,mal--ran_orchestration--mesh_lite--n15--guard_suppression--r5,1,0.8338617,0.33,1,1
ran_orchestration,43,mal--ran_orchestration--mesh_lite--n15--guard_suppression--r5,0,0.06670778,0.33,0,0
ran_orchestration,43,mal--ran_orchestration--mesh_lite--n15--guard_suppression--r5,0,0.024602799,0.33,0,0
ran_orchestration,43,mal--ran_orchestration--mesh_lite--n15--guard_suppression--r5,0,0.27608922,0.33,0,0
ran_orchestration,43,mal--ran_orchestration--mesh_lite--n15--recovery_poisoning--r2,0,0.24443282,0.33,0,0
ran_orchestration,43,mal--ran_orchestration--mesh_lite--n15--recovery_poisoning--r2,0,0.007527459,0.33,0,0
ran_orchestration,43,mal--ran_orchestration--mesh_lite--n15--recovery_poisoning--r2,0,0.0045542284,0.33,0,0
ran_orchestration,43,mal--ran_orchestration--mesh_lite--n15--recovery_poisoning--r2,0,0.0021564264,0.33,0,0
ran_orchestration,43,mal--ran_orchestration--mesh_lite--n15--slice_takeover--r4,1,0.9931901,0.33,1,1
ran_orchestration,43,mal--ran_orchestration--mesh_lite--n15--slice_takeover--r4,0,0.231282,0.33,0,0
ran_orchestration,43,mal--ran_orchestration--mesh_lite--n20--control_plane_worm--r2,1,0.99261075,0.33,1,1
ran_orchestration,43,mal--ran_orchestration--mesh_lite--n20--control_plane_worm--r2,0,0.008084582,0.33,0,0
ran_orchestration,43,mal--ran_orchestration--mesh_lite--n20--control_plane_worm--r2,1,0.99266374,0.33,1,1
ran_orchestration,43,mal--ran_orchestration--mesh_lite--n20--control_plane_worm--r2,0,0.9194055,0.33,1,1
ran_orchestration,43,mal--ran_orchestration--mesh_lite--n20--control_plane_worm--r2,0,0.9717591,0.33,1,1
ran_orchestration,43,mal--ran_orchestration--mesh_lite--n20--control_plane_worm--r2,0,0.4364497,0.33,1,0
ran_orchestration,43,mal--ran_orchestration--mesh_lite--n20--control_plane_worm--r2,0,0.04699557,0.33,0,0
ran_orchestration,43,mal--ran_orchestration--mesh_lite--n20--control_plane_worm--r2,1,0.99475443,0.33,1,1
ran_orchestration,43,mal--ran_orchestration--mesh_lite--n20--exfiltration_propagation--r5,0,0.5982095,0.33,1,1
ran_orchestration,43,mal--ran_orchestration--mesh_lite--n20--exfiltration_propagation--r5,0,0.27542076,0.33,0,0
ran_orchestration,43,mal--ran_orchestration--mesh_lite--n20--exfiltration_propagation--r5,1,0.7060501,0.33,1,1
ran_orchestration,43,mal--ran_orchestration--mesh_lite--n20--exfiltration_propagation--r5,1,0.6643528,0.33,1,1
ran_orchestration,43,mal--ran_orchestration--mesh_lite--n20--exfiltration_propagation--r5,0,0.0076542436,0.33,0,0
ran_orchestration,43,mal--ran_orchestration--mesh_lite--n20--guard_suppression--r4,1,0.986073,0.33,1,1
ran_orchestration,43,mal--ran_orchestration--mesh_lite--n20--guard_suppression--r4,0,0.24983297,0.33,0,0
ran_orchestration,43,mal--ran_orchestration--mesh_lite--n20--guard_suppression--r4,1,0.16727968,0.33,0,0
ran_orchestration,43,mal--ran_orchestration--mesh_lite--n20--guard_suppression--r4,0,0.008187302,0.33,0,0
ran_orchestration,43,mal--ran_orchestration--mesh_lite--n4--exfiltration_propagation--r4,1,0.98719054,0.33,1,1
ran_orchestration,43,mal--ran_orchestration--mesh_lite--n4--exfiltration_propagation--r4,0,0.038306125,0.33,0,0
ran_orchestration,43,mal--ran_orchestration--mesh_lite--n4--exfiltration_propagation--r4,1,0.9736311,0.33,1,1
ran_orchestration,43,mal--ran_orchestration--mesh_lite--n4--exfiltration_propagation--r4,1,0.11124797,0.33,0,0
ran_orchestration,43,mal--ran_orchestration--mesh_lite--n4--exfiltration_propagation--r4,0,0.018370373,0.33,0,0
ran_orchestration,43,mal--ran_orchestration--mesh_lite--n4--exfiltration_propagation--r4,1,0.97804433,0.33,1,1
ran_orchestration,43,mal--ran_orchestration--mesh_lite--n4--exfiltration_propagation--r4,1,0.97676533,0.33,1,1
ran_orchestration,43,mal--ran_orchestration--mesh_lite--n4--exfiltration_propagation--r4,0,0.024407621,0.33,0,0
ran_orchestration,43,mal--ran_orchestration--mesh_lite--n4--exfiltration_propagation--r4,1,0.98293185,0.33,1,1
ran_orchestration,43,mal--ran_orchestration--mesh_lite--n4--exfiltration_propagation--r4,0,0.30830604,0.33,0,0
ran_orchestration,43,mal--ran_orchestration--mesh_lite--n4--slice_takeover--r2,1,0.9973334,0.33,1,1
ran_orchestration,43,mal--ran_orchestration--mesh_lite--n4--slice_takeover--r2,0,0.74367934,0.33,1,1
ran_orchestration,43,mal--ran_orchestration--mesh_lite--n4--slice_takeover--r2,0,0.237539,0.33,0,0
ran_orchestration,43,mal--ran_orchestration--mesh_lite--n4--slice_takeover--r2,0,0.3129348,0.33,0,0
ran_orchestration,43,mal--ran_orchestration--mesh_lite--n4--slice_takeover--r2,0,0.010318965,0.33,0,0
ran_orchestration,43,mal--ran_orchestration--mesh_lite--n4--slice_takeover--r2,0,0.0031435366,0.33,0,0
ran_orchestration,43,mal--ran_orchestration--mesh_lite--n8--exfiltration_propagation--r3,1,0.9967914,0.33,1,1
ran_orchestration,43,mal--ran_orchestration--mesh_lite--n8--exfiltration_propagation--r3,0,0.19437975,0.33,0,0
ran_orchestration,43,mal--ran_orchestration--mesh_lite--n8--exfiltration_propagation--r3,0,0.62660134,0.33,1,1
ran_orchestration,43,mal--ran_orchestration--mesh_lite--n8--slice_takeover--r6,1,0.9799017,0.33,1,1
ran_orchestration,43,mal--ran_orchestration--mesh_lite--n8--slice_takeover--r6,0,0.25138286,0.33,0,0
ran_orchestration,43,mal--ran_orchestration--mesh_lite--n8--slice_takeover--r6,0,0.09649378,0.33,0,0
ran_orchestration,43,mal--ran_orchestration--random_min_degree--n10--control_plane_worm--r4,1,0.9763373,0.33,1,1
ran_orchestration,43,mal--ran_orchestration--random_min_degree--n10--control_plane_worm--r4,0,0.041461866,0.33,0,0
ran_orchestration,43,mal--ran_orchestration--random_min_degree--n10--control_plane_worm--r4,0,0.025787853,0.33,0,0
ran_orchestration,43,mal--ran_orchestration--random_min_degree--n10--control_plane_worm--r4,0,0.0045503387,0.33,0,0
ran_orchestration,43,mal--ran_orchestration--random_min_degree--n10--exfiltration_propagation--r2,1,0.9813737,0.33,1,1
ran_orchestration,43,mal--ran_orchestration--random_min_degree--n10--exfiltration_propagation--r2,0,0.2960014,0.33,0,0
ran_orchestration,43,mal--ran_orchestration--random_min_degree--n10--recovery_poisoning--r3,1,0.9802802,0.33,1,1
ran_orchestration,43,mal--ran_orchestration--random_min_degree--n15--guard_suppression--r2,1,0.99459606,0.33,1,1
ran_orchestration,43,mal--ran_orchestration--random_min_degree--n15--guard_suppression--r2,1,0.9932266,0.33,1,1
ran_orchestration,43,mal--ran_orchestration--random_min_degree--n15--guard_suppression--r2,0,0.29227176,0.33,0,0
ran_orchestration,43,mal--ran_orchestration--random_min_degree--n15--guard_suppression--r2,1,0.9705136,0.33,1,1
ran_orchestration,43,mal--ran_orchestration--random_min_degree--n15--guard_suppression--r2,1,0.9176792,0.33,1,1
ran_orchestration,43,mal--ran_orchestration--random_min_degree--n15--guard_suppression--r2,1,0.13698594,0.33,0,0
ran_orchestration,43,mal--ran_orchestration--random_min_degree--n20--control_plane_worm--r2,1,0.9832018,0.33,1,1
ran_orchestration,43,mal--ran_orchestration--random_min_degree--n20--control_plane_worm--r2,0,0.02079209,0.33,0,0
ran_orchestration,43,mal--ran_orchestration--random_min_degree--n20--control_plane_worm--r2,1,0.7725288,0.33,1,1
ran_orchestration,43,mal--ran_orchestration--random_min_degree--n20--control_plane_worm--r2,1,0.67431575,0.33,1,1
ran_orchestration,43,mal--ran_orchestration--random_min_degree--n20--exfiltration_propagation--r5,0,0.0246486,0.33,0,0
ran_orchestration,43,mal--ran_orchestration--random_min_degree--n20--exfiltration_propagation--r5,0,0.00086972245,0.33,0,0
ran_orchestration,43,mal--ran_orchestration--random_min_degree--n20--recovery_poisoning--r1,1,0.95110637,0.33,1,1
ran_orchestration,43,mal--ran_orchestration--random_min_degree--n20--recovery_poisoning--r1,0,0.01963989,0.33,0,0
ran_orchestration,43,mal--ran_orchestration--random_min_degree--n20--recovery_poisoning--r1,0,0.006687027,0.33,0,0
ran_orchestration,43,mal--ran_orchestration--random_min_degree--n20--recovery_poisoning--r1,0,0.73652947,0.33,1,1
ran_orchestration,43,mal--ran_orchestration--random_min_degree--n20--recovery_poisoning--r1,0,0.17531964,0.33,0,0
ran_orchestration,43,mal--ran_orchestration--random_min_degree--n20--recovery_poisoning--r1,0,0.055763893,0.33,0,0
ran_orchestration,43,mal--ran_orchestration--random_min_degree--n20--recovery_poisoning--r2,1,0.98945755,0.33,1,1
ran_orchestration,43,mal--ran_orchestration--random_min_degree--n20--recovery_poisoning--r2,0,0.31155574,0.33,0,0
ran_orchestration,43,mal--ran_orchestration--random_min_degree--n20--recovery_poisoning--r6,1,0.9924648,0.33,1,1
ran_orchestration,43,mal--ran_orchestration--random_min_degree--n20--recovery_poisoning--r6,0,0.05635001,0.33,0,0
ran_orchestration,43,mal--ran_orchestration--random_min_degree--n20--recovery_poisoning--r6,0,0.0017919955,0.33,0,0
ran_orchestration,43,mal--ran_orchestration--random_min_degree--n4--slice_takeover--r2,1,0.99039286,0.33,1,1
ran_orchestration,43,mal--ran_orchestration--random_min_degree--n4--slice_takeover--r2,1,0.9920873,0.33,1,1
ran_orchestration,43,mal--ran_orchestration--random_min_degree--n4--slice_takeover--r2,0,0.20768224,0.33,0,0
ran_orchestration,43,mal--ran_orchestration--random_min_degree--n4--slice_takeover--r2,1,0.99204004,0.33,1,1
ran_orchestration,43,mal--ran_orchestration--random_min_degree--n4--slice_takeover--r2,1,0.9924143,0.33,1,1
ran_orchestration,43,mal--ran_orchestration--random_min_degree--n4--slice_takeover--r2,0,0.14860365,0.33,0,0
ran_orchestration,43,mal--ran_orchestration--random_min_degree--n8--control_plane_worm--r5,1,0.9936267,0.33,1,1
ran_orchestration,43,mal--ran_orchestration--random_min_degree--n8--control_plane_worm--r5,0,0.0021539028,0.33,0,0
ran_orchestration,43,mal--ran_orchestration--random_min_degree--n8--exfiltration_propagation--r3,1,0.8446472,0.33,1,1
ran_orchestration,43,mal--ran_orchestration--random_min_degree--n8--exfiltration_propagation--r3,1,0.47133577,0.33,1,0
ran_orchestration,43,mal--ran_orchestration--random_min_degree--n8--guard_suppression--r2,1,0.99252653,0.33,1,1
ran_orchestration,43,mal--ran_orchestration--random_min_degree--n8--guard_suppression--r2,1,0.029309776,0.33,0,0
ran_orchestration,43,mal--ran_orchestration--random_min_degree--n8--guard_suppression--r2,1,0.68145084,0.33,1,1
ran_orchestration,43,mal--ran_orchestration--random_min_degree--n8--recovery_poisoning--r4,1,0.87775433,0.33,1,1
ran_orchestration,43,mal--ran_orchestration--random_min_degree--n8--recovery_poisoning--r4,0,0.3214583,0.33,0,0
ran_orchestration,43,mal--ran_orchestration--random_min_degree--n8--recovery_poisoning--r4,1,0.8893848,0.33,1,1
ran_orchestration,43,mal--ran_orchestration--ring--n10--exfiltration_propagation--r2,1,0.99383074,0.33,1,1
ran_orchestration,43,mal--ran_orchestration--ring--n10--exfiltration_propagation--r2,0,0.29341558,0.33,0,0
ran_orchestration,43,mal--ran_orchestration--ring--n10--exfiltration_propagation--r2,1,0.9434452,0.33,1,1
ran_orchestration,43,mal--ran_orchestration--ring--n15--control_plane_worm--r3,1,0.98906684,0.33,1,1
ran_orchestration,43,mal--ran_orchestration--ring--n15--control_plane_worm--r3,1,0.99076533,0.33,1,1
ran_orchestration,43,mal--ran_orchestration--ring--n15--control_plane_worm--r3,0,0.9414869,0.33,1,1
ran_orchestration,43,mal--ran_orchestration--ring--n20--control_plane_worm--r2,1,0.99430436,0.33,1,1
ran_orchestration,43,mal--ran_orchestration--ring--n20--control_plane_worm--r2,0,0.036132693,0.33,0,0
ran_orchestration,43,mal--ran_orchestration--ring--n20--control_plane_worm--r2,0,0.00083153177,0.33,0,0
ran_orchestration,43,mal--ran_orchestration--ring--n20--control_plane_worm--r2,1,0.98853624,0.33,1,1
ran_orchestration,43,mal--ran_orchestration--ring--n20--exfiltration_propagation--r5,1,0.90382063,0.33,1,1
ran_orchestration,43,mal--ran_orchestration--ring--n20--exfiltration_propagation--r5,0,0.031089468,0.33,0,0
ran_orchestration,43,mal--ran_orchestration--ring--n20--recovery_poisoning--r1,1,0.6673991,0.33,1,1
ran_orchestration,43,mal--ran_orchestration--ring--n20--recovery_poisoning--r1,0,0.03746821,0.33,0,0
ran_orchestration,43,mal--ran_orchestration--ring--n20--recovery_poisoning--r2,0,0.01945693,0.33,0,0
ran_orchestration,43,mal--ran_orchestration--ring--n20--recovery_poisoning--r2,1,0.9513218,0.33,1,1
ran_orchestration,43,mal--ran_orchestration--ring--n20--recovery_poisoning--r2,1,0.90567195,0.33,1,1
ran_orchestration,43,mal--ran_orchestration--ring--n20--slice_takeover--r3,1,0.9918207,0.33,1,1
ran_orchestration,43,mal--ran_orchestration--ring--n20--slice_takeover--r3,0,0.50037545,0.33,1,1
ran_orchestration,43,mal--ran_orchestration--ring--n4--control_plane_worm--r6,1,0.9922315,0.33,1,1
ran_orchestration,43,mal--ran_orchestration--ring--n4--control_plane_worm--r6,0,0.9169867,0.33,1,1
ran_orchestration,43,mal--ran_orchestration--ring--n4--control_plane_worm--r6,1,0.955191,0.33,1,1
ran_orchestration,43,mal--ran_orchestration--ring--n4--control_plane_worm--r6,1,0.73903185,0.33,1,1
ran_orchestration,43,mal--ran_orchestration--ring--n4--control_plane_worm--r6,0,0.043848217,0.33,0,0
ran_orchestration,43,mal--ran_orchestration--ring--n8--exfiltration_propagation--r2,1,0.98660374,0.33,1,1
ran_orchestration,43,mal--ran_orchestration--ring--n8--exfiltration_propagation--r2,0,0.7425887,0.33,1,1
ran_orchestration,43,mal--ran_orchestration--ring--n8--exfiltration_propagation--r2,0,0.007447499,0.33,0,0
ran_orchestration,43,mal--ran_orchestration--ring--n8--exfiltration_propagation--r3,1,0.9882846,0.33,1,1
ran_orchestration,43,mal--ran_orchestration--ring--n8--exfiltration_propagation--r3,0,0.025492575,0.33,0,0
ran_orchestration,43,mal--ran_orchestration--ring--n8--exfiltration_propagation--r3,0,0.002787583,0.33,0,0
ran_orchestration,43,mal--ran_orchestration--ring--n8--guard_suppression--r1,1,0.8258283,0.33,1,1
ran_orchestration,43,mal--ran_orchestration--ring--n8--guard_suppression--r1,0,0.034860644,0.33,0,0
ran_orchestration,43,mal--ran_orchestration--star--n10--control_plane_worm--r2,1,0.9837699,0.33,1,1
ran_orchestration,43,mal--ran_orchestration--star--n10--control_plane_worm--r2,1,0.5757236,0.33,1,1
ran_orchestration,43,mal--ran_orchestration--star--n10--exfiltration_propagation--r2,1,0.9925355,0.33,1,1
ran_orchestration,43,mal--ran_orchestration--star--n10--exfiltration_propagation--r2,0,0.8952071,0.33,1,1
ran_orchestration,43,mal--ran_orchestration--star--n10--guard_suppression--r1,1,0.9826781,0.33,1,1
ran_orchestration,43,mal--ran_orchestration--star--n10--guard_suppression--r1,0,0.792431,0.33,1,1
ran_orchestration,43,mal--ran_orchestration--star--n10--guard_suppression--r6,1,0.75235224,0.33,1,1
ran_orchestration,43,mal--ran_orchestration--star--n10--guard_suppression--r6,0,0.01937797,0.33,0,0
ran_orchestration,43,mal--ran_orchestration--star--n15--exfiltration_propagation--r6,1,0.99370956,0.33,1,1
ran_orchestration,43,mal--ran_orchestration--star--n15--exfiltration_propagation--r6,0,0.5584244,0.33,1,1
ran_orchestration,43,mal--ran_orchestration--star--n15--guard_suppression--r2,1,0.9948047,0.33,1,1
ran_orchestration,43,mal--ran_orchestration--star--n15--guard_suppression--r2,0,0.8033173,0.33,1,1
ran_orchestration,43,mal--ran_orchestration--star--n15--recovery_poisoning--r2,1,0.9799155,0.33,1,1
ran_orchestration,43,mal--ran_orchestration--star--n15--recovery_poisoning--r2,0,0.73906213,0.33,1,1
ran_orchestration,43,mal--ran_orchestration--star--n15--slice_takeover--r4,1,0.9686798,0.33,1,1
ran_orchestration,43,mal--ran_orchestration--star--n15--slice_takeover--r4,0,0.30743086,0.33,0,0
ran_orchestration,43,mal--ran_orchestration--star--n20--control_plane_worm--r2,0,0.20476441,0.33,0,0
ran_orchestration,43,mal--ran_orchestration--star--n20--exfiltration_propagation--r5,0,0.18768367,0.33,0,0
ran_orchestration,43,mal--ran_orchestration--star--n20--recovery_poisoning--r2,0,0.32579798,0.33,0,0
ran_orchestration,43,mal--ran_orchestration--star--n20--recovery_poisoning--r6,1,0.9715086,0.33,1,1
ran_orchestration,43,mal--ran_orchestration--star--n20--recovery_poisoning--r6,0,0.258953,0.33,0,0
ran_orchestration,43,mal--ran_orchestration--star--n20--slice_takeover--r3,1,0.9876875,0.33,1,1
ran_orchestration,43,mal--ran_orchestration--star--n20--slice_takeover--r3,0,0.31933436,0.33,0,0
ran_orchestration,43,mal--ran_orchestration--star--n4--control_plane_worm--r1,1,0.98883843,0.33,1,1
ran_orchestration,43,mal--ran_orchestration--star--n4--control_plane_worm--r1,0,0.7854832,0.33,1,1
ran_orchestration,43,mal--ran_orchestration--star--n4--control_plane_worm--r1,0,0.88555926,0.33,1,1
ran_orchestration,43,mal--ran_orchestration--star--n4--exfiltration_propagation--r4,1,0.9909055,0.33,1,1
ran_orchestration,43,mal--ran_orchestration--star--n4--exfiltration_propagation--r4,1,0.4098327,0.33,1,0
ran_orchestration,43,mal--ran_orchestration--star--n4--exfiltration_propagation--r4,0,0.040422402,0.33,0,0
ran_orchestration,43,mal--ran_orchestration--star--n4--guard_suppression--r3,1,0.8819339,0.33,1,1
ran_orchestration,43,mal--ran_orchestration--star--n4--guard_suppression--r3,1,0.29371837,0.33,0,0
ran_orchestration,43,mal--ran_orchestration--star--n4--guard_suppression--r3,0,0.02370369,0.33,0,0
ran_orchestration,43,mal--ran_orchestration--star--n4--recovery_poisoning--r5,1,0.95250165,0.33,1,1
ran_orchestration,43,mal--ran_orchestration--star--n4--recovery_poisoning--r5,0,0.1121152,0.33,0,0
ran_orchestration,43,mal--ran_orchestration--star--n4--recovery_poisoning--r5,0,0.23684071,0.33,0,0
ran_orchestration,43,mal--ran_orchestration--star--n4--slice_takeover--r2,1,0.99347794,0.33,1,1
ran_orchestration,43,mal--ran_orchestration--star--n4--slice_takeover--r2,0,0.512399,0.33,1,1
ran_orchestration,43,mal--ran_orchestration--star--n8--control_plane_worm--r5,1,0.984127,0.33,1,1
ran_orchestration,43,mal--ran_orchestration--star--n8--control_plane_worm--r5,0,0.20092012,0.33,0,0
ran_orchestration,43,mal--ran_orchestration--star--n8--control_plane_worm--r5,0,0.010434805,0.33,0,0
ran_orchestration,43,mal--ran_orchestration--star--n8--exfiltration_propagation--r3,1,0.9935656,0.33,1,1
ran_orchestration,43,mal--ran_orchestration--star--n8--exfiltration_propagation--r3,1,0.4691463,0.33,1,0
ran_orchestration,43,mal--ran_orchestration--star--n8--exfiltration_propagation--r3,0,0.020476386,0.33,0,0
ran_orchestration,59,benign--ran_orchestration--chain--n10--containment_drill--r4,0,0.014346164,0.8200000000000002,0,0
ran_orchestration,59,benign--ran_orchestration--chain--n10--containment_drill--r4,0,0.004344149,0.8200000000000002,0,0
ran_orchestration,59,benign--ran_orchestration--chain--n10--containment_drill--r4,0,0.003258707,0.8200000000000002,0,0
ran_orchestration,59,benign--ran_orchestration--chain--n10--containment_drill--r4,0,0.003612227,0.8200000000000002,0,0
ran_orchestration,59,benign--ran_orchestration--chain--n10--maintenance_notice--r6,0,0.008611842,0.8200000000000002,0,0
ran_orchestration,59,benign--ran_orchestration--chain--n10--maintenance_notice--r6,0,0.0037980496,0.8200000000000002,0,0
ran_orchestration,59,benign--ran_orchestration--chain--n10--routine_update--r1,0,0.016382158,0.8200000000000002,0,0
ran_orchestration,59,benign--ran_orchestration--chain--n10--routine_update--r1,0,0.0025174099,0.8200000000000002,0,0
ran_orchestration,59,benign--ran_orchestration--chain--n10--routine_update--r5,0,0.057392385,0.8200000000000002,0,0
ran_orchestration,59,benign--ran_orchestration--chain--n10--routine_update--r5,0,0.0305599,0.8200000000000002,0,0
ran_orchestration,59,benign--ran_orchestration--chain--n15--containment_drill--r2,0,0.07046728,0.8200000000000002,0,0
ran_orchestration,59,benign--ran_orchestration--chain--n15--containment_drill--r2,0,0.0036740203,0.8200000000000002,0,0
ran_orchestration,59,benign--ran_orchestration--chain--n15--containment_drill--r2,0,0.009094267,0.8200000000000002,0,0
ran_orchestration,59,benign--ran_orchestration--chain--n15--containment_drill--r2,0,0.0034311903,0.8200000000000002,0,0
ran_orchestration,59,benign--ran_orchestration--chain--n15--maintenance_notice--r4,0,0.006064922,0.8200000000000002,0,0
ran_orchestration,59,benign--ran_orchestration--chain--n15--maintenance_notice--r4,0,0.010508247,0.8200000000000002,0,0
ran_orchestration,59,benign--ran_orchestration--chain--n15--maintenance_notice--r4,0,0.084598854,0.8200000000000002,0,0
ran_orchestration,59,benign--ran_orchestration--chain--n15--maintenance_notice--r4,0,0.017404811,0.8200000000000002,0,0
ran_orchestration,59,benign--ran_orchestration--chain--n20--containment_drill--r4,0,0.006621092,0.8200000000000002,0,0
ran_orchestration,59,benign--ran_orchestration--chain--n20--maintenance_notice--r6,0,0.014510717,0.8200000000000002,0,0
ran_orchestration,59,benign--ran_orchestration--chain--n20--maintenance_notice--r6,0,0.005717945,0.8200000000000002,0,0
ran_orchestration,59,benign--ran_orchestration--chain--n20--maintenance_notice--r6,0,0.009382923,0.8200000000000002,0,0
ran_orchestration,59,benign--ran_orchestration--chain--n20--quoted_attack_review--r3,0,0.003915188,0.8200000000000002,0,0
ran_orchestration,59,benign--ran_orchestration--chain--n20--quoted_attack_review--r3,0,0.0024642656,0.8200000000000002,0,0
ran_orchestration,59,benign--ran_orchestration--chain--n20--quoted_attack_review--r3,0,0.0008047843,0.8200000000000002,0,0
ran_orchestration,59,benign--ran_orchestration--chain--n4--containment_drill--r4,0,0.012612389,0.8200000000000002,0,0
ran_orchestration,59,benign--ran_orchestration--chain--n4--containment_drill--r4,0,0.013857744,0.8200000000000002,0,0
ran_orchestration,59,benign--ran_orchestration--chain--n4--containment_drill--r4,0,0.0038728607,0.8200000000000002,0,0
ran_orchestration,59,benign--ran_orchestration--chain--n4--maintenance_notice--r2,0,0.018797772,0.8200000000000002,0,0
ran_orchestration,59,benign--ran_orchestration--chain--n4--routine_update--r1,0,0.05509884,0.8200000000000002,0,0
ran_orchestration,59,benign--ran_orchestration--chain--n4--routine_update--r1,0,0.73151314,0.8200000000000002,0,1
ran_orchestration,59,benign--ran_orchestration--chain--n4--routine_update--r5,0,0.036401488,0.8200000000000002,0,0
ran_orchestration,59,benign--ran_orchestration--chain--n8--containment_drill--r2,0,0.0029881487,0.8200000000000002,0,0
ran_orchestration,59,benign--ran_orchestration--chain--n8--quoted_attack_review--r5,0,0.0012509963,0.8200000000000002,0,0
ran_orchestration,59,benign--ran_orchestration--chain--n8--routine_update--r3,0,0.023686416,0.8200000000000002,0,0
ran_orchestration,59,benign--ran_orchestration--chain--n8--routine_update--r3,0,0.26248273,0.8200000000000002,0,0
ran_orchestration,59,benign--ran_orchestration--chain--n8--routine_update--r3,0,0.013500277,0.8200000000000002,0,0
ran_orchestration,59,benign--ran_orchestration--mesh_lite--n10--maintenance_notice--r4,0,0.02587981,0.8200000000000002,0,0
ran_orchestration,59,benign--ran_orchestration--mesh_lite--n10--maintenance_notice--r4,0,0.00090691994,0.8200000000000002,0,0
ran_orchestration,59,benign--ran_orchestration--mesh_lite--n15--maintenance_notice--r6,0,0.023190036,0.8200000000000002,0,0
ran_orchestration,59,benign--ran_orchestration--mesh_lite--n15--maintenance_notice--r6,0,0.005011005,0.8200000000000002,0,0
ran_orchestration,59,benign--ran_orchestration--mesh_lite--n15--routine_update--r1,0,0.030401882,0.8200000000000002,0,0
ran_orchestration,59,benign--ran_orchestration--mesh_lite--n20--containment_drill--r2,0,0.004991649,0.8200000000000002,0,0
ran_orchestration,59,benign--ran_orchestration--mesh_lite--n20--containment_drill--r6,0,0.008099915,0.8200000000000002,0,0
ran_orchestration,59,benign--ran_orchestration--mesh_lite--n20--containment_drill--r6,0,0.0025091483,0.8200000000000002,0,0
ran_orchestration,59,benign--ran_orchestration--mesh_lite--n20--containment_drill--r6,0,0.001618475,0.8200000000000002,0,0
ran_orchestration,59,benign--ran_orchestration--mesh_lite--n20--maintenance_notice--r4,0,0.20154272,0.8200000000000002,0,0
ran_orchestration,59,benign--ran_orchestration--mesh_lite--n20--maintenance_notice--r4,0,0.1890015,0.8200000000000002,0,0
ran_orchestration,59,benign--ran_orchestration--mesh_lite--n20--maintenance_notice--r4,0,0.0015344344,0.8200000000000002,0,0
ran_orchestration,59,benign--ran_orchestration--mesh_lite--n20--quoted_attack_review--r5,0,0.037579246,0.8200000000000002,0,0
ran_orchestration,59,benign--ran_orchestration--mesh_lite--n20--quoted_attack_review--r5,0,0.0017765776,0.8200000000000002,0,0
ran_orchestration,59,benign--ran_orchestration--mesh_lite--n20--quoted_attack_review--r5,0,0.021391377,0.8200000000000002,0,0
ran_orchestration,59,benign--ran_orchestration--mesh_lite--n20--quoted_attack_review--r5,0,0.0052712406,0.8200000000000002,0,0
ran_orchestration,59,benign--ran_orchestration--mesh_lite--n20--quoted_attack_review--r5,0,0.11861223,0.8200000000000002,0,0
ran_orchestration,59,benign--ran_orchestration--mesh_lite--n20--quoted_attack_review--r5,0,0.007980788,0.8200000000000002,0,0
ran_orchestration,59,benign--ran_orchestration--mesh_lite--n20--quoted_attack_review--r5,0,0.71334594,0.8200000000000002,0,1
ran_orchestration,59,benign--ran_orchestration--mesh_lite--n20--quoted_attack_review--r5,0,0.010278061,0.8200000000000002,0,0
ran_orchestration,59,benign--ran_orchestration--mesh_lite--n4--containment_drill--r2,0,0.0017958063,0.8200000000000002,0,0
ran_orchestration,59,benign--ran_orchestration--mesh_lite--n4--containment_drill--r6,0,0.01008862,0.8200000000000002,0,0
ran_orchestration,59,benign--ran_orchestration--mesh_lite--n4--containment_drill--r6,0,0.004981185,0.8200000000000002,0,0
ran_orchestration,59,benign--ran_orchestration--mesh_lite--n4--maintenance_notice--r4,0,0.03383387,0.8200000000000002,0,0
ran_orchestration,59,benign--ran_orchestration--mesh_lite--n8--containment_drill--r4,0,0.043333735,0.8200000000000002,0,0
ran_orchestration,59,benign--ran_orchestration--mesh_lite--n8--containment_drill--r4,0,0.067380935,0.8200000000000002,0,0
ran_orchestration,59,benign--ran_orchestration--mesh_lite--n8--containment_drill--r4,0,0.0067532016,0.8200000000000002,0,0
ran_orchestration,59,benign--ran_orchestration--mesh_lite--n8--containment_drill--r4,0,0.00524971,0.8200000000000002,0,0
ran_orchestration,59,benign--ran_orchestration--mesh_lite--n8--containment_drill--r4,0,0.022510175,0.8200000000000002,0,0
ran_orchestration,59,benign--ran_orchestration--mesh_lite--n8--containment_drill--r4,0,0.005657727,0.8200000000000002,0,0
ran_orchestration,59,benign--ran_orchestration--mesh_lite--n8--containment_drill--r4,0,0.0093075065,0.8200000000000002,0,0
ran_orchestration,59,benign--ran_orchestration--mesh_lite--n8--containment_drill--r4,0,0.016288307,0.8200000000000002,0,0
ran_orchestration,59,benign--ran_orchestration--mesh_lite--n8--maintenance_notice--r2,0,0.0050882716,0.8200000000000002,0,0
ran_orchestration,59,benign--ran_orchestration--random_min_degree--n10--containment_drill--r4,0,0.0035766624,0.8200000000000002,0,0
ran_orchestration,59,benign--ran_orchestration--random_min_degree--n10--maintenance_notice--r2,0,0.024988806,0.8200000000000002,0,0
ran_orchestration,59,benign--ran_orchestration--random_min_degree--n10--maintenance_notice--r2,0,0.005061098,0.8200000000000002,0,0
ran_orchestration,59,benign--ran_orchestration--random_min_degree--n10--maintenance_notice--r2,0,0.016024027,0.8200000000000002,0,0
ran_orchestration,59,benign--ran_orchestration--random_min_degree--n10--maintenance_notice--r2,0,0.009275359,0.8200000000000002,0,0
ran_orchestration,59,benign--ran_orchestration--random_min_degree--n10--maintenance_notice--r6,0,0.02229055,0.8200000000000002,0,0
ran_orchestration,59,benign--ran_orchestration--random_min_degree--n10--maintenance_notice--r6,0,0.01459559,0.8200000000000002,0,0
ran_orchestration,59,benign--ran_orchestration--random_min_degree--n10--maintenance_notice--r6,0,0.008393342,0.8200000000000002,0,0
ran_orchestration,59,benign--ran_orchestration--random_min_degree--n10--maintenance_notice--r6,0,0.0016170031,0.8200000000000002,0,0
ran_orchestration,59,benign--ran_orchestration--random_min_degree--n10--routine_update--r1,0,0.10338371,0.8200000000000002,0,0
ran_orchestration,59,benign--ran_orchestration--random_min_degree--n10--routine_update--r1,0,0.00977077,0.8200000000000002,0,0
ran_orchestration,59,benign--ran_orchestration--random_min_degree--n10--routine_update--r1,0,0.1870383,0.8200000000000002,0,0
ran_orchestration,59,benign--ran_orchestration--random_min_degree--n10--routine_update--r1,0,0.007598552,0.8200000000000002,0,0
ran_orchestration,59,benign--ran_orchestration--random_min_degree--n10--routine_update--r5,0,0.027286796,0.8200000000000002,0,0
ran_orchestration,59,benign--ran_orchestration--random_min_degree--n10--routine_update--r5,0,0.0067139897,0.8200000000000002,0,0
ran_orchestration,59,benign--ran_orchestration--random_min_degree--n15--containment_drill--r2,0,0.0020051817,0.8200000000000002,0,0
ran_orchestration,59,benign--ran_orchestration--random_min_degree--n15--containment_drill--r6,0,0.0133126965,0.8200000000000002,0,0
ran_orchestration,59,benign--ran_orchestration--random_min_degree--n15--containment_drill--r6,0,0.0031308506,0.8200000000000002,0,0
ran_orchestration,59,benign--ran_orchestration--random_min_degree--n15--containment_drill--r6,0,0.0019282923,0.8200000000000002,0,0
ran_orchestration,59,benign--ran_orchestration--random_min_degree--n15--containment_drill--r6,0,0.0014122946,0.8200000000000002,0,0
ran_orchestration,59,benign--ran_orchestration--random_min_degree--n15--containment_drill--r6,0,0.0051517426,0.8200000000000002,0,0
ran_orchestration,59,benign--ran_orchestration--random_min_degree--n15--quoted_attack_review--r5,0,0.0012189158,0.8200000000000002,0,0
ran_orchestration,59,benign--ran_orchestration--random_min_degree--n15--routine_update--r3,0,0.062238783,0.8200000000000002,0,0
ran_orchestration,59,benign--ran_orchestration--random_min_degree--n20--containment_drill--r4,0,0.09859185,0.8200000000000002,0,0
ran_orchestration,59,benign--ran_orchestration--random_min_degree--n20--containment_drill--r4,0,0.0014569105,0.8200000000000002,0,0
ran_orchestration,59,benign--ran_orchestration--random_min_degree--n20--containment_drill--r4,0,0.0014217095,0.8200000000000002,0,0
ran_orchestration,59,benign--ran_orchestration--random_min_degree--n20--containment_drill--r4,0,0.001555339,0.8200000000000002,0,0
ran_orchestration,59,benign--ran_orchestration--random_min_degree--n20--maintenance_notice--r2,0,0.006984276,0.8200000000000002,0,0
ran_orchestration,59,benign--ran_orchestration--random_min_degree--n20--quoted_attack_review--r3,0,0.0022354545,0.8200000000000002,0,0
ran_orchestration,59,benign--ran_orchestration--random_min_degree--n20--quoted_attack_review--r3,0,0.0012656612,0.8200000000000002,0,0
ran_orchestration,59,benign--ran_orchestration--random_min_degree--n20--quoted_attack_review--r3,0,0.0027146447,0.8200000000000002,0,0
ran_orchestration,59,benign--ran_orchestration--random_min_degree--n20--quoted_attack_review--r3,0,0.0015377569,0.8200000000000002,0,0
ran_orchestration,59,benign--ran_orchestration--random_min_degree--n20--quoted_attack_review--r3,0,0.002526972,0.8200000000000002,0,0
ran_orchestration,59,benign--ran_orchestration--random_min_degree--n20--quoted_attack_review--r3,0,0.0036741584,0.8200000000000002,0,0
ran_orchestration,59,benign--ran_orchestration--random_min_degree--n20--routine_update--r1,0,0.14816181,0.8200000000000002,0,0
ran_orchestration,59,benign--ran_orchestration--random_min_degree--n20--routine_update--r1,0,0.007824646,0.8200000000000002,0,0
ran_orchestration,59,benign--ran_orchestration--random_min_degree--n20--routine_update--r1,0,0.09327471,0.8200000000000002,0,0
ran_orchestration,59,benign--ran_orchestration--random_min_degree--n20--routine_update--r1,0,0.05670566,0.8200000000000002,0,0
ran_orchestration,59,benign--ran_orchestration--random_min_degree--n20--routine_update--r5,0,0.044164285,0.8200000000000002,0,0
ran_orchestration,59,benign--ran_orchestration--random_min_degree--n20--routine_update--r5,0,0.53646344,0.8200000000000002,0,1
ran_orchestration,59,benign--ran_orchestration--random_min_degree--n4--containment_drill--r4,0,0.0028122358,0.8200000000000002,0,0
ran_orchestration,59,benign--ran_orchestration--random_min_degree--n4--maintenance_notice--r2,0,0.005515545,0.8200000000000002,0,0
ran_orchestration,59,benign--ran_orchestration--random_min_degree--n4--quoted_attack_review--r3,0,0.016699998,0.8200000000000002,0,0
ran_orchestration,59,benign--ran_orchestration--random_min_degree--n4--quoted_attack_review--r3,0,0.0077594533,0.8200000000000002,0,0
ran_orchestration,59,benign--ran_orchestration--random_min_degree--n4--quoted_attack_review--r3,0,0.0042229826,0.8200000000000002,0,0
ran_orchestration,59,benign--ran_orchestration--random_min_degree--n4--quoted_attack_review--r3,0,0.012757363,0.8200000000000002,0,0
ran_orchestration,59,benign--ran_orchestration--random_min_degree--n4--routine_update--r1,0,0.052404918,0.8200000000000002,0,0
ran_orchestration,59,benign--ran_orchestration--random_min_degree--n4--routine_update--r1,0,0.10275392,0.8200000000000002,0,0
ran_orchestration,59,benign--ran_orchestration--random_min_degree--n4--routine_update--r1,0,0.04951204,0.8200000000000002,0,0
ran_orchestration,59,benign--ran_orchestration--random_min_degree--n4--routine_update--r1,0,0.14480598,0.8200000000000002,0,0
ran_orchestration,59,benign--ran_orchestration--random_min_degree--n4--routine_update--r1,0,0.10252052,0.8200000000000002,0,0
ran_orchestration,59,benign--ran_orchestration--random_min_degree--n4--routine_update--r1,0,0.004925772,0.8200000000000002,0,0
ran_orchestration,59,benign--ran_orchestration--random_min_degree--n4--routine_update--r5,0,0.028123477,0.8200000000000002,0,0
ran_orchestration,59,benign--ran_orchestration--random_min_degree--n4--routine_update--r5,0,0.009752061,0.8200000000000002,0,0
ran_orchestration,59,benign--ran_orchestration--random_min_degree--n8--containment_drill--r2,0,0.0019203083,0.8200000000000002,0,0
ran_orchestration,59,benign--ran_orchestration--random_min_degree--n8--containment_drill--r6,0,0.004085273,0.8200000000000002,0,0
ran_orchestration,59,benign--ran_orchestration--random_min_degree--n8--routine_update--r3,0,0.07908929,0.8200000000000002,0,0
ran_orchestration,59,benign--ran_orchestration--random_min_degree--n8--routine_update--r3,0,0.0063076993,0.8200000000000002,0,0
ran_orchestration,59,benign--ran_orchestration--random_min_degree--n8--routine_update--r3,0,0.23209912,0.8200000000000002,0,0
ran_orchestration,59,benign--ran_orchestration--random_min_degree--n8--routine_update--r3,0,0.093857385,0.8200000000000002,0,0
ran_orchestration,59,benign--ran_orchestration--random_min_degree--n8--routine_update--r3,0,0.0043121814,0.8200000000000002,0,0
ran_orchestration,59,benign--ran_orchestration--ring--n10--containment_drill--r4,0,0.0045119342,0.8200000000000002,0,0
ran_orchestration,59,benign--ran_orchestration--ring--n10--maintenance_notice--r2,0,0.0018600064,0.8200000000000002,0,0
ran_orchestration,59,benign--ran_orchestration--ring--n10--maintenance_notice--r6,0,0.05162045,0.8200000000000002,0,0
ran_orchestration,59,benign--ran_orchestration--ring--n10--maintenance_notice--r6,0,0.0035993457,0.8200000000000002,0,0
ran_orchestration,59,benign--ran_orchestration--ring--n10--maintenance_notice--r6,0,0.0023897225,0.8200000000000002,0,0
ran_orchestration,59,benign--ran_orchestration--ring--n10--routine_update--r1,0,0.082864575,0.8200000000000002,0,0
ran_orchestration,59,benign--ran_orchestration--ring--n15--containment_drill--r2,0,0.0026091447,0.8200000000000002,0,0
ran_orchestration,59,benign--ran_orchestration--ring--n15--containment_drill--r6,0,0.004410884,0.8200000000000002,0,0
ran_orchestration,59,benign--ran_orchestration--ring--n15--maintenance_notice--r4,0,0.01697163,0.8200000000000002,0,0
ran_orchestration,59,benign--ran_orchestration--ring--n15--maintenance_notice--r4,0,0.009274522,0.8200000000000002,0,0
ran_orchestration,59,benign--ran_orchestration--ring--n15--maintenance_notice--r4,0,0.08537101,0.8200000000000002,0,0
ran_orchestration,59,benign--ran_orchestration--ring--n15--maintenance_notice--r4,0,0.027510038,0.8200000000000002,0,0
ran_orchestration,59,benign--ran_orchestration--ring--n15--maintenance_notice--r4,0,0.023520045,0.8200000000000002,0,0
ran_orchestration,59,benign--ran_orchestration--ring--n15--routine_update--r3,0,0.0465138,0.8200000000000002,0,0
ran_orchestration,59,benign--ran_orchestration--ring--n15--routine_update--r3,0,0.3121996,0.8200000000000002,0,0
ran_orchestration,59,benign--ran_orchestration--ring--n20--containment_drill--r4,0,0.0050467188,0.8200000000000002,0,0
ran_orchestration,59,benign--ran_orchestration--ring--n20--containment_drill--r4,0,0.0034523602,0.8200000000000002,0,0
ran_orchestration,59,benign--ran_orchestration--ring--n20--maintenance_notice--r2,0,0.021507518,0.8200000000000002,0,0
ran_orchestration,59,benign--ran_orchestration--ring--n20--maintenance_notice--r2,0,0.05459646,0.8200000000000002,0,0
ran_orchestration,59,benign--ran_orchestration--ring--n20--maintenance_notice--r2,0,0.0024202357,0.8200000000000002,0,0
ran_orchestration,59,benign--ran_orchestration--ring--n20--maintenance_notice--r6,0,0.06093507,0.8200000000000002,0,0
ran_orchestration,59,benign--ran_orchestration--ring--n20--quoted_attack_review--r3,0,0.00567607,0.8200000000000002,0,0
ran_orchestration,59,benign--ran_orchestration--ring--n20--quoted_attack_review--r3,0,0.00058663846,0.8200000000000002,0,0
ran_orchestration,59,benign--ran_orchestration--ring--n20--quoted_attack_review--r3,0,0.0023564256,0.8200000000000002,0,0
ran_orchestration,59,benign--ran_orchestration--ring--n20--routine_update--r1,0,0.02595538,0.8200000000000002,0,0
ran_orchestration,59,benign--ran_orchestration--ring--n20--routine_update--r1,0,0.004660161,0.8200000000000002,0,0
ran_orchestration,59,benign--ran_orchestration--ring--n20--routine_update--r5,0,0.010278483,0.8200000000000002,0,0
ran_orchestration,59,benign--ran_orchestration--ring--n4--containment_drill--r4,0,0.005111995,0.8200000000000002,0,0
ran_orchestration,59,benign--ran_orchestration--ring--n4--maintenance_notice--r2,0,0.0019279436,0.8200000000000002,0,0
ran_orchestration,59,benign--ran_orchestration--ring--n4--routine_update--r1,0,0.0892706,0.8200000000000002,0,0
ran_orchestration,59,benign--ran_orchestration--ring--n4--routine_update--r5,0,0.044412993,0.8200000000000002,0,0
ran_orchestration,59,benign--ran_orchestration--ring--n4--routine_update--r5,0,0.2503824,0.8200000000000002,0,0
ran_orchestration,59,benign--ran_orchestration--ring--n4--routine_update--r5,0,0.041215714,0.8200000000000002,0,0
ran_orchestration,59,benign--ran_orchestration--ring--n8--containment_drill--r2,0,0.015474757,0.8200000000000002,0,0
ran_orchestration,59,benign--ran_orchestration--ring--n8--containment_drill--r2,0,0.0136920465,0.8200000000000002,0,0
ran_orchestration,59,benign--ran_orchestration--ring--n8--containment_drill--r2,0,0.008120441,0.8200000000000002,0,0
ran_orchestration,59,benign--ran_orchestration--ring--n8--containment_drill--r2,0,0.0024634288,0.8200000000000002,0,0
ran_orchestration,59,benign--ran_orchestration--ring--n8--containment_drill--r2,0,0.0049711643,0.8200000000000002,0,0
ran_orchestration,59,benign--ran_orchestration--ring--n8--containment_drill--r2,0,0.0032123898,0.8200000000000002,0,0
ran_orchestration,59,benign--ran_orchestration--ring--n8--containment_drill--r6,0,0.0048324107,0.8200000000000002,0,0
ran_orchestration,59,benign--ran_orchestration--ring--n8--containment_drill--r6,0,0.002218237,0.8200000000000002,0,0
ran_orchestration,59,benign--ran_orchestration--ring--n8--containment_drill--r6,0,0.0024022805,0.8200000000000002,0,0
ran_orchestration,59,benign--ran_orchestration--ring--n8--containment_drill--r6,0,0.0027472444,0.8200000000000002,0,0
ran_orchestration,59,benign--ran_orchestration--ring--n8--containment_drill--r6,0,0.001095427,0.8200000000000002,0,0
ran_orchestration,59,benign--ran_orchestration--ring--n8--quoted_attack_review--r5,0,0.009597298,0.8200000000000002,0,0
ran_orchestration,59,benign--ran_orchestration--ring--n8--quoted_attack_review--r5,0,0.001954038,0.8200000000000002,0,0
ran_orchestration,59,benign--ran_orchestration--ring--n8--routine_update--r3,0,0.016230417,0.8200000000000002,0,0
ran_orchestration,59,benign--ran_orchestration--ring--n8--routine_update--r3,0,0.0083335675,0.8200000000000002,0,0
ran_orchestration,59,benign--ran_orchestration--ring--n8--routine_update--r3,0,0.103564374,0.8200000000000002,0,0
ran_orchestration,59,benign--ran_orchestration--ring--n8--routine_update--r3,0,0.018556854,0.8200000000000002,0,0
ran_orchestration,59,benign--ran_orchestration--star--n10--containment_drill--r2,0,0.0016953528,0.8200000000000002,0,0
ran_orchestration,59,benign--ran_orchestration--star--n10--containment_drill--r6,0,0.004583237,0.8200000000000002,0,0
ran_orchestration,59,benign--ran_orchestration--star--n10--containment_drill--r6,0,0.015127722,0.8200000000000002,0,0
ran_orchestration,59,benign--ran_orchestration--star--n10--containment_drill--r6,0,0.001778969,0.8200000000000002,0,0
ran_orchestration,59,benign--ran_orchestration--star--n10--maintenance_notice--r4,0,0.0014566206,0.8200000000000002,0,0
ran_orchestration,59,benign--ran_orchestration--star--n10--routine_update--r3,0,0.022078784,0.8200000000000002,0,0
ran_orchestration,59,benign--ran_orchestration--star--n10--routine_update--r3,0,0.0023863227,0.8200000000000002,0,0
ran_orchestration,59,benign--ran_orchestration--star--n15--containment_drill--r4,0,0.003991438,0.8200000000000002,0,0
ran_orchestration,59,benign--ran_orchestration--star--n15--maintenance_notice--r2,0,0.0008779772,0.8200000000000002,0,0
ran_orchestration,59,benign--ran_orchestration--star--n15--maintenance_notice--r6,0,0.072137624,0.8200000000000002,0,0
ran_orchestration,59,benign--ran_orchestration--star--n15--maintenance_notice--r6,0,0.006294905,0.8200000000000002,0,0
ran_orchestration,59,benign--ran_orchestration--star--n15--maintenance_notice--r6,0,0.0007843381,0.8200000000000002,0,0
ran_orchestration,59,benign--ran_orchestration--star--n15--routine_update--r1,0,0.008665305,0.8200000000000002,0,0
ran_orchestration,59,benign--ran_orchestration--star--n15--routine_update--r1,0,0.008617487,0.8200000000000002,0,0
ran_orchestration,59,benign--ran_orchestration--star--n20--containment_drill--r2,0,0.0032741711,0.8200000000000002,0,0
ran_orchestration,59,benign--ran_orchestration--star--n20--containment_drill--r6,0,0.011422581,0.8200000000000002,0,0
ran_orchestration,59,benign--ran_orchestration--star--n20--quoted_attack_review--r1,0,0.0037511454,0.8200000000000002,0,0
ran_orchestration,59,benign--ran_orchestration--star--n20--quoted_attack_review--r1,0,0.0063952985,0.8200000000000002,0,0
ran_orchestration,59,benign--ran_orchestration--star--n20--quoted_attack_review--r5,0,0.013874161,0.8200000000000002,0,0
ran_orchestration,59,benign--ran_orchestration--star--n20--routine_update--r3,0,0.013480826,0.8200000000000002,0,0
ran_orchestration,59,benign--ran_orchestration--star--n20--routine_update--r3,0,0.0157703,0.8200000000000002,0,0
ran_orchestration,59,benign--ran_orchestration--star--n20--routine_update--r3,0,0.008479432,0.8200000000000002,0,0
ran_orchestration,59,benign--ran_orchestration--star--n4--containment_drill--r2,0,0.002508256,0.8200000000000002,0,0
ran_orchestration,59,benign--ran_orchestration--star--n4--containment_drill--r6,0,0.0016051091,0.8200000000000002,0,0
ran_orchestration,59,benign--ran_orchestration--star--n8--containment_drill--r4,0,0.004391315,0.8200000000000002,0,0
ran_orchestration,59,benign--ran_orchestration--star--n8--containment_drill--r4,0,0.0056917975,0.8200000000000002,0,0
ran_orchestration,59,benign--ran_orchestration--star--n8--containment_drill--r4,0,0.0010492281,0.8200000000000002,0,0
ran_orchestration,59,benign--ran_orchestration--star--n8--maintenance_notice--r2,0,0.0030034103,0.8200000000000002,0,0
ran_orchestration,59,benign--ran_orchestration--star--n8--maintenance_notice--r6,0,0.017528903,0.8200000000000002,0,0
ran_orchestration,59,benign--ran_orchestration--star--n8--maintenance_notice--r6,0,0.011934962,0.8200000000000002,0,0
ran_orchestration,59,benign--ran_orchestration--star--n8--quoted_attack_review--r3,0,0.015137359,0.8200000000000002,0,0
ran_orchestration,59,benign--ran_orchestration--star--n8--quoted_attack_review--r3,0,0.0065863044,0.8200000000000002,0,0
ran_orchestration,59,benign--ran_orchestration--star--n8--routine_update--r1,0,0.36439598,0.8200000000000002,0,0
ran_orchestration,59,benign--ran_orchestration--star--n8--routine_update--r1,0,0.07821043,0.8200000000000002,0,0
ran_orchestration,59,benign--ran_orchestration--star--n8--routine_update--r5,0,0.00421737,0.8200000000000002,0,0
ran_orchestration,59,mal--ran_orchestration--chain--n10--exfiltration_propagation--r2,1,0.99674064,0.8200000000000002,1,1
ran_orchestration,59,mal--ran_orchestration--chain--n10--exfiltration_propagation--r2,0,0.9941888,0.8200000000000002,1,1
ran_orchestration,59,mal--ran_orchestration--chain--n10--exfiltration_propagation--r2,0,0.28638405,0.8200000000000002,0,0
ran_orchestration,59,mal--ran_orchestration--chain--n10--exfiltration_propagation--r2,0,0.0014959701,0.8200000000000002,0,0
ran_orchestration,59,mal--ran_orchestration--chain--n10--guard_suppression--r1,1,0.21813458,0.8200000000000002,0,0
ran_orchestration,59,mal--ran_orchestration--chain--n10--guard_suppression--r1,0,0.004069885,0.8200000000000002,0,0
ran_orchestration,59,mal--ran_orchestration--chain--n10--recovery_poisoning--r1,1,0.98621756,0.8200000000000002,1,1
ran_orchestration,59,mal--ran_orchestration--chain--n10--recovery_poisoning--r1,1,0.9433779,0.8200000000000002,1,1
ran_orchestration,59,mal--ran_orchestration--chain--n10--recovery_poisoning--r1,1,0.71232975,0.8200000000000002,0,1
ran_orchestration,59,mal--ran_orchestration--chain--n10--recovery_poisoning--r3,1,0.99516255,0.8200000000000002,1,1
ran_orchestration,59,mal--ran_orchestration--chain--n10--recovery_poisoning--r3,1,0.9427786,0.8200000000000002,1,1
ran_orchestration,59,mal--ran_orchestration--chain--n10--recovery_poisoning--r3,0,0.014363151,0.8200000000000002,0,0
ran_orchestration,59,mal--ran_orchestration--chain--n15--control_plane_worm--r3,1,0.9927307,0.8200000000000002,1,1
ran_orchestration,59,mal--ran_orchestration--chain--n15--control_plane_worm--r3,1,0.04611306,0.8200000000000002,0,0
ran_orchestration,59,mal--ran_orchestration--chain--n15--control_plane_worm--r3,1,0.03987735,0.8200000000000002,0,0
ran_orchestration,59,mal--ran_orchestration--chain--n15--exfiltration_propagation--r1,1,0.99593073,0.8200000000000002,1,1
ran_orchestration,59,mal--ran_orchestration--chain--n15--exfiltration_propagation--r1,1,0.99327844,0.8200000000000002,1,1
ran_orchestration,59,mal--ran_orchestration--chain--n15--guard_suppression--r2,1,0.9958413,0.8200000000000002,1,1
ran_orchestration,59,mal--ran_orchestration--chain--n15--guard_suppression--r2,0,0.04593109,0.8200000000000002,0,0
ran_orchestration,59,mal--ran_orchestration--chain--n15--guard_suppression--r2,0,0.056258254,0.8200000000000002,0,0
ran_orchestration,59,mal--ran_orchestration--chain--n15--guard_suppression--r5,1,0.9876079,0.8200000000000002,1,1
ran_orchestration,59,mal--ran_orchestration--chain--n15--guard_suppression--r5,1,0.36464107,0.8200000000000002,0,0
ran_orchestration,59,mal--ran_orchestration--chain--n15--guard_suppression--r5,0,0.005917141,0.8200000000000002,0,0
ran_orchestration,59,mal--ran_orchestration--chain--n15--guard_suppression--r5,1,0.7518439,0.8200000000000002,0,1
ran_orchestration,59,mal--ran_orchestration--chain--n15--guard_suppression--r5,1,0.6894036,0.8200000000000002,0,1
ran_orchestration,59,mal--ran_orchestration--chain--n15--guard_suppression--r5,1,0.045304082,0.8200000000000002,0,0
ran_orchestration,59,mal--ran_orchestration--chain--n15--recovery_poisoning--r2,1,0.98718333,0.8200000000000002,1,1
ran_orchestration,59,mal--ran_orchestration--chain--n15--recovery_poisoning--r2,0,0.031492755,0.8200000000000002,0,0
ran_orchestration,59,mal--ran_orchestration--chain--n15--recovery_poisoning--r2,1,0.8138816,0.8200000000000002,0,1
ran_orchestration,59,mal--ran_orchestration--chain--n15--recovery_poisoning--r2,0,0.21879895,0.8200000000000002,0,0
ran_orchestration,59,mal--ran_orchestration--chain--n15--slice_takeover--r4,1,0.99429685,0.8200000000000002,1,1
ran_orchestration,59,mal--ran_orchestration--chain--n15--slice_takeover--r4,1,0.98652816,0.8200000000000002,1,1
ran_orchestration,59,mal--ran_orchestration--chain--n15--slice_takeover--r4,0,0.4397796,0.8200000000000002,0,0
ran_orchestration,59,mal--ran_orchestration--chain--n15--slice_takeover--r4,1,0.99058247,0.8200000000000002,1,1
ran_orchestration,59,mal--ran_orchestration--chain--n15--slice_takeover--r4,1,0.9116011,0.8200000000000002,1,1
ran_orchestration,59,mal--ran_orchestration--chain--n15--slice_takeover--r4,1,0.98093504,0.8200000000000002,1,1
ran_orchestration,59,mal--ran_orchestration--chain--n20--control_plane_worm--r2,1,0.9874796,0.8200000000000002,1,1
ran_orchestration,59,mal--ran_orchestration--chain--n20--control_plane_worm--r2,1,0.991458,0.8200000000000002,1,1
ran_orchestration,59,mal--ran_orchestration--chain--n20--control_plane_worm--r2,0,0.12458303,0.8200000000000002,0,0
ran_orchestration,59,mal--ran_orchestration--chain--n20--control_plane_worm--r2,0,0.004072046,0.8200000000000002,0,0
ran_orchestration,59,mal--ran_orchestration--chain--n20--control_plane_worm--r2,0,0.0035474268,0.8200000000000002,0,0
ran_orchestration,59,mal--ran_orchestration--chain--n20--exfiltration_propagation--r1,1,0.99593073,0.8200000000000002,1,1
ran_orchestration,59,mal--ran_orchestration--chain--n20--exfiltration_propagation--r1,1,0.9814683,0.8200000000000002,1,1
ran_orchestration,59,mal--ran_orchestration--chain--n20--exfiltration_propagation--r1,1,0.9671202,0.8200000000000002,1,1
ran_orchestration,59,mal--ran_orchestration--chain--n20--recovery_poisoning--r1,1,0.9787794,0.8200000000000002,1,1
ran_orchestration,59,mal--ran_orchestration--chain--n20--recovery_poisoning--r1,1,0.49470356,0.8200000000000002,0,0
ran_orchestration,59,mal--ran_orchestration--chain--n20--recovery_poisoning--r1,1,0.80759054,0.8200000000000002,0,1
ran_orchestration,59,mal--ran_orchestration--chain--n20--recovery_poisoning--r1,1,0.38433385,0.8200000000000002,0,0
ran_orchestration,59,mal--ran_orchestration--chain--n20--recovery_poisoning--r1,0,0.019026339,0.8200000000000002,0,0
ran_orchestration,59,mal--ran_orchestration--chain--n20--recovery_poisoning--r2,1,0.996549,0.8200000000000002,1,1
ran_orchestration,59,mal--ran_orchestration--chain--n20--recovery_poisoning--r2,0,0.0900765,0.8200000000000002,0,0
ran_orchestration,59,mal--ran_orchestration--chain--n20--recovery_poisoning--r6,1,0.99155164,0.8200000000000002,1,1
ran_orchestration,59,mal--ran_orchestration--chain--n20--recovery_poisoning--r6,1,0.17162448,0.8200000000000002,0,0
ran_orchestration,59,mal--ran_orchestration--chain--n20--recovery_poisoning--r6,0,0.0011250142,0.8200000000000002,0,0
ran_orchestration,59,mal--ran_orchestration--chain--n20--recovery_poisoning--r6,1,0.98824626,0.8200000000000002,1,1
ran_orchestration,59,mal--ran_orchestration--chain--n20--slice_takeover--r3,1,0.9978219,0.8200000000000002,1,1
ran_orchestration,59,mal--ran_orchestration--chain--n20--slice_takeover--r3,0,0.8726963,0.8200000000000002,1,1
ran_orchestration,59,mal--ran_orchestration--chain--n4--control_plane_worm--r1,1,0.9909547,0.8200000000000002,1,1
ran_orchestration,59,mal--ran_orchestration--chain--n4--control_plane_worm--r1,0,0.13487244,0.8200000000000002,0,0
ran_orchestration,59,mal--ran_orchestration--chain--n4--control_plane_worm--r6,1,0.9932296,0.8200000000000002,1,1
ran_orchestration,59,mal--ran_orchestration--chain--n4--control_plane_worm--r6,0,0.33317262,0.8200000000000002,0,0
ran_orchestration,59,mal--ran_orchestration--chain--n4--exfiltration_propagation--r4,1,0.98347336,0.8200000000000002,1,1
ran_orchestration,59,mal--ran_orchestration--chain--n4--exfiltration_propagation--r4,1,0.09993056,0.8200000000000002,0,0
ran_orchestration,59,mal--ran_orchestration--chain--n4--guard_suppression--r3,1,0.81303513,0.8200000000000002,0,1
ran_orchestration,59,mal--ran_orchestration--chain--n4--guard_suppression--r3,0,0.01977594,0.8200000000000002,0,0
ran_orchestration,59,mal--ran_orchestration--chain--n4--guard_suppression--r3,1,0.1177923,0.8200000000000002,0,0
ran_orchestration,59,mal--ran_orchestration--chain--n4--guard_suppression--r3,0,0.07936789,0.8200000000000002,0,0
ran_orchestration,59,mal--ran_orchestration--chain--n4--recovery_poisoning--r5,1,0.98787796,0.8200000000000002,1,1
ran_orchestration,59,mal--ran_orchestration--chain--n4--recovery_poisoning--r5,1,0.9951649,0.8200000000000002,1,1
ran_orchestration,59,mal--ran_orchestration--chain--n4--recovery_poisoning--r5,1,0.9818252,0.8200000000000002,1,1
ran_orchestration,59,mal--ran_orchestration--chain--n4--recovery_poisoning--r5,0,0.21022074,0.8200000000000002,0,0
ran_orchestration,59,mal--ran_orchestration--chain--n4--slice_takeover--r2,1,0.99814963,0.8200000000000002,1,1
ran_orchestration,59,mal--ran_orchestration--chain--n4--slice_takeover--r2,0,0.39213175,0.8200000000000002,0,0
ran_orchestration,59,mal--ran_orchestration--chain--n4--slice_takeover--r2,0,0.31133726,0.8200000000000002,0,0
ran_orchestration,59,mal--ran_orchestration--mesh_lite--n10--recovery_poisoning--r3,0,0.47501546,0.8200000000000002,0,0
ran_orchestration,59,mal--ran_orchestration--mesh_lite--n10--recovery_poisoning--r3,0,0.07024945,0.8200000000000002,0,0
ran_orchestration,59,mal--ran_orchestration--mesh_lite--n10--recovery_poisoning--r3,0,0.0062167537,0.8200000000000002,0,0
ran_orchestration,59,mal--ran_orchestration--mesh_lite--n10--recovery_poisoning--r3,0,0.103959285,0.8200000000000002,0,0
ran_orchestration,59,mal--ran_orchestration--mesh_lite--n10--recovery_poisoning--r3,0,0.0057511083,0.8200000000000002,0,0
ran_orchestration,59,mal--ran_orchestration--mesh_lite--n10--recovery_poisoning--r3,0,0.005457214,0.8200000000000002,0,0
ran_orchestration,59,mal--ran_orchestration--mesh_lite--n10--recovery_poisoning--r3,0,0.005945275,0.8200000000000002,0,0
ran_orchestration,59,mal--ran_orchestration--mesh_lite--n10--recovery_poisoning--r3,0,0.0077145724,0.8200000000000002,0,0
ran_orchestration,59,mal--ran_orchestration--mesh_lite--n15--guard_suppression--r2,0,0.077626735,0.8200000000000002,0,0
ran_orchestration,59,mal--ran_orchestration--mesh_lite--n15--guard_suppression--r2,0,0.12767546,0.8200000000000002,0,0
ran_orchestration,59,mal--ran_orchestration--mesh_lite--n15--guard_suppression--r2,0,0.0065452214,0.8200000000000002,0,0
ran_orchestration,59,mal--ran_orchestration--mesh_lite--n15--guard_suppression--r2,0,0.03520078,0.8200000000000002,0,0
ran_orchestration,59,mal--ran_orchestration--mesh_lite--n15--guard_suppression--r2,0,0.010333501,0.8200000000000002,0,0
ran_orchestration,59,mal--ran_orchestration--mesh_lite--n15--guard_suppression--r2,0,0.09479472,0.8200000000000002,0,0
ran_orchestration,59,mal--ran_orchestration--mesh_lite--n15--guard_suppression--r2,0,0.004925889,0.8200000000000002,0,0
ran_orchestration,59,mal--ran_orchestration--mesh_lite--n15--guard_suppression--r2,1,0.95742506,0.8200000000000002,1,1
ran_orchestration,59,mal--ran_orchestration--mesh_lite--n15--guard_suppression--r5,1,0.98940456,0.8200000000000002,1,1
ran_orchestration,59,mal--ran_orchestration--mesh_lite--n15--guard_suppression--r5,1,0.89550835,0.8200000000000002,1,1
ran_orchestration,59,mal--ran_orchestration--mesh_lite--n15--guard_suppression--r5,0,0.30023077,0.8200000000000002,0,0
ran_orchestration,59,mal--ran_orchestration--mesh_lite--n15--guard_suppression--r5,0,0.062022913,0.8200000000000002,0,0
ran_orchestration,59,mal--ran_orchestration--mesh_lite--n15--guard_suppression--r5,0,0.23985395,0.8200000000000002,0,0
ran_orchestration,59,mal--ran_orchestration--mesh_lite--n15--recovery_poisoning--r2,0,0.22703202,0.8200000000000002,0,0
ran_orchestration,59,mal--ran_orchestration--mesh_lite--n15--recovery_poisoning--r2,0,0.010983581,0.8200000000000002,0,0
ran_orchestration,59,mal--ran_orchestration--mesh_lite--n15--recovery_poisoning--r2,0,0.008447508,0.8200000000000002,0,0
ran_orchestration,59,mal--ran_orchestration--mesh_lite--n15--recovery_poisoning--r2,0,0.0049732476,0.8200000000000002,0,0
ran_orchestration,59,mal--ran_orchestration--mesh_lite--n15--slice_takeover--r4,1,0.99535275,0.8200000000000002,1,1
ran_orchestration,59,mal--ran_orchestration--mesh_lite--n15--slice_takeover--r4,0,0.5689787,0.8200000000000002,0,1
ran_orchestration,59,mal--ran_orchestration--mesh_lite--n20--control_plane_worm--r2,1,0.9972121,0.8200000000000002,1,1
ran_orchestration,59,mal--ran_orchestration--mesh_lite--n20--control_plane_worm--r2,0,0.002227585,0.8200000000000002,0,0
ran_orchestration,59,mal--ran_orchestration--mesh_lite--n20--control_plane_worm--r2,1,0.9944219,0.8200000000000002,1,1
ran_orchestration,59,mal--ran_orchestration--mesh_lite--n20--control_plane_worm--r2,0,0.8675863,0.8200000000000002,1,1
ran_orchestration,59,mal--ran_orchestration--mesh_lite--n20--control_plane_worm--r2,0,0.91215354,0.8200000000000002,1,1
ran_orchestration,59,mal--ran_orchestration--mesh_lite--n20--control_plane_worm--r2,0,0.2912194,0.8200000000000002,0,0
ran_orchestration,59,mal--ran_orchestration--mesh_lite--n20--control_plane_worm--r2,0,0.07110387,0.8200000000000002,0,0
ran_orchestration,59,mal--ran_orchestration--mesh_lite--n20--control_plane_worm--r2,1,0.99707484,0.8200000000000002,1,1
ran_orchestration,59,mal--ran_orchestration--mesh_lite--n20--exfiltration_propagation--r5,0,0.53769255,0.8200000000000002,0,1
ran_orchestration,59,mal--ran_orchestration--mesh_lite--n20--exfiltration_propagation--r5,0,0.18776534,0.8200000000000002,0,0
ran_orchestration,59,mal--ran_orchestration--mesh_lite--n20--exfiltration_propagation--r5,1,0.7084178,0.8200000000000002,0,1
ran_orchestration,59,mal--ran_orchestration--mesh_lite--n20--exfiltration_propagation--r5,1,0.66242486,0.8200000000000002,0,1
ran_orchestration,59,mal--ran_orchestration--mesh_lite--n20--exfiltration_propagation--r5,0,0.011479765,0.8200000000000002,0,0
ran_orchestration,59,mal--ran_orchestration--mesh_lite--n20--guard_suppression--r4,1,0.9915319,0.8200000000000002,1,1
ran_orchestration,59,mal--ran_orchestration--mesh_lite--n20--guard_suppression--r4,0,0.3258672,0.8200000000000002,0,0
ran_orchestration,59,mal--ran_orchestration--mesh_lite--n20--guard_suppression--r4,1,0.17802492,0.8200000000000002,0,0
ran_orchestration,59,mal--ran_orchestration--mesh_lite--n20--guard_suppression--r4,0,0.007733269,0.8200000000000002,0,0
ran_orchestration,59,mal--ran_orchestration--mesh_lite--n4--exfiltration_propagation--r4,1,0.9947666,0.8200000000000002,1,1
ran_orchestration,59,mal--ran_orchestration--mesh_lite--n4--exfiltration_propagation--r4,0,0.030545978,0.8200000000000002,0,0
ran_orchestration,59,mal--ran_orchestration--mesh_lite--n4--exfiltration_propagation--r4,1,0.97863984,0.8200000000000002,1,1
ran_orchestration,59,mal--ran_orchestration--mesh_lite--n4--exfiltration_propagation--r4,1,0.28800124,0.8200000000000002,0,0
ran_orchestration,59,mal--ran_orchestration--mesh_lite--n4--exfiltration_propagation--r4,0,0.035716664,0.8200000000000002,0,0
ran_orchestration,59,mal--ran_orchestration--mesh_lite--n4--exfiltration_propagation--r4,1,0.9846578,0.8200000000000002,1,1
ran_orchestration,59,mal--ran_orchestration--mesh_lite--n4--exfiltration_propagation--r4,1,0.97347236,0.8200000000000002,1,1
ran_orchestration,59,mal--ran_orchestration--mesh_lite--n4--exfiltration_propagation--r4,0,0.041762993,0.8200000000000002,0,0
ran_orchestration,59,mal--ran_orchestration--mesh_lite--n4--exfiltration_propagation--r4,1,0.9920952,0.8200000000000002,1,1
ran_orchestration,59,mal--ran_orchestration--mesh_lite--n4--exfiltration_propagation--r4,0,0.3141624,0.8200000000000002,0,0
ran_orchestration,59,mal--ran_orchestration--mesh_lite--n4--slice_takeover--r2,1,0.9984251,0.8200000000000002,1,1
ran_orchestration,59,mal--ran_orchestration--mesh_lite--n4--slice_takeover--r2,0,0.8967183,0.8200000000000002,1,1
ran_orchestration,59,mal--ran_orchestration--mesh_lite--n4--slice_takeover--r2,0,0.2192769,0.8200000000000002,0,0
ran_orchestration,59,mal--ran_orchestration--mesh_lite--n4--slice_takeover--r2,0,0.36019194,0.8200000000000002,0,0
ran_orchestration,59,mal--ran_orchestration--mesh_lite--n4--slice_takeover--r2,0,0.0047210506,0.8200000000000002,0,0
ran_orchestration,59,mal--ran_orchestration--mesh_lite--n4--slice_takeover--r2,0,0.0017787471,0.8200000000000002,0,0
ran_orchestration,59,mal--ran_orchestration--mesh_lite--n8--exfiltration_propagation--r3,1,0.99826825,0.8200000000000002,1,1
ran_orchestration,59,mal--ran_orchestration--mesh_lite--n8--exfiltration_propagation--r3,0,0.113441,0.8200000000000002,0,0
ran_orchestration,59,mal--ran_orchestration--mesh_lite--n8--exfiltration_propagation--r3,0,0.72033715,0.8200000000000002,0,1
ran_orchestration,59,mal--ran_orchestration--mesh_lite--n8--slice_takeover--r6,1,0.9595127,0.8200000000000002,1,1
ran_orchestration,59,mal--ran_orchestration--mesh_lite--n8--slice_takeover--r6,0,0.3107137,0.8200000000000002,0,0
ran_orchestration,59,mal--ran_orchestration--mesh_lite--n8--slice_takeover--r6,0,0.06794995,0.8200000000000002,0,0
ran_orchestration,59,mal--ran_orchestration--random_min_degree--n10--control_plane_worm--r4,1,0.9819604,0.8200000000000002,1,1
ran_orchestration,59,mal--ran_orchestration--random_min_degree--n10--control_plane_worm--r4,0,0.055894345,0.8200000000000002,0,0
ran_orchestration,59,mal--ran_orchestration--random_min_degree--n10--control_plane_worm--r4,0,0.015934369,0.8200000000000002,0,0
ran_orchestration,59,mal--ran_orchestration--random_min_degree--n10--control_plane_worm--r4,0,0.0044075157,0.8200000000000002,0,0
ran_orchestration,59,mal--ran_orchestration--random_min_degree--n10--exfiltration_propagation--r2,1,0.979627,0.8200000000000002,1,1
ran_orchestration,59,mal--ran_orchestration--random_min_degree--n10--exfiltration_propagation--r2,0,0.10184142,0.8200000000000002,0,0
ran_orchestration,59,mal--ran_orchestration--random_min_degree--n10--recovery_poisoning--r3,1,0.98686546,0.8200000000000002,1,1
ran_orchestration,59,mal--ran_orchestration--random_min_degree--n15--guard_suppression--r2,1,0.99458754,0.8200000000000002,1,1
ran_orchestration,59,mal--ran_orchestration--random_min_degree--n15--guard_suppression--r2,1,0.99409014,0.8200000000000002,1,1
ran_orchestration,59,mal--ran_orchestration--random_min_degree--n15--guard_suppression--r2,0,0.19840908,0.8200000000000002,0,0
ran_orchestration,59,mal--ran_orchestration--random_min_degree--n15--guard_suppression--r2,1,0.9522013,0.8200000000000002,1,1
ran_orchestration,59,mal--ran_orchestration--random_min_degree--n15--guard_suppression--r2,1,0.7975685,0.8200000000000002,0,1
ran_orchestration,59,mal--ran_orchestration--random_min_degree--n15--guard_suppression--r2,1,0.22806509,0.8200000000000002,0,0
ran_orchestration,59,mal--ran_orchestration--random_min_degree--n20--control_plane_worm--r2,1,0.99166614,0.8200000000000002,1,1
ran_orchestration,59,mal--ran_orchestration--random_min_degree--n20--control_plane_worm--r2,0,0.0099168345,0.8200000000000002,0,0
ran_orchestration,59,mal--ran_orchestration--random_min_degree--n20--control_plane_worm--r2,1,0.80234605,0.8200000000000002,0,1
ran_orchestration,59,mal--ran_orchestration--random_min_degree--n20--control_plane_worm--r2,1,0.77597135,0.8200000000000002,0,1
ran_orchestration,59,mal--ran_orchestration--random_min_degree--n20--exfiltration_propagation--r5,0,0.045494802,0.8200000000000002,0,0
ran_orchestration,59,mal--ran_orchestration--random_min_degree--n20--exfiltration_propagation--r5,0,0.001830906,0.8200000000000002,0,0
ran_orchestration,59,mal--ran_orchestration--random_min_degree--n20--recovery_poisoning--r1,1,0.97046137,0.8200000000000002,1,1
ran_orchestration,59,mal--ran_orchestration--random_min_degree--n20--recovery_poisoning--r1,0,0.015671164,0.8200000000000002,0,0
ran_orchestration,59,mal--ran_orchestration--random_min_degree--n20--recovery_poisoning--r1,0,0.0073025012,0.8200000000000002,0,0
ran_orchestration,59,mal--ran_orchestration--random_min_degree--n20--recovery_poisoning--r1,0,0.65460604,0.8200000000000002,0,1
ran_orchestration,59,mal--ran_orchestration--random_min_degree--n20--recovery_poisoning--r1,0,0.26095456,0.8200000000000002,0,0
ran_orchestration,59,mal--ran_orchestration--random_min_degree--n20--recovery_poisoning--r1,0,0.01527988,0.8200000000000002,0,0
ran_orchestration,59,mal--ran_orchestration--random_min_degree--n20--recovery_poisoning--r2,1,0.99624616,0.8200000000000002,1,1
ran_orchestration,59,mal--ran_orchestration--random_min_degree--n20--recovery_poisoning--r2,0,0.0962779,0.8200000000000002,0,0
ran_orchestration,59,mal--ran_orchestration--random_min_degree--n20--recovery_poisoning--r6,1,0.9957029,0.8200000000000002,1,1
ran_orchestration,59,mal--ran_orchestration--random_min_degree--n20--recovery_poisoning--r6,0,0.034385525,0.8200000000000002,0,0
ran_orchestration,59,mal--ran_orchestration--random_min_degree--n20--recovery_poisoning--r6,0,0.0014216034,0.8200000000000002,0,0
ran_orchestration,59,mal--ran_orchestration--random_min_degree--n4--slice_takeover--r2,1,0.9939107,0.8200000000000002,1,1
ran_orchestration,59,mal--ran_orchestration--random_min_degree--n4--slice_takeover--r2,1,0.9965635,0.8200000000000002,1,1
ran_orchestration,59,mal--ran_orchestration--random_min_degree--n4--slice_takeover--r2,0,0.5918377,0.8200000000000002,0,1
ran_orchestration,59,mal--ran_orchestration--random_min_degree--n4--slice_takeover--r2,1,0.9960388,0.8200000000000002,1,1
ran_orchestration,59,mal--ran_orchestration--random_min_degree--n4--slice_takeover--r2,1,0.9956008,0.8200000000000002,1,1
ran_orchestration,59,mal--ran_orchestration--random_min_degree--n4--slice_takeover--r2,0,0.38601592,0.8200000000000002,0,0
ran_orchestration,59,mal--ran_orchestration--random_min_degree--n8--control_plane_worm--r5,1,0.99074394,0.8200000000000002,1,1
ran_orchestration,59,mal--ran_orchestration--random_min_degree--n8--control_plane_worm--r5,0,0.0043243575,0.8200000000000002,0,0
ran_orchestration,59,mal--ran_orchestration--random_min_degree--n8--exfiltration_propagation--r3,1,0.9498841,0.8200000000000002,1,1
ran_orchestration,59,mal--ran_orchestration--random_min_degree--n8--exfiltration_propagation--r3,1,0.731947,0.8200000000000002,0,1
ran_orchestration,59,mal--ran_orchestration--random_min_degree--n8--guard_suppression--r2,1,0.992315,0.8200000000000002,1,1
ran_orchestration,59,mal--ran_orchestration--random_min_degree--n8--guard_suppression--r2,1,0.17109247,0.8200000000000002,0,0
ran_orchestration,59,mal--ran_orchestration--random_min_degree--n8--guard_suppression--r2,1,0.8557195,0.8200000000000002,1,1
ran_orchestration,59,mal--ran_orchestration--random_min_degree--n8--recovery_poisoning--r4,1,0.94219476,0.8200000000000002,1,1
ran_orchestration,59,mal--ran_orchestration--random_min_degree--n8--recovery_poisoning--r4,0,0.3129731,0.8200000000000002,0,0
ran_orchestration,59,mal--ran_orchestration--random_min_degree--n8--recovery_poisoning--r4,1,0.8541502,0.8200000000000002,1,1
ran_orchestration,59,mal--ran_orchestration--ring--n10--exfiltration_propagation--r2,1,0.9936522,0.8200000000000002,1,1
ran_orchestration,59,mal--ran_orchestration--ring--n10--exfiltration_propagation--r2,0,0.08652239,0.8200000000000002,0,0
ran_orchestration,59,mal--ran_orchestration--ring--n10--exfiltration_propagation--r2,1,0.8541861,0.8200000000000002,1,1
ran_orchestration,59,mal--ran_orchestration--ring--n15--control_plane_worm--r3,1,0.99391925,0.8200000000000002,1,1
ran_orchestration,59,mal--ran_orchestration--ring--n15--control_plane_worm--r3,1,0.9934237,0.8200000000000002,1,1
ran_orchestration,59,mal--ran_orchestration--ring--n15--control_plane_worm--r3,0,0.93711394,0.8200000000000002,1,1
ran_orchestration,59,mal--ran_orchestration--ring--n20--control_plane_worm--r2,1,0.9978676,0.8200000000000002,1,1
ran_orchestration,59,mal--ran_orchestration--ring--n20--control_plane_worm--r2,0,0.028923174,0.8200000000000002,0,0
ran_orchestration,59,mal--ran_orchestration--ring--n20--control_plane_worm--r2,0,0.0014534447,0.8200000000000002,0,0
ran_orchestration,59,mal--ran_orchestration--ring--n20--control_plane_worm--r2,1,0.9897675,0.8200000000000002,1,1
ran_orchestration,59,mal--ran_orchestration--ring--n20--exfiltration_propagation--r5,1,0.92709064,0.8200000000000002,1,1
ran_orchestration,59,mal--ran_orchestration--ring--n20--exfiltration_propagation--r5,0,0.019881647,0.8200000000000002,0,0
ran_orchestration,59,mal--ran_orchestration--ring--n20--recovery_poisoning--r1,1,0.741661,0.8200000000000002,0,1
ran_orchestration,59,mal--ran_orchestration--ring--n20--recovery_poisoning--r1,0,0.052837774,0.8200000000000002,0,0
ran_orchestration,59,mal--ran_orchestration--ring--n20--recovery_poisoning--r2,0,0.01436648,0.8200000000000002,0,0
ran_orchestration,59,mal--ran_orchestration--ring--n20--recovery_poisoning--r2,1,0.97644174,0.8200000000000002,1,1
ran_orchestration,59,mal--ran_orchestration--ring--n20--recovery_poisoning--r2,1,0.980515,0.8200000000000002,1,1
ran_orchestration,59,mal--ran_orchestration--ring--n20--slice_takeover--r3,1,0.9948389,0.8200000000000002,1,1
ran_orchestration,59,mal--ran_orchestration--ring--n20--slice_takeover--r3,0,0.6762649,0.8200000000000002,0,1
ran_orchestration,59,mal--ran_orchestration--ring--n4--control_plane_worm--r6,1,0.9694704,0.8200000000000002,1,1
ran_orchestration,59,mal--ran_orchestration--ring--n4--control_plane_worm--r6,0,0.6146764,0.8200000000000002,0,1
ran_orchestration,59,mal--ran_orchestration--ring--n4--control_plane_worm--r6,1,0.8400412,0.8200000000000002,1,1
ran_orchestration,59,mal--ran_orchestration--ring--n4--control_plane_worm--r6,1,0.6210275,0.8200000000000002,0,1
ran_orchestration,59,mal--ran_orchestration--ring--n4--control_plane_worm--r6,0,0.009132927,0.8200000000000002,0,0
ran_orchestration,59,mal--ran_orchestration--ring--n8--exfiltration_propagation--r2,1,0.986212,0.8200000000000002,1,1
ran_orchestration,59,mal--ran_orchestration--ring--n8--exfiltration_propagation--r2,0,0.5563184,0.8200000000000002,0,1
ran_orchestration,59,mal--ran_orchestration--ring--n8--exfiltration_propagation--r2,0,0.007358156,0.8200000000000002,0,0
ran_orchestration,59,mal--ran_orchestration--ring--n8--exfiltration_propagation--r3,1,0.99344593,0.8200000000000002,1,1
ran_orchestration,59,mal--ran_orchestration--ring--n8--exfiltration_propagation--r3,0,0.06899308,0.8200000000000002,0,0
ran_orchestration,59,mal--ran_orchestration--ring--n8--exfiltration_propagation--r3,0,0.0024164922,0.8200000000000002,0,0
ran_orchestration,59,mal--ran_orchestration--ring--n8--guard_suppression--r1,1,0.8571196,0.8200000000000002,1,1
ran_orchestration,59,mal--ran_orchestration--ring--n8--guard_suppression--r1,0,0.019674653,0.8200000000000002,0,0
ran_orchestration,59,mal--ran_orchestration--star--n10--control_plane_worm--r2,1,0.98589873,0.8200000000000002,1,1
ran_orchestration,59,mal--ran_orchestration--star--n10--control_plane_worm--r2,1,0.7150939,0.8200000000000002,0,1
ran_orchestration,59,mal--ran_orchestration--star--n10--exfiltration_propagation--r2,1,0.99612844,0.8200000000000002,1,1
ran_orchestration,59,mal--ran_orchestration--star--n10--exfiltration_propagation--r2,0,0.71062964,0.8200000000000002,0,1
ran_orchestration,59,mal--ran_orchestration--star--n10--guard_suppression--r1,1,0.99018574,0.8200000000000002,1,1
ran_orchestration,59,mal--ran_orchestration--star--n10--guard_suppression--r1,0,0.88789874,0.8200000000000002,1,1
ran_orchestration,59,mal--ran_orchestration--star--n10--guard_suppression--r6,1,0.5383835,0.8200000000000002,0,1
ran_orchestration,59,mal--ran_orchestration--star--n10--guard_suppression--r6,0,0.012773623,0.8200000000000002,0,0
ran_orchestration,59,mal--ran_orchestration--star--n15--exfiltration_propagation--r6,1,0.99391806,0.8200000000000002,1,1
ran_orchestration,59,mal--ran_orchestration--star--n15--exfiltration_propagation--r6,0,0.64434767,0.8200000000000002,0,1
ran_orchestration,59,mal--ran_orchestration--star--n15--guard_suppression--r2,1,0.9940024,0.8200000000000002,1,1
ran_orchestration,59,mal--ran_orchestration--star--n15--guard_suppression--r2,0,0.7580392,0.8200000000000002,0,1
ran_orchestration,59,mal--ran_orchestration--star--n15--recovery_poisoning--r2,1,0.9956761,0.8200000000000002,1,1
ran_orchestration,59,mal--ran_orchestration--star--n15--recovery_poisoning--r2,0,0.62273955,0.8200000000000002,0,1
ran_orchestration,59,mal--ran_orchestration--star--n15--slice_takeover--r4,1,0.9956677,0.8200000000000002,1,1
ran_orchestration,59,mal--ran_orchestration--star--n15--slice_takeover--r4,0,0.5365281,0.8200000000000002,0,1
ran_orchestration,59,mal--ran_orchestration--star--n20--control_plane_worm--r2,0,0.04132865,0.8200000000000002,0,0
ran_orchestration,59,mal--ran_orchestration--star--n20--exfiltration_propagation--r5,0,0.14947061,0.8200000000000002,0,0
ran_orchestration,59,mal--ran_orchestration--star--n20--recovery_poisoning--r2,0,0.3900993,0.8200000000000002,0,0
ran_orchestration,59,mal--ran_orchestration--star--n20--recovery_poisoning--r6,1,0.9434486,0.8200000000000002,1,1
ran_orchestration,59,mal--ran_orchestration--star--n20--recovery_poisoning--r6,0,0.13231705,0.8200000000000002,0,0
ran_orchestration,59,mal--ran_orchestration--star--n20--slice_takeover--r3,1,0.9967469,0.8200000000000002,1,1
ran_orchestration,59,mal--ran_orchestration--star--n20--slice_takeover--r3,0,0.52769655,0.8200000000000002,0,1
ran_orchestration,59,mal--ran_orchestration--star--n4--control_plane_worm--r1,1,0.9785236,0.8200000000000002,1,1
ran_orchestration,59,mal--ran_orchestration--star--n4--control_plane_worm--r1,0,0.6407177,0.8200000000000002,0,1
ran_orchestration,59,mal--ran_orchestration--star--n4--control_plane_worm--r1,0,0.44397005,0.8200000000000002,0,0
ran_orchestration,59,mal--ran_orchestration--star--n4--exfiltration_propagation--r4,1,0.9947167,0.8200000000000002,1,1
ran_orchestration,59,mal--ran_orchestration--star--n4--exfiltration_propagation--r4,1,0.2930891,0.8200000000000002,0,0
ran_orchestration,59,mal--ran_orchestration--star--n4--exfiltration_propagation--r4,0,0.058726784,0.8200000000000002,0,0
ran_orchestration,59,mal--ran_orchestration--star--n4--guard_suppression--r3,1,0.90011007,0.8200000000000002,1,1
ran_orchestration,59,mal--ran_orchestration--star--n4--guard_suppression--r3,1,0.16969727,0.8200000000000002,0,0
ran_orchestration,59,mal--ran_orchestration--star--n4--guard_suppression--r3,0,0.04368229,0.8200000000000002,0,0
ran_orchestration,59,mal--ran_orchestration--star--n4--recovery_poisoning--r5,1,0.98465204,0.8200000000000002,1,1
ran_orchestration,59,mal--ran_orchestration--star--n4--recovery_poisoning--r5,0,0.15432201,0.8200000000000002,0,0
ran_orchestration,59,mal--ran_orchestration--star--n4--recovery_poisoning--r5,0,0.30453625,0.8200000000000002,0,0
ran_orchestration,59,mal--ran_orchestration--star--n4--slice_takeover--r2,1,0.99719363,0.8200000000000002,1,1
ran_orchestration,59,mal--ran_orchestration--star--n4--slice_takeover--r2,0,0.6850797,0.8200000000000002,0,1
ran_orchestration,59,mal--ran_orchestration--star--n8--control_plane_worm--r5,1,0.98599756,0.8200000000000002,1,1
ran_orchestration,59,mal--ran_orchestration--star--n8--control_plane_worm--r5,0,0.346266,0.8200000000000002,0,0
ran_orchestration,59,mal--ran_orchestration--star--n8--control_plane_worm--r5,0,0.022873875,0.8200000000000002,0,0
ran_orchestration,59,mal--ran_orchestration--star--n8--exfiltration_propagation--r3,1,0.9976338,0.8200000000000002,1,1
ran_orchestration,59,mal--ran_orchestration--star--n8--exfiltration_propagation--r3,1,0.5350892,0.8200000000000002,0,1
ran_orchestration,59,mal--ran_orchestration--star--n8--exfiltration_propagation--r3,0,0.0063332235,0.8200000000000002,0,0
slice_management,7,benign--slice_management--chain--n10--containment_drill--r2,0,0.0014339574,0.4700000000000001,0,0
slice_management,7,benign--slice_management--chain--n10--containment_drill--r6,0,0.0016507163,0.4700000000000001,0,0
slice_management,7,benign--slice_management--chain--n10--containment_drill--r6,0,0.0038879171,0.4700000000000001,0,0
slice_management,7,benign--slice_management--chain--n10--containment_drill--r6,0,0.0018750187,0.4700000000000001,0,0
slice_management,7,benign--slice_management--chain--n10--containment_drill--r6,0,0.0039484156,0.4700000000000001,0,0
slice_management,7,benign--slice_management--chain--n10--maintenance_notice--r4,0,0.030384544,0.4700000000000001,0,0
slice_management,7,benign--slice_management--chain--n10--quoted_attack_review--r5,0,0.021582281,0.4700000000000001,0,0
slice_management,7,benign--slice_management--chain--n10--quoted_attack_review--r5,0,0.002098028,0.4700000000000001,0,0
slice_management,7,benign--slice_management--chain--n10--routine_update--r3,0,0.031075014,0.4700000000000001,0,0
slice_management,7,benign--slice_management--chain--n10--routine_update--r3,0,0.03575653,0.4700000000000001,0,0
slice_management,7,benign--slice_management--chain--n15--containment_drill--r4,0,0.005797,0.4700000000000001,0,0
slice_management,7,benign--slice_management--chain--n15--containment_drill--r4,0,0.0013077814,0.4700000000000001,0,0
slice_management,7,benign--slice_management--chain--n15--maintenance_notice--r2,0,0.0063685775,0.4700000000000001,0,0
slice_management,7,benign--slice_management--chain--n15--maintenance_notice--r6,0,0.024900869,0.4700000000000001,0,0
slice_management,7,benign--slice_management--chain--n15--maintenance_notice--r6,0,0.0027319528,0.4700000000000001,0,0
slice_management,7,benign--slice_management--chain--n15--maintenance_notice--r6,0,0.011113677,0.4700000000000001,0,0
slice_management,7,benign--slice_management--chain--n15--routine_update--r1,0,0.005604432,0.4700000000000001,0,0
slice_management,7,benign--slice_management--chain--n15--routine_update--r5,0,0.06354353,0.4700000000000001,0,0
slice_management,7,benign--slice_management--chain--n15--routine_update--r5,0,0.047541212,0.4700000000000001,0,0
slice_management,7,benign--slice_management--chain--n15--routine_update--r5,0,0.13627021,0.4700000000000001,0,0
slice_management,7,benign--slice_management--chain--n15--routine_update--r5,0,0.11756443,0.4700000000000001,0,0
slice_management,7,benign--slice_management--chain--n15--routine_update--r5,0,0.01035413,0.4700000000000001,0,0
slice_management,7,benign--slice_management--chain--n20--containment_drill--r2,0,0.0013103611,0.4700000000000001,0,0
slice_management,7,benign--slice_management--chain--n20--maintenance_notice--r4,0,0.04560573,0.4700000000000001,0,0
slice_management,7,benign--slice_management--chain--n20--maintenance_notice--r4,0,0.07849496,0.4700000000000001,0,0
slice_management,7,benign--slice_management--chain--n20--quoted_attack_review--r5,0,0.0013482716,0.4700000000000001,0,0
slice_management,7,benign--slice_management--chain--n4--containment_drill--r2,0,0.002870854,0.4700000000000001,0,0
slice_management,7,benign--slice_management--chain--n4--containment_drill--r2,0,0.0023900853,0.4700000000000001,0,0
slice_management,7,benign--slice_management--chain--n4--containment_drill--r2,0,0.0012826083,0.4700000000000001,0,0
slice_management,7,benign--slice_management--chain--n4--containment_drill--r2,0,0.0011098302,0.4700000000000001,0,0
slice_management,7,benign--slice_management--chain--n4--containment_drill--r6,0,0.0011314081,0.4700000000000001,0,0
slice_management,7,benign--slice_management--chain--n4--quoted_attack_review--r1,0,0.15318416,0.4700000000000001,0,0
slice_management,7,benign--slice_management--chain--n4--quoted_attack_review--r1,0,0.0006112555,0.4700000000000001,0,0
slice_management,7,benign--slice_management--chain--n4--quoted_attack_review--r5,0,0.15318416,0.4700000000000001,0,0
slice_management,7,benign--slice_management--chain--n4--quoted_attack_review--r5,0,0.0011167667,0.4700000000000001,0,0
slice_management,7,benign--slice_management--chain--n4--routine_update--r3,0,0.020150818,0.4700000000000001,0,0
slice_management,7,benign--slice_management--chain--n8--containment_drill--r4,0,0.0010308296,0.4700000000000001,0,0
slice_management,7,benign--slice_management--chain--n8--maintenance_notice--r2,0,0.0017033621,0.4700000000000001,0,0
slice_management,7,benign--slice_management--chain--n8--routine_update--r1,0,0.003434255,0.4700000000000001,0,0
slice_management,7,benign--slice_management--chain--n8--routine_update--r5,0,0.031196514,0.4700000000000001,0,0
slice_management,7,benign--slice_management--chain--n8--routine_update--r5,0,0.0046964507,0.4700000000000001,0,0
slice_management,7,benign--slice_management--mesh_lite--n10--containment_drill--r4,0,0.0022292263,0.4700000000000001,0,0
slice_management,7,benign--slice_management--mesh_lite--n10--containment_drill--r4,0,0.003129912,0.4700000000000001,0,0
slice_management,7,benign--slice_management--mesh_lite--n10--containment_drill--r4,0,0.003850402,0.4700000000000001,0,0
slice_management,7,benign--slice_management--mesh_lite--n10--containment_drill--r4,0,0.0020993573,0.4700000000000001,0,0
slice_management,7,benign--slice_management--mesh_lite--n10--containment_drill--r4,0,0.0010685658,0.4700000000000001,0,0
slice_management,7,benign--slice_management--mesh_lite--n10--containment_drill--r4,0,0.0038283987,0.4700000000000001,0,0
slice_management,7,benign--slice_management--mesh_lite--n10--containment_drill--r4,0,0.003917865,0.4700000000000001,0,0
slice_management,7,benign--slice_management--mesh_lite--n10--containment_drill--r4,0,0.0025105497,0.4700000000000001,0,0
slice_management,7,benign--slice_management--mesh_lite--n10--containment_drill--r4,0,0.002953215,0.4700000000000001,0,0
slice_management,7,benign--slice_management--mesh_lite--n10--maintenance_notice--r2,0,0.0012694425,0.4700000000000001,0,0
slice_management,7,benign--slice_management--mesh_lite--n10--quoted_attack_review--r3,0,0.030361738,0.4700000000000001,0,0
slice_management,7,benign--slice_management--mesh_lite--n10--quoted_attack_review--r3,0,0.005463561,0.4700000000000001,0,0
slice_management,7,benign--slice_management--mesh_lite--n10--quoted_attack_review--r3,0,0.042295802,0.4700000000000001,0,0
slice_management,7,benign--slice_management--mesh_lite--n10--quoted_attack_review--r3,0,0.006148818,0.4700000000000001,0,0
slice_management,7,benign--slice_management--mesh_lite--n10--quoted_attack_review--r3,0,0.0030632436,0.4700000000000001,0,0
slice_management,7,benign--slice_management--mesh_lite--n10--quoted_attack_review--r3,0,0.093965106,0.4700000000000001,0,0
slice_management,7,benign--slice_management--mesh_lite--n10--quoted_attack_review--r3,0,0.048376195,0.4700000000000001,0,0
slice_management,7,benign--slice_management--mesh_lite--n10--quoted_attack_review--r3,0,0.013107977,0.4700000000000001,0,0
slice_management,7,benign--slice_management--mesh_lite--n10--quoted_attack_review--r3,0,0.06184269,0.4700000000000001,0,0
slice_management,7,benign--slice_management--mesh_lite--n10--routine_update--r1,0,0.007476737,0.4700000000000001,0,0
slice_management,7,benign--slice_management--mesh_lite--n15--containment_drill--r2,0,0.0010896636,0.4700000000000001,0,0
slice_management,7,benign--slice_management--mesh_lite--n15--containment_drill--r6,0,0.0030138588,0.4700000000000001,0,0
slice_management,7,benign--slice_management--mesh_lite--n15--quoted_attack_review--r1,0,0.026208024,0.4700000000000001,0,0
slice_management,7,benign--slice_management--mesh_lite--n15--quoted_attack_review--r5,0,0.0012432685,0.4700000000000001,0,0
slice_management,7,benign--slice_management--mesh_lite--n20--containment_drill--r4,0,0.03921277,0.4700000000000001,0,0
slice_management,7,benign--slice_management--mesh_lite--n20--containment_drill--r4,0,0.0024601654,0.4700000000000001,0,0
slice_management,7,benign--slice_management--mesh_lite--n20--containment_drill--r4,0,0.0014848235,0.4700000000000001,0,0
slice_management,7,benign--slice_management--mesh_lite--n20--maintenance_notice--r2,0,0.05049301,0.4700000000000001,0,0
slice_management,7,benign--slice_management--mesh_lite--n20--maintenance_notice--r2,0,0.002692586,0.4700000000000001,0,0
slice_management,7,benign--slice_management--mesh_lite--n20--maintenance_notice--r6,0,0.038772885,0.4700000000000001,0,0
slice_management,7,benign--slice_management--mesh_lite--n20--maintenance_notice--r6,0,0.01525766,0.4700000000000001,0,0
slice_management,7,benign--slice_management--mesh_lite--n20--quoted_attack_review--r3,0,0.020256849,0.4700000000000001,0,0
slice_management,7,benign--slice_management--mesh_lite--n20--quoted_attack_review--r3,0,0.0017498594,0.4700000000000001,0,0
slice_management,7,benign--slice_management--mesh_lite--n20--quoted_attack_review--r3,0,0.0031154987,0.4700000000000001,0,0
slice_management,7,benign--slice_management--mesh_lite--n20--routine_update--r1,0,0.011097925,0.4700000000000001,0,0
slice_management,7,benign--slice_management--mesh_lite--n20--routine_update--r1,0,0.18770978,0.4700000000000001,0,0
slice_management,7,benign--slice_management--mesh_lite--n20--routine_update--r1,0,0.075018436,0.4700000000000001,0,0
slice_management,7,benign--slice_management--mesh_lite--n20--routine_update--r1,0,0.048553057,0.4700000000000001,0,0
slice_management,7,benign--slice_management--mesh_lite--n20--routine_update--r1,0,0.007031261,0.4700000000000001,0,0
slice_management,7,benign--slice_management--mesh_lite--n20--routine_update--r1,0,0.0031251174,0.4700000000000001,0,0
slice_management,7,benign--slice_management--mesh_lite--n4--maintenance_notice--r2,0,0.0044518253,0.4700000000000001,0,0
slice_management,7,benign--slice_management--mesh_lite--n4--maintenance_notice--r2,0,0.0028494734,0.4700000000000001,0,0
slice_management,7,benign--slice_management--mesh_lite--n4--maintenance_notice--r2,0,0.0018190597,0.4700000000000001,0,0
slice_management,7,benign--slice_management--mesh_lite--n4--maintenance_notice--r2,0,0.004454776,0.4700000000000001,0,0
slice_management,7,benign--slice_management--mesh_lite--n4--maintenance_notice--r6,0,0.0018271958,0.4700000000000001,0,0
slice_management,7,benign--slice_management--mesh_lite--n4--routine_update--r1,0,0.0069646263,0.4700000000000001,0,0
slice_management,7,benign--slice_management--mesh_lite--n4--routine_update--r5,0,0.009357185,0.4700000000000001,0,0
slice_management,7,benign--slice_management--mesh_lite--n8--containment_drill--r2,0,0.0013282443,0.4700000000000001,0,0
slice_management,7,benign--slice_management--mesh_lite--n8--routine_update--r3,0,0.0049830074,0.4700000000000001,0,0
slice_management,7,benign--slice_management--mesh_lite--n8--routine_update--r3,0,0.008114148,0.4700000000000001,0,0
slice_management,7,benign--slice_management--mesh_lite--n8--routine_update--r3,0,0.00549242,0.4700000000000001,0,0
slice_management,7,benign--slice_management--mesh_lite--n8--routine_update--r3,0,0.005414878,0.4700000000000001,0,0
slice_management,7,benign--slice_management--mesh_lite--n8--routine_update--r3,0,0.010238126,0.4700000000000001,0,0
slice_management,7,benign--slice_management--mesh_lite--n8--routine_update--r3,0,0.0010624678,0.4700000000000001,0,0
slice_management,7,benign--slice_management--mesh_lite--n8--routine_update--r3,0,0.006958423,0.4700000000000001,0,0
slice_management,7,benign--slice_management--random_min_degree--n10--containment_drill--r2,0,0.0006991109,0.4700000000000001,0,0
slice_management,7,benign--slice_management--random_min_degree--n10--containment_drill--r6,0,0.0022314007,0.4700000000000001,0,0
slice_management,7,benign--slice_management--random_min_degree--n10--quoted_attack_review--r1,0,0.026208024,0.4700000000000001,0,0
slice_management,7,benign--slice_management--random_min_degree--n10--quoted_attack_review--r5,0,0.0012523792,0.4700000000000001,0,0
slice_management,7,benign--slice_management--random_min_degree--n10--routine_update--r3,0,0.025788847,0.4700000000000001,0,0
slice_management,7,benign--slice_management--random_min_degree--n15--maintenance_notice--r2,0,0.0046893302,0.4700000000000001,0,0
slice_management,7,benign--slice_management--random_min_degree--n15--maintenance_notice--r2,0,0.004930313,0.4700000000000001,0,0
slice_management,7,benign--slice_management--random_min_degree--n15--maintenance_notice--r2,0,0.0050318073,0.4700000000000001,0,0
slice_management,7,benign--slice_management--random_min_degree--n15--routine_update--r1,0,0.010374274,0.4700000000000001,0,0
slice_management,7,benign--slice_management--random_min_degree--n15--routine_update--r5,0,0.03939594,0.4700000000000001,0,0
slice_management,7,benign--slice_management--random_min_degree--n20--containment_drill--r2,0,0.00086109387,0.4700000000000001,0,0
slice_management,7,benign--slice_management--random_min_degree--n20--maintenance_notice--r4,0,0.0046725855,0.4700000000000001,0,0
slice_management,7,benign--slice_management--random_min_degree--n20--maintenance_notice--r4,0,0.004780453,0.4700000000000001,0,0
slice_management,7,benign--slice_management--random_min_degree--n20--maintenance_notice--r4,0,0.00453439,0.4700000000000001,0,0
slice_management,7,benign--slice_management--random_min_degree--n20--quoted_attack_review--r1,0,0.026208024,0.4700000000000001,0,0
slice_management,7,benign--slice_management--random_min_degree--n20--routine_update--r3,0,0.017087368,0.4700000000000001,0,0
slice_management,7,benign--slice_management--random_min_degree--n4--containment_drill--r2,0,0.00202775,0.4700000000000001,0,0
slice_management,7,benign--slice_management--random_min_degree--n4--quoted_attack_review--r1,0,0.024064591,0.4700000000000001,0,0
slice_management,7,benign--slice_management--random_min_degree--n4--quoted_attack_review--r5,0,0.024064591,0.4700000000000001,0,0
slice_management,7,benign--slice_management--random_min_degree--n8--containment_drill--r4,0,0.005797,0.4700000000000001,0,0
slice_management,7,benign--slice_management--random_min_degree--n8--containment_drill--r4,0,0.0022950384,0.4700000000000001,0,0
slice_management,7,benign--slice_management--random_min_degree--n8--containment_drill--r4,0,0.0013115192,0.4700000000000001,0,0
slice_management,7,benign--slice_management--random_min_degree--n8--maintenance_notice--r2,0,0.0017640482,0.4700000000000001,0,0
slice_management,7,benign--slice_management--random_min_degree--n8--quoted_attack_review--r3,0,0.005847801,0.4700000000000001,0,0
slice_management,7,benign--slice_management--random_min_degree--n8--routine_update--r1,0,0.014118265,0.4700000000000001,0,0
slice_management,7,benign--slice_management--random_min_degree--n8--routine_update--r5,0,0.008513947,0.4700000000000001,0,0
slice_management,7,benign--slice_management--random_min_degree--n8--routine_update--r5,0,0.0077705155,0.4700000000000001,0,0
slice_management,7,benign--slice_management--ring--n10--containment_drill--r2,0,0.00082954887,0.4700000000000001,0,0
slice_management,7,benign--slice_management--ring--n10--containment_drill--r6,0,0.0022807405,0.4700000000000001,0,0
slice_management,7,benign--slice_management--ring--n10--containment_drill--r6,0,0.0014189233,0.4700000000000001,0,0
slice_management,7,benign--slice_management--ring--n10--containment_drill--r6,0,0.0051231217,0.4700000000000001,0,0
slice_management,7,benign--slice_management--ring--n10--quoted_attack_review--r1,0,0.026208024,0.4700000000000001,0,0
slice_management,7,benign--slice_management--ring--n10--quoted_attack_review--r5,0,0.019873898,0.4700000000000001,0,0
slice_management,7,benign--slice_management--ring--n10--quoted_attack_review--r5,0,0.022896938,0.4700000000000001,0,0
slice_management,7,benign--slice_management--ring--n10--quoted_attack_review--r5,0,0.0038712407,0.4700000000000001,0,0
slice_management,7,benign--slice_management--ring--n10--routine_update--r3,0,0.0104464665,0.4700000000000001,0,0
slice_management,7,benign--slice_management--ring--n15--containment_drill--r4,0,0.0011534244,0.4700000000000001,0,0
slice_management,7,benign--slice_management--ring--n15--routine_update--r1,0,0.007384973,0.4700000000000001,0,0
slice_management,7,benign--slice_management--ring--n20--containment_drill--r2,0,0.0010716624,0.4700000000000001,0,0
slice_management,7,benign--slice_management--ring--n20--quoted_attack_review--r1,0,0.026208024,0.4700000000000001,0,0
slice_management,7,benign--slice_management--ring--n20--quoted_attack_review--r5,0,0.0011056551,0.4700000000000001,0,0
slice_management,7,benign--slice_management--ring--n20--routine_update--r3,0,0.010587634,0.4700000000000001,0,0
slice_management,7,benign--slice_management--ring--n20--routine_update--r3,0,0.0035250175,0.4700000000000001,0,0
slice_management,7,benign--slice_management--ring--n4--containment_drill--r2,0,0.0008545882,0.4700000000000001,0,0
slice_management,7,benign--slice_management--ring--n4--containment_drill--r6,0,0.005446709,0.4700000000000001,0,0
slice_management,7,benign--slice_management--ring--n4--quoted_attack_review--r1,0,0.026208024,0.4700000000000001,0,0
slice_management,7,benign--slice_management--ring--n4--quoted_attack_review--r5,0,0.026208024,0.4700000000000001,0,0
slice_management,7,benign--slice_management--ring--n4--routine_update--r3,0,0.033851575,0.4700000000000001,0,0
slice_management,7,benign--slice_management--ring--n8--containment_drill--r4,0,0.0012751829,0.4700000000000001,0,0
slice_management,7,benign--slice_management--ring--n8--maintenance_notice--r2,0,0.0017688113,0.4700000000000001,0,0
slice_management,7,benign--slice_management--ring--n8--maintenance_notice--r6,0,0.013661146,0.4700000000000001,0,0
slice_management,7,benign--slice_management--ring--n8--quoted_attack_review--r3,0,0.00866288,0.4700000000000001,0,0
slice_management,7,benign--slice_management--ring--n8--quoted_attack_review--r3,0,0.20348303,0.4700000000000001,0,0
slice_management,7,benign--slice_management--ring--n8--quoted_attack_review--r3,0,0.0046063527,0.4700000000000001,0,0
slice_management,7,benign--slice_management--ring--n8--quoted_attack_review--r3,0,0.15860021,0.4700000000000001,0,0
slice_management,7,benign--slice_management--ring--n8--quoted_attack_review--r3,0,0.06115679,0.4700000000000001,0,0
slice_management,7,benign--slice_management--ring--n8--quoted_attack_review--r3,0,0.1471919,0.4700000000000001,0,0
slice_management,7,benign--slice_management--ring--n8--quoted_attack_review--r3,0,0.001628238,0.4700000000000001,0,0
slice_management,7,benign--slice_management--ring--n8--routine_update--r1,0,0.0023999105,0.4700000000000001,0,0
slice_management,7,benign--slice_management--ring--n8--routine_update--r1,0,0.008738629,0.4700000000000001,0,0
slice_management,7,benign--slice_management--ring--n8--routine_update--r5,0,0.0023429217,0.4700000000000001,0,0
slice_management,7,benign--slice_management--star--n10--containment_drill--r4,0,0.00109095,0.4700000000000001,0,0
slice_management,7,benign--slice_management--star--n10--maintenance_notice--r6,0,0.04244918,0.4700000000000001,0,0
slice_management,7,benign--slice_management--star--n10--maintenance_notice--r6,0,0.014600994,0.4700000000000001,0,0
slice_management,7,benign--slice_management--star--n10--quoted_attack_review--r3,0,0.008833467,0.4700000000000001,0,0
slice_management,7,benign--slice_management--star--n10--quoted_attack_review--r3,0,0.0021020572,0.4700000000000001,0,0
slice_management,7,benign--slice_management--star--n10--routine_update--r1,0,0.010759274,0.4700000000000001,0,0
slice_management,7,benign--slice_management--star--n15--containment_drill--r2,0,0.0016613692,0.4700000000000001,0,0
slice_management,7,benign--slice_management--star--n15--maintenance_notice--r4,0,0.02708185,0.4700000000000001,0,0
slice_management,7,benign--slice_management--star--n15--maintenance_notice--r4,0,0.005107971,0.4700000000000001,0,0
slice_management,7,benign--slice_management--star--n20--maintenance_notice--r2,0,0.0017034659,0.4700000000000001,0,0
slice_management,7,benign--slice_management--star--n20--quoted_attack_review--r3,0,0.002478209,0.4700000000000001,0,0
slice_management,7,benign--slice_management--star--n20--routine_update--r1,0,0.03776376,0.4700000000000001,0,0
slice_management,7,benign--slice_management--star--n20--routine_update--r5,0,0.042059284,0.4700000000000001,0,0
slice_management,7,benign--slice_management--star--n20--routine_update--r5,0,0.003003596,0.4700000000000001,0,0
slice_management,7,benign--slice_management--star--n4--containment_drill--r4,0,0.0056154015,0.4700000000000001,0,0
slice_management,7,benign--slice_management--star--n4--containment_drill--r4,0,0.0015413323,0.4700000000000001,0,0
slice_management,7,benign--slice_management--star--n4--maintenance_notice--r2,0,0.0020633012,0.4700000000000001,0,0
slice_management,7,benign--slice_management--star--n4--quoted_attack_review--r3,0,0.007123617,0.4700000000000001,0,0
slice_management,7,benign--slice_management--star--n4--routine_update--r1,0,0.0029556032,0.4700000000000001,0,0
slice_management,7,benign--slice_management--star--n4--routine_update--r5,0,0.0041773077,0.4700000000000001,0,0
slice_management,7,benign--slice_management--star--n4--routine_update--r5,0,0.004278416,0.4700000000000001,0,0
slice_management,7,benign--slice_management--star--n8--containment_drill--r6,0,0.0012722488,0.4700000000000001,0,0
slice_management,7,benign--slice_management--star--n8--containment_drill--r6,0,0.0024384197,0.4700000000000001,0,0
slice_management,7,benign--slice_management--star--n8--maintenance_notice--r4,0,0.089141004,0.4700000000000001,0,0
slice_management,7,benign--slice_management--star--n8--maintenance_notice--r4,0,0.012228777,0.4700000000000001,0,0
slice_management,7,benign--slice_management--star--n8--quoted_attack_review--r1,0,0.054222725,0.4700000000000001,0,0
slice_management,7,benign--slice_management--star--n8--quoted_attack_review--r1,0,0.024170373,0.4700000000000001,0,0
slice_management,7,benign--slice_management--star--n8--quoted_attack_review--r5,0,0.04380656,0.4700000000000001,0,0
slice_management,7,benign--slice_management--star--n8--quoted_attack_review--r5,0,0.0032191135,0.4700000000000001,0,0
slice_management,7,mal--slice_management--chain--n10--control_plane_worm--r4,1,0.6611578,0.4700000000000001,1,1
slice_management,7,mal--slice_management--chain--n10--control_plane_worm--r4,1,0.90657616,0.4700000000000001,1,1
slice_management,7,mal--slice_management--chain--n10--control_plane_worm--r4,0,0.02579355,0.4700000000000001,0,0
slice_management,7,mal--slice_management--chain--n10--control_plane_worm--r4,1,0.7256731,0.4700000000000001,1,1
slice_management,7,mal--slice_management--chain--n10--control_plane_worm--r4,0,0.33595526,0.4700000000000001,0,0
slice_management,7,mal--slice_management--chain--n10--guard_suppression--r6,1,0.9869489,0.4700000000000001,1,1
slice_management,7,mal--slice_management--chain--n10--guard_suppression--r6,0,0.26704764,0.4700000000000001,0,0
slice_management,7,mal--slice_management--chain--n10--recovery_poisoning--r1,1,0.2143768,0.4700000000000001,0,0
slice_management,7,mal--slice_management--chain--n10--recovery_poisoning--r1,1,0.29400715,0.4700000000000001,0,0
slice_management,7,mal--slice_management--chain--n10--recovery_poisoning--r1,0,0.20640253,0.4700000000000001,0,0
slice_management,7,mal--slice_management--chain--n10--recovery_poisoning--r1,0,0.007011935,0.4700000000000001,0,0
slice_management,7,mal--slice_management--chain--n10--slice_takeover--r5,1,0.97556883,0.4700000000000001,1,1
slice_management,7,mal--slice_management--chain--n10--slice_takeover--r5,1,0.9915348,0.4700000000000001,1,1
slice_management,7,mal--slice_management--chain--n15--exfiltration_propagation--r6,1,0.9351541,0.4700000000000001,1,1
slice_management,7,mal--slice_management--chain--n15--exfiltration_propagation--r6,1,0.98103493,0.4700000000000001,1,1
slice_management,7,mal--slice_management--chain--n15--exfiltration_propagation--r6,1,0.46390003,0.4700000000000001,0,0
slice_management,7,mal--slice_management--chain--n15--guard_suppression--r5,1,0.8553571,0.4700000000000001,1,1
slice_management,7,mal--slice_management--chain--n15--guard_suppression--r5,0,0.002837288,0.4700000000000001,0,0
slice_management,7,mal--slice_management--chain--n15--guard_suppression--r5,0,0.0036435158,0.4700000000000001,0,0
slice_management,7,mal--slice_management--chain--n15--guard_suppression--r5,1,0.8569773,0.4700000000000001,1,1
slice_management,7,mal--slice_management--chain--n15--guard_suppression--r5,1,0.68810076,0.4700000000000001,1,1
slice_management,7,mal--slice_management--chain--n15--guard_suppression--r5,1,0.630655,0.4700000000000001,1,1
slice_management,7,mal--slice_management--chain--n15--slice_takeover--r4,1,0.9580668,0.4700000000000001,1,1
slice_management,7,mal--slice_management--chain--n15--slice_takeover--r4,0,0.009198121,0.4700000000000001,0,0
slice_management,7,mal--slice_management--chain--n15--slice_takeover--r4,0,0.07744632,0.4700000000000001,0,0
slice_management,7,mal--slice_management--chain--n15--slice_takeover--r4,0,0.0023412548,0.4700000000000001,0,0
slice_management,7,mal--slice_management--chain--n15--slice_takeover--r4,0,0.004465939,0.4700000000000001,0,0
slice_management,7,mal--slice_management--chain--n20--control_plane_worm--r2,1,0.99230534,0.4700000000000001,1,1
slice_management,7,mal--slice_management--chain--n20--control_plane_worm--r2,1,0.84225696,0.4700000000000001,1,1
slice_management,7,mal--slice_management--chain--n20--control_plane_worm--r2,1,0.64380014,0.4700000000000001,1,1
slice_management,7,mal--slice_management--chain--n20--control_plane_worm--r2,1,0.8484857,0.4700000000000001,1,1
slice_management,7,mal--slice_management--chain--n20--recovery_poisoning--r2,1,0.66292596,0.4700000000000001,1,1
slice_management,7,mal--slice_management--chain--n20--recovery_poisoning--r2,0,0.15977983,0.4700000000000001,0,0
slice_management,7,mal--slice_management--chain--n20--recovery_poisoning--r6,1,0.5929137,0.4700000000000001,1,1
slice_management,7,mal--slice_management--chain--n20--recovery_poisoning--r6,1,0.42099252,0.4700000000000001,0,0
slice_management,7,mal--slice_management--chain--n20--recovery_poisoning--r6,1,0.51010036,0.4700000000000001,1,1
slice_management,7,mal--slice_management--chain--n4--exfiltration_propagation--r4,1,0.9000131,0.4700000000000001,1,1
slice_management,7,mal--slice_management--chain--n4--exfiltration_propagation--r4,1,0.8658155,0.4700000000000001,1,1
slice_management,7,mal--slice_management--chain--n4--exfiltration_propagation--r4,0,0.02727196,0.4700000000000001,0,0
slice_management,7,mal--slice_management--chain--n4--exfiltration_propagation--r4,0,0.1774256,0.4700000000000001,0,0
slice_management,7,mal--slice_management--chain--n4--guard_suppression--r3,1,0.4794128,0.4700000000000001,1,0
slice_management,7,mal--slice_management--chain--n4--guard_suppression--r3,0,0.26343176,0.4700000000000001,0,0
slice_management,7,mal--slice_management--chain--n8--control_plane_worm--r5,1,0.9907545,0.4700000000000001,1,1
slice_management,7,mal--slice_management--chain--n8--control_plane_worm--r5,1,0.92995685,0.4700000000000001,1,1
slice_management,7,mal--slice_management--chain--n8--control_plane_worm--r5,0,0.0035581733,0.4700000000000001,0,0
slice_management,7,mal--slice_management--chain--n8--exfiltration_propagation--r2,1,0.8132896,0.4700000000000001,1,1
slice_management,7,mal--slice_management--chain--n8--exfiltration_propagation--r2,0,0.55895406,0.4700000000000001,1,1
slice_management,7,mal--slice_management--chain--n8--exfiltration_propagation--r3,1,0.88504565,0.4700000000000001,1,1
slice_management,7,mal--slice_management--chain--n8--exfiltration_propagation--r3,0,0.0033926165,0.4700000000000001,0,0
slice_management,7,mal--slice_management--chain--n8--guard_suppression--r2,1,0.8968379,0.4700000000000001,1,1
slice_management,7,mal--slice_management--chain--n8--guard_suppression--r2,1,0.80069387,0.4700000000000001,1,1
slice_management,7,mal--slice_management--chain--n8--guard_suppression--r2,0,0.0029491938,0.4700000000000001,0,0
slice_management,7,mal--slice_management--chain--n8--recovery_poisoning--r4,1,0.9942252,0.4700000000000001,1,1
slice_management,7,mal--slice_management--chain--n8--recovery_poisoning--r4,1,0.9939721,0.4700000000000001,1,1
slice_management,7,mal--slice_management--chain--n8--recovery_poisoning--r4,1,0.9851638,0.4700000000000001,1,1
slice_management,7,mal--slice_management--mesh_lite--n10--exfiltration_propagation--r2,1,0.94243807,0.4700000000000001,1,1
slice_management,7,mal--slice_management--mesh_lite--n10--exfiltration_propagation--r2,1,0.90904856,0.4700000000000001,1,1
slice_management,7,mal--slice_management--mesh_lite--n10--guard_suppression--r6,1,0.98632634,0.4700000000000001,1,1
slice_management,7,mal--slice_management--mesh_lite--n10--guard_suppression--r6,0,0.30095413,0.4700000000000001,0,0
slice_management,7,mal--slice_management--mesh_lite--n10--guard_suppression--r6,1,0.9554437,0.4700000000000001,1,1
slice_management,7,mal--slice_management--mesh_lite--n10--guard_suppression--r6,0,0.3035321,0.4700000000000001,0,0
slice_management,7,mal--slice_management--mesh_lite--n10--guard_suppression--r6,0,0.8392808,0.4700000000000001,1,1
slice_management,7,mal--slice_management--mesh_lite--n10--guard_suppression--r6,0,0.015340299,0.4700000000000001,0,0
slice_management,7,mal--slice_management--mesh_lite--n10--guard_suppression--r6,1,0.9226665,0.4700000000000001,1,1
slice_management,7,mal--slice_management--mesh_lite--n10--guard_suppression--r6,1,0.9643035,0.4700000000000001,1,1
slice_management,7,mal--slice_management--mesh_lite--n10--guard_suppression--r6,0,0.31216207,0.4700000000000001,0,0
slice_management,7,mal--slice_management--mesh_lite--n10--guard_suppression--r6,1,0.36991477,0.4700000000000001,0,0
slice_management,7,mal--slice_management--mesh_lite--n10--recovery_poisoning--r3,1,0.9497047,0.4700000000000001,1,1
slice_management,7,mal--slice_management--mesh_lite--n10--recovery_poisoning--r3,0,0.43948096,0.4700000000000001,0,0
slice_management,7,mal--slice_management--mesh_lite--n10--recovery_poisoning--r3,0,0.013265016,0.4700000000000001,0,0
slice_management,7,mal--slice_management--mesh_lite--n15--guard_suppression--r2,1,0.9372456,0.4700000000000001,1,1
slice_management,7,mal--slice_management--mesh_lite--n15--guard_suppression--r2,0,0.0073068547,0.4700000000000001,0,0
slice_management,7,mal--slice_management--mesh_lite--n15--guard_suppression--r2,0,0.21466112,0.4700000000000001,0,0
slice_management,7,mal--slice_management--mesh_lite--n15--recovery_poisoning--r2,1,0.8972513,0.4700000000000001,1,1
slice_management,7,mal--slice_management--mesh_lite--n15--recovery_poisoning--r2,1,0.715554,0.4700000000000001,1,1
slice_management,7,mal--slice_management--mesh_lite--n15--recovery_poisoning--r2,0,0.06187318,0.4700000000000001,0,0
slice_management,7,mal--slice_management--mesh_lite--n15--recovery_poisoning--r2,1,0.90207624,0.4700000000000001,1,1
slice_management,7,mal--slice_management--mesh_lite--n15--recovery_poisoning--r2,0,0.20185843,0.4700000000000001,0,0
slice_management,7,mal--slice_management--mesh_lite--n15--recovery_poisoning--r2,1,0.6762716,0.4700000000000001,1,1
slice_management,7,mal--slice_management--mesh_lite--n15--slice_takeover--r4,1,0.9837499,0.4700000000000001,1,1
slice_management,7,mal--slice_management--mesh_lite--n15--slice_takeover--r4,0,0.010748915,0.4700000000000001,0,0
slice_management,7,mal--slice_management--mesh_lite--n15--slice_takeover--r4,0,0.47094935,0.4700000000000001,1,0
slice_management,7,mal--slice_management--mesh_lite--n15--slice_takeover--r4,1,0.98660475,0.4700000000000001,1,1
slice_management,7,mal--slice_management--mesh_lite--n15--slice_takeover--r4,0,0.011560498,0.4700000000000001,0,0
slice_management,7,mal--slice_management--mesh_lite--n15--slice_takeover--r4,1,0.922933,0.4700000000000001,1,1
slice_management,7,mal--slice_management--mesh_lite--n20--control_plane_worm--r2,1,0.9922655,0.4700000000000001,1,1
slice_management,7,mal--slice_management--mesh_lite--n20--control_plane_worm--r2,0,0.10253864,0.4700000000000001,0,0
slice_management,7,mal--slice_management--mesh_lite--n20--control_plane_worm--r2,1,0.9951084,0.4700000000000001,1,1
slice_management,7,mal--slice_management--mesh_lite--n20--control_plane_worm--r2,1,0.7491245,0.4700000000000001,1,1
slice_management,7,mal--slice_management--mesh_lite--n20--control_plane_worm--r2,1,0.710954,0.4700000000000001,1,1
slice_management,7,mal--slice_management--mesh_lite--n20--control_plane_worm--r2,1,0.12324557,0.4700000000000001,0,0
slice_management,7,mal--slice_management--mesh_lite--n20--control_plane_worm--r2,1,0.9601027,0.4700000000000001,1,1
slice_management,7,mal--slice_management--mesh_lite--n20--recovery_poisoning--r2,0,0.042954374,0.4700000000000001,0,0
slice_management,7,mal--slice_management--mesh_lite--n20--recovery_poisoning--r2,0,0.06542257,0.4700000000000001,0,0
slice_management,7,mal--slice_management--mesh_lite--n20--recovery_poisoning--r2,0,0.013949944,0.4700000000000001,0,0
slice_management,7,mal--slice_management--mesh_lite--n20--recovery_poisoning--r2,0,0.22481821,0.4700000000000001,0,0
slice_management,7,mal--slice_management--mesh_lite--n20--recovery_poisoning--r2,0,0.13046178,0.4700000000000001,0,0
slice_management,7,mal--slice_management--mesh_lite--n20--recovery_poisoning--r2,0,0.39185017,0.4700000000000001,0,0
slice_management,7,mal--slice_management--mesh_lite--n20--recovery_poisoning--r2,0,0.043786533,0.4700000000000001,0,0
slice_management,7,mal--slice_management--mesh_lite--n20--recovery_poisoning--r2,0,0.09171912,0.4700000000000001,0,0
slice_management,7,mal--slice_management--mesh_lite--n20--recovery_poisoning--r6,0,0.20265667,0.4700000000000001,0,0
slice_management,7,mal--slice_management--mesh_lite--n20--recovery_poisoning--r6,1,0.8849591,0.4700000000000001,1,1
slice_management,7,mal--slice_management--mesh_lite--n20--recovery_poisoning--r6,0,0.30354068,0.4700000000000001,0,0
slice_management,7,mal--slice_management--mesh_lite--n20--recovery_poisoning--r6,0,0.08218988,0.4700000000000001,0,0
slice_management,7,mal--slice_management--mesh_lite--n20--recovery_poisoning--r6,0,0.1975929,0.4700000000000001,0,0
slice_management,7,mal--slice_management--mesh_lite--n20--recovery_poisoning--r6,0,0.4015351,0.4700000000000001,0,0
slice_management,7,mal--slice_management--mesh_lite--n20--slice_takeover--r3,1,0.95746887,0.4700000000000001,1,1
slice_management,7,mal--slice_management--mesh_lite--n20--slice_takeover--r3,1,0.9649769,0.4700000000000001,1,1
slice_management,7,mal--slice_management--mesh_lite--n20--slice_takeover--r3,1,0.8468717,0.4700000000000001,1,1
slice_management,7,mal--slice_management--mesh_lite--n20--slice_takeover--r3,1,0.070092864,0.4700000000000001,0,0
slice_management,7,mal--slice_management--mesh_lite--n20--slice_takeover--r3,0,0.04146051,0.4700000000000001,0,0
slice_management,7,mal--slice_management--mesh_lite--n4--control_plane_worm--r6,0,0.16537847,0.4700000000000001,0,0
slice_management,7,mal--slice_management--mesh_lite--n4--control_plane_worm--r6,0,0.008803025,0.4700000000000001,0,0
slice_management,7,mal--slice_management--mesh_lite--n4--exfiltration_propagation--r4,1,0.21079671,0.4700000000000001,0,0
slice_management,7,mal--slice_management--mesh_lite--n4--exfiltration_propagation--r4,0,0.010748996,0.4700000000000001,0,0
slice_management,7,mal--slice_management--mesh_lite--n4--exfiltration_propagation--r4,1,0.3566958,0.4700000000000001,0,0
slice_management,7,mal--slice_management--mesh_lite--n4--exfiltration_propagation--r4,0,0.015550756,0.4700000000000001,0,0
slice_management,7,mal--slice_management--mesh_lite--n4--exfiltration_propagation--r4,1,0.3351175,0.4700000000000001,0,0
slice_management,7,mal--slice_management--mesh_lite--n4--exfiltration_propagation--r4,1,0.01798498,0.4700000000000001,0,0
slice_management,7,mal--slice_management--mesh_lite--n4--exfiltration_propagation--r4,1,0.40557545,0.4700000000000001,0,0
slice_management,7,mal--slice_management--mesh_lite--n8--control_plane_worm--r5,0,0.5541296,0.4700000000000001,1,1
slice_management,7,mal--slice_management--mesh_lite--n8--control_plane_worm--r5,0,0.004625499,0.4700000000000001,0,0
slice_management,7,mal--slice_management--mesh_lite--n8--control_plane_worm--r5,1,0.90343654,0.4700000000000001,1,1
slice_management,7,mal--slice_management--mesh_lite--n8--control_plane_worm--r5,1,0.9198357,0.4700000000000001,1,1
slice_management,7,mal--slice_management--mesh_lite--n8--control_plane_worm--r5,0,0.031188356,0.4700000000000001,0,0
slice_management,7,mal--slice_management--mesh_lite--n8--control_plane_worm--r5,1,0.9587158,0.4700000000000001,1,1
slice_management,7,mal--slice_management--mesh_lite--n8--control_plane_worm--r5,1,0.9102251,0.4700000000000001,1,1
slice_management,7,mal--slice_management--mesh_lite--n8--control_plane_worm--r5,1,0.11134588,0.4700000000000001,0,0
slice_management,7,mal--slice_management--mesh_lite--n8--exfiltration_propagation--r3,1,0.6506573,0.4700000000000001,1,1
slice_management,7,mal--slice_management--mesh_lite--n8--exfiltration_propagation--r3,0,0.17326653,0.4700000000000001,0,0
slice_management,7,mal--slice_management--mesh_lite--n8--exfiltration_propagation--r3,0,0.0024994512,0.4700000000000001,0,0
slice_management,7,mal--slice_management--mesh_lite--n8--guard_suppression--r2,1,0.981871,0.4700000000000001,1,1
slice_management,7,mal--slice_management--mesh_lite--n8--guard_suppression--r2,1,0.87497896,0.4700000000000001,1,1
slice_management,7,mal--slice_management--mesh_lite--n8--guard_suppression--r2,0,0.047285445,0.4700000000000001,0,0
slice_management,7,mal--slice_management--mesh_lite--n8--guard_suppression--r2,1,0.9864205,0.4700000000000001,1,1
slice_management,7,mal--slice_management--mesh_lite--n8--guard_suppression--r2,0,0.007208836,0.4700000000000001,0,0
slice_management,7,mal--slice_management--mesh_lite--n8--guard_suppression--r2,1,0.9874576,0.4700000000000001,1,1
slice_management,7,mal--slice_management--mesh_lite--n8--guard_suppression--r2,0,0.7446262,0.4700000000000001,1,1
slice_management,7,mal--slice_management--mesh_lite--n8--guard_suppression--r2,1,0.9873739,0.4700000000000001,1,1
slice_management,7,mal--slice_management--mesh_lite--n8--guard_suppression--r2,1,0.39651364,0.4700000000000001,0,0
slice_management,7,mal--slice_management--mesh_lite--n8--slice_takeover--r1,1,0.7555003,0.4700000000000001,1,1
slice_management,7,mal--slice_management--mesh_lite--n8--slice_takeover--r1,1,0.025782079,0.4700000000000001,0,0
slice_management,7,mal--slice_management--mesh_lite--n8--slice_takeover--r1,1,0.2848408,0.4700000000000001,0,0
slice_management,7,mal--slice_management--mesh_lite--n8--slice_takeover--r1,1,0.28662914,0.4700000000000001,0,0
slice_management,7,mal--slice_management--mesh_lite--n8--slice_takeover--r1,1,0.0065847696,0.4700000000000001,0,0
slice_management,7,mal--slice_management--mesh_lite--n8--slice_takeover--r1,1,0.04886834,0.4700000000000001,0,0
slice_management,7,mal--slice_management--mesh_lite--n8--slice_takeover--r1,1,0.003943292,0.4700000000000001,0,0
slice_management,7,mal--slice_management--mesh_lite--n8--slice_takeover--r1,1,0.00882284,0.4700000000000001,0,0
slice_management,7,mal--slice_management--random_min_degree--n10--control_plane_worm--r4,1,0.52432066,0.4700000000000001,1,1
slice_management,7,mal--slice_management--random_min_degree--n10--control_plane_worm--r4,1,0.72047013,0.4700000000000001,1,1
slice_management,7,mal--slice_management--random_min_degree--n10--control_plane_worm--r4,0,0.58638704,0.4700000000000001,1,1
slice_management,7,mal--slice_management--random_min_degree--n10--guard_suppression--r6,1,0.83940035,0.4700000000000001,1,1
slice_management,7,mal--slice_management--random_min_degree--n10--guard_suppression--r6,0,0.38533023,0.4700000000000001,0,0
slice_management,7,mal--slice_management--random_min_degree--n10--guard_suppression--r6,0,0.0030103235,0.4700000000000001,0,0
slice_management,7,mal--slice_management--random_min_degree--n10--guard_suppression--r6,0,0.0014473144,0.4700000000000001,0,0
slice_management,7,mal--slice_management--random_min_degree--n10--recovery_poisoning--r3,1,0.5866137,0.4700000000000001,1,1
slice_management,7,mal--slice_management--random_min_degree--n10--recovery_poisoning--r3,0,0.014575085,0.4700000000000001,0,0
slice_management,7,mal--slice_management--random_min_degree--n10--recovery_poisoning--r3,0,0.033339284,0.4700000000000001,0,0
slice_management,7,mal--slice_management--random_min_degree--n10--recovery_poisoning--r3,0,0.03184377,0.4700000000000001,0,0
slice_management,7,mal--slice_management--random_min_degree--n10--recovery_poisoning--r3,0,0.019306036,0.4700000000000001,0,0
slice_management,7,mal--slice_management--random_min_degree--n15--guard_suppression--r2,1,0.8770336,0.4700000000000001,1,1
slice_management,7,mal--slice_management--random_min_degree--n15--guard_suppression--r2,1,0.31405076,0.4700000000000001,0,0
slice_management,7,mal--slice_management--random_min_degree--n15--guard_suppression--r2,0,0.038805973,0.4700000000000001,0,0
slice_management,7,mal--slice_management--random_min_degree--n15--guard_suppression--r2,1,0.98388416,0.4700000000000001,1,1
slice_management,7,mal--slice_management--random_min_degree--n15--guard_suppression--r2,0,0.90822464,0.4700000000000001,1,1
slice_management,7,mal--slice_management--random_min_degree--n15--guard_suppression--r5,1,0.8553571,0.4700000000000001,1,1
slice_management,7,mal--slice_management--random_min_degree--n15--guard_suppression--r5,1,0.77879936,0.4700000000000001,1,1
slice_management,7,mal--slice_management--random_min_degree--n15--guard_suppression--r5,0,0.04943953,0.4700000000000001,0,0
slice_management,7,mal--slice_management--random_min_degree--n15--recovery_poisoning--r2,1,0.9963462,0.4700000000000001,1,1
slice_management,7,mal--slice_management--random_min_degree--n15--recovery_poisoning--r2,0,0.9458313,0.4700000000000001,1,1
slice_management,7,mal--slice_management--random_min_degree--n15--recovery_poisoning--r2,0,0.014876291,0.4700000000000001,0,0
slice_management,7,mal--slice_management--random_min_degree--n15--recovery_poisoning--r2,0,0.0046691364,0.4700000000000001,0,0
slice_management,7,mal--slice_management--random_min_degree--n15--recovery_poisoning--r2,0,0.0012971337,0.4700000000000001,0,0
slice_management,7,mal--slice_management--random_min_degree--n15--recovery_poisoning--r2,0,0.116412856,0.4700000000000001,0,0
slice_management,7,mal--slice_management--random_min_degree--n20--control_plane_worm--r2,0,0.24354838,0.4700000000000001,0,0
slice_management,7,mal--slice_management--random_min_degree--n20--control_plane_worm--r2,0,0.015933344,0.4700000000000001,0,0
slice_management,7,mal--slice_management--random_min_degree--n20--recovery_poisoning--r2,1,0.9720301,0.4700000000000001,1,1
slice_management,7,mal--slice_management--random_min_degree--n20--recovery_poisoning--r2,1,0.9671002,0.4700000000000001,1,1
slice_management,7,mal--slice_management--random_min_degree--n20--recovery_poisoning--r2,0,0.0059367674,0.4700000000000001,0,0
slice_management,7,mal--slice_management--random_min_degree--n20--recovery_poisoning--r2,1,0.874618,0.4700000000000001,1,1
slice_management,7,mal--slice_management--random_min_degree--n20--recovery_poisoning--r2,1,0.85680664,0.4700000000000001,1,1
slice_management,7,mal--slice_management--random_min_degree--n20--recovery_poisoning--r2,1,0.80195665,0.4700000000000001,1,1
slice_management,7,mal--slice_management--random_min_degree--n20--recovery_poisoning--r2,0,0.02824396,0.4700000000000001,0,0
slice_management,7,mal--slice_management--random_min_degree--n20--recovery_poisoning--r6,1,0.98785037,0.4700000000000001,1,1
slice_management,7,mal--slice_management--random_min_degree--n20--recovery_poisoning--r6,1,0.9846603,0.4700000000000001,1,1
slice_management,7,mal--slice_management--random_min_degree--n20--recovery_poisoning--r6,0,0.22771774,0.4700000000000001,0,0
slice_management,7,mal--slice_management--random_min_degree--n4--control_plane_worm--r6,0,0.9380496,0.4700000000000001,1,1
slice_management,7,mal--slice_management--random_min_degree--n4--slice_takeover--r2,1,0.8517692,0.4700000000000001,1,1
slice_management,7,mal--slice_management--random_min_degree--n4--slice_takeover--r2,0,0.008065092,0.4700000000000001,0,0
slice_management,7,mal--slice_management--random_min_degree--n4--slice_takeover--r2,1,0.9036485,0.4700000000000001,1,1
slice_management,7,mal--slice_management--random_min_degree--n4--slice_takeover--r2,0,0.05402214,0.4700000000000001,0,0
slice_management,7,mal--slice_management--random_min_degree--n4--slice_takeover--r2,1,0.8717175,0.4700000000000001,1,1
slice_management,7,mal--slice_management--random_min_degree--n8--control_plane_worm--r5,1,0.9849399,0.4700000000000001,1,1
slice_management,7,mal--slice_management--random_min_degree--n8--control_plane_worm--r5,0,0.13276304,0.4700000000000001,0,0
slice_management,7,mal--slice_management--random_min_degree--n8--control_plane_worm--r5,1,0.7612089,0.4700000000000001,1,1
slice_management,7,mal--slice_management--random_min_degree--n8--control_plane_worm--r5,0,0.009829838,0.4700000000000001,0,0
slice_management,7,mal--slice_management--random_min_degree--n8--exfiltration_propagation--r2,1,0.91030014,0.4700000000000001,1,1
slice_management,7,mal--slice_management--random_min_degree--n8--exfiltration_propagation--r2,1,0.85516244,0.4700000000000001,1,1
slice_management,7,mal--slice_management--random_min_degree--n8--exfiltration_propagation--r2,0,0.039023448,0.4700000000000001,0,0
slice_management,7,mal--slice_management--random_min_degree--n8--exfiltration_propagation--r2,1,0.80863273,0.4700000000000001,1,1
slice_management,7,mal--slice_management--random_min_degree--n8--exfiltration_propagation--r2,0,0.021187155,0.4700000000000001,0,0
slice_management,7,mal--slice_management--ring--n10--recovery_poisoning--r1,0,0.6169636,0.4700000000000001,1,1
slice_management,7,mal--slice_management--ring--n10--recovery_poisoning--r1,0,0.50253206,0.4700000000000001,1,1
slice_management,7,mal--slice_management--ring--n10--recovery_poisoning--r1,0,0.009668974,0.4700000000000001,0,0
slice_management,7,mal--slice_management--ring--n10--recovery_poisoning--r3,1,0.68322146,0.4700000000000001,1,1
slice_management,7,mal--slice_management--ring--n10--recovery_poisoning--r3,1,0.95271957,0.4700000000000001,1,1
slice_management,7,mal--slice_management--ring--n10--recovery_poisoning--r3,0,0.085883655,0.4700000000000001,0,0
slice_management,7,mal--slice_management--ring--n15--guard_suppression--r2,1,0.8733253,0.4700000000000001,1,1
slice_management,7,mal--slice_management--ring--n15--guard_suppression--r2,1,0.5210665,0.4700000000000001,1,1
slice_management,7,mal--slice_management--ring--n15--guard_suppression--r2,0,0.07571468,0.4700000000000001,0,0
slice_management,7,mal--slice_management--ring--n15--guard_suppression--r2,0,0.015769752,0.4700000000000001,0,0
slice_management,7,mal--slice_management--ring--n15--guard_suppression--r2,0,0.008896147,0.4700000000000001,0,0
slice_management,7,mal--slice_management--ring--n15--recovery_poisoning--r2,1,0.95985425,0.4700000000000001,1,1
slice_management,7,mal--slice_management--ring--n15--recovery_poisoning--r2,0,0.0048928224,0.4700000000000001,0,0
slice_management,7,mal--slice_management--ring--n15--recovery_poisoning--r2,0,0.004407551,0.4700000000000001,0,0
slice_management,7,mal--slice_management--ring--n15--recovery_poisoning--r2,0,0.003216544,0.4700000000000001,0,0
slice_management,7,mal--slice_management--ring--n15--slice_takeover--r4,1,0.8848872,0.4700000000000001,1,1
slice_management,7,mal--slice_management--ring--n15--slice_takeover--r4,1,0.9320255,0.4700000000000001,1,1
slice_management,7,mal--slice_management--ring--n15--slice_takeover--r4,1,0.98030776,0.4700000000000001,1,1
slice_management,7,mal--slice_management--ring--n15--slice_takeover--r4,0,0.32877442,0.4700000000000001,0,0
slice_management,7,mal--slice_management--ring--n15--slice_takeover--r4,0,0.011669129,0.4700000000000001,0,0
slice_management,7,mal--slice_management--ring--n20--control_plane_worm--r2,0,0.72078085,0.4700000000000001,1,1
slice_management,7,mal--slice_management--ring--n20--control_plane_worm--r2,0,0.006793792,0.4700000000000001,0,0
slice_management,7,mal--slice_management--ring--n20--recovery_poisoning--r6,0,0.13647693,0.4700000000000001,0,0
slice_management,7,mal--slice_management--ring--n20--slice_takeover--r3,1,0.5825134,0.4700000000000001,1,1
slice_management,7,mal--slice_management--ring--n20--slice_takeover--r3,1,0.96544135,0.4700000000000001,1,1
slice_management,7,mal--slice_management--ring--n20--slice_takeover--r3,1,0.93638784,0.4700000000000001,1,1
slice_management,7,mal--slice_management--ring--n20--slice_takeover--r3,1,0.9506847,0.4700000000000001,1,1
slice_management,7,mal--slice_management--ring--n20--slice_takeover--r3,0,0.08327991,0.4700000000000001,0,0
slice_management,7,mal--slice_management--ring--n4--slice_takeover--r2,1,0.16778384,0.4700000000000001,0,0
slice_management,7,mal--slice_management--ring--n4--slice_takeover--r2,0,0.021061927,0.4700000000000001,0,0
slice_management,7,mal--slice_management--ring--n4--slice_takeover--r2,1,0.14396544,0.4700000000000001,0,0
slice_management,7,mal--slice_management--ring--n4--slice_takeover--r2,0,0.028689014,0.4700000000000001,0,0
slice_management,7,mal--slice_management--ring--n8--control_plane_worm--r5,0,0.91677403,0.4700000000000001,1,1
slice_management,7,mal--slice_management--ring--n8--control_plane_worm--r5,1,0.8848771,0.4700000000000001,1,1
slice_management,7,mal--slice_management--ring--n8--control_plane_worm--r5,0,0.034898862,0.4700000000000001,0,0
slice_management,7,mal--slice_management--ring--n8--guard_suppression--r2,1,0.8968379,0.4700000000000001,1,1
slice_management,7,mal--slice_management--ring--n8--guard_suppression--r2,1,0.014547455,0.4700000000000001,0,0
slice_management,7,mal--slice_management--ring--n8--guard_suppression--r2,0,0.0023283174,0.4700000000000001,0,0
slice_management,7,mal--slice_management--ring--n8--guard_suppression--r2,0,0.0057417285,0.4700000000000001,0,0
slice_management,7,mal--slice_management--ring--n8--guard_suppression--r2,0,0.009133078,0.4700000000000001,0,0
slice_management,7,mal--slice_management--ring--n8--slice_takeover--r1,1,0.7117517,0.4700000000000001,1,1
slice_management,7,mal--slice_management--ring--n8--slice_takeover--r1,1,0.65820867,0.4700000000000001,1,1
slice_management,7,mal--slice_management--ring--n8--slice_takeover--r1,1,0.5640054,0.4700000000000001,1,1
slice_management,7,mal--slice_management--ring--n8--slice_takeover--r1,1,0.85473746,0.4700000000000001,1,1
slice_management,7,mal--slice_management--ring--n8--slice_takeover--r1,0,0.16111109,0.4700000000000001,0,0
slice_management,7,mal--slice_management--ring--n8--slice_takeover--r1,1,0.687976,0.4700000000000001,1,1
slice_management,7,mal--slice_management--ring--n8--slice_takeover--r6,1,0.9895663,0.4700000000000001,1,1
slice_management,7,mal--slice_management--ring--n8--slice_takeover--r6,0,0.07915155,0.4700000000000001,0,0
slice_management,7,mal--slice_management--ring--n8--slice_takeover--r6,1,0.99080384,0.4700000000000001,1,1
slice_management,7,mal--slice_management--ring--n8--slice_takeover--r6,0,0.022929583,0.4700000000000001,0,0
slice_management,7,mal--slice_management--ring--n8--slice_takeover--r6,0,0.0034601418,0.4700000000000001,0,0
slice_management,7,mal--slice_management--star--n10--control_plane_worm--r4,1,0.9085447,0.4700000000000001,1,1
slice_management,7,mal--slice_management--star--n10--control_plane_worm--r4,0,0.09015515,0.4700000000000001,0,0
slice_management,7,mal--slice_management--star--n10--recovery_poisoning--r1,1,0.8026804,0.4700000000000001,1,1
slice_management,7,mal--slice_management--star--n10--recovery_poisoning--r1,0,0.04891375,0.4700000000000001,0,0
slice_management,7,mal--slice_management--star--n10--recovery_poisoning--r3,1,0.8669404,0.4700000000000001,1,1
slice_management,7,mal--slice_management--star--n10--recovery_poisoning--r3,0,0.06746418,0.4700000000000001,0,0
slice_management,7,mal--slice_management--star--n15--guard_suppression--r2,1,0.60584205,0.4700000000000001,1,1
slice_management,7,mal--slice_management--star--n15--guard_suppression--r2,0,0.17599109,0.4700000000000001,0,0
slice_management,7,mal--slice_management--star--n15--recovery_poisoning--r2,1,0.69675404,0.4700000000000001,1,1
slice_management,7,mal--slice_management--star--n15--recovery_poisoning--r2,0,0.010896524,0.4700000000000001,0,0
slice_management,7,mal--slice_management--star--n15--slice_takeover--r1,1,0.67213887,0.4700000000000001,1,1
slice_management,7,mal--slice_management--star--n15--slice_takeover--r1,0,0.009354944,0.4700000000000001,0,0
slice_management,7,mal--slice_management--star--n15--slice_takeover--r4,1,0.51191306,0.4700000000000001,1,1
slice_management,7,mal--slice_management--star--n15--slice_takeover--r4,0,0.05904985,0.4700000000000001,0,0
slice_management,7,mal--slice_management--star--n20--exfiltration_propagation--r1,1,0.569507,0.4700000000000001,1,1
slice_management,7,mal--slice_management--star--n20--exfiltration_propagation--r1,0,0.026260994,0.4700000000000001,0,0
slice_management,7,mal--slice_management--star--n20--exfiltration_propagation--r5,1,0.94918656,0.4700000000000001,1,1
slice_management,7,mal--slice_management--star--n20--exfiltration_propagation--r5,0,0.045096204,0.4700000000000001,0,0
slice_management,7,mal--slice_management--star--n20--recovery_poisoning--r2,1,0.9912743,0.4700000000000001,1,1
slice_management,7,mal--slice_management--star--n20--recovery_poisoning--r2,0,0.21653959,0.4700000000000001,0,0
slice_management,7,mal--slice_management--star--n4--control_plane_worm--r1,0,0.7114976,0.4700000000000001,1,1
slice_management,7,mal--slice_management--star--n4--control_plane_worm--r1,0,0.017489832,0.4700000000000001,0,0
slice_management,7,mal--slice_management--star--n4--control_plane_worm--r6,0,0.9438746,0.4700000000000001,1,1
slice_management,7,mal--slice_management--star--n4--exfiltration_propagation--r4,1,0.88475585,0.4700000000000001,1,1
slice_management,7,mal--slice_management--star--n4--exfiltration_propagation--r4,0,0.009147848,0.4700000000000001,0,0
slice_management,7,mal--slice_management--star--n8--exfiltration_propagation--r2,1,0.97631365,0.4700000000000001,1,1
slice_management,7,mal--slice_management--star--n8--exfiltration_propagation--r2,0,0.20413135,0.4700000000000001,0,0
slice_management,7,mal--slice_management--star--n8--guard_suppression--r2,1,0.7539048,0.4700000000000001,1,1
slice_management,7,mal--slice_management--star--n8--guard_suppression--r2,0,0.24386498,0.4700000000000001,0,0
slice_management,7,mal--slice_management--star--n8--slice_takeover--r6,1,0.9860573,0.4700000000000001,1,1
slice_management,7,mal--slice_management--star--n8--slice_takeover--r6,0,0.41022936,0.4700000000000001,0,0
slice_management,19,benign--slice_management--chain--n10--containment_drill--r2,0,0.0019939458,0.8100000000000002,0,0
slice_management,19,benign--slice_management--chain--n10--containment_drill--r6,0,0.0044137808,0.8100000000000002,0,0
slice_management,19,benign--slice_management--chain--n10--containment_drill--r6,0,0.0038785199,0.8100000000000002,0,0
slice_management,19,benign--slice_management--chain--n10--containment_drill--r6,0,0.0016924097,0.8100000000000002,0,0
slice_management,19,benign--slice_management--chain--n10--containment_drill--r6,0,0.0043541654,0.8100000000000002,0,0
slice_management,19,benign--slice_management--chain--n10--maintenance_notice--r4,0,0.032534078,0.8100000000000002,0,0
slice_management,19,benign--slice_management--chain--n10--quoted_attack_review--r5,0,0.0109781325,0.8100000000000002,0,0
slice_management,19,benign--slice_management--chain--n10--quoted_attack_review--r5,0,0.003326354,0.8100000000000002,0,0
slice_management,19,benign--slice_management--chain--n10--routine_update--r3,0,0.0064013763,0.8100000000000002,0,0
slice_management,19,benign--slice_management--chain--n10--routine_update--r3,0,0.02785677,0.8100000000000002,0,0
slice_management,19,benign--slice_management--chain--n15--containment_drill--r4,0,0.0033526933,0.8100000000000002,0,0
slice_management,19,benign--slice_management--chain--n15--containment_drill--r4,0,0.0012562543,0.8100000000000002,0,0
slice_management,19,benign--slice_management--chain--n15--maintenance_notice--r2,0,0.008360533,0.8100000000000002,0,0
slice_management,19,benign--slice_management--chain--n15--maintenance_notice--r6,0,0.022052312,0.8100000000000002,0,0
slice_management,19,benign--slice_management--chain--n15--maintenance_notice--r6,0,0.0015473526,0.8100000000000002,0,0
slice_management,19,benign--slice_management--chain--n15--maintenance_notice--r6,0,0.011113326,0.8100000000000002,0,0
slice_management,19,benign--slice_management--chain--n15--routine_update--r1,0,0.0041124476,0.8100000000000002,0,0
slice_management,19,benign--slice_management--chain--n15--routine_update--r5,0,0.015299299,0.8100000000000002,0,0
slice_management,19,benign--slice_management--chain--n15--routine_update--r5,0,0.029059839,0.8100000000000002,0,0
slice_management,19,benign--slice_management--chain--n15--routine_update--r5,0,0.027700672,0.8100000000000002,0,0
slice_management,19,benign--slice_management--chain--n15--routine_update--r5,0,0.21977118,0.8100000000000002,0,0
slice_management,19,benign--slice_management--chain--n15--routine_update--r5,0,0.030426547,0.8100000000000002,0,0
slice_management,19,benign--slice_management--chain--n20--containment_drill--r2,0,0.001303867,0.8100000000000002,0,0
slice_management,19,benign--slice_management--chain--n20--maintenance_notice--r4,0,0.048133448,0.8100000000000002,0,0
slice_management,19,benign--slice_management--chain--n20--maintenance_notice--r4,0,0.14867479,0.8100000000000002,0,0
slice_management,19,benign--slice_management--chain--n20--quoted_attack_review--r5,0,0.0015007586,0.8100000000000002,0,0
slice_management,19,benign--slice_management--chain--n4--containment_drill--r2,0,0.0020963186,0.8100000000000002,0,0
slice_management,19,benign--slice_management--chain--n4--containment_drill--r2,0,0.0022372121,0.8100000000000002,0,0
slice_management,19,benign--slice_management--chain--n4--containment_drill--r2,0,0.003751489,0.8100000000000002,0,0
slice_management,19,benign--slice_management--chain--n4--containment_drill--r2,0,0.0010047595,0.8100000000000002,0,0
slice_management,19,benign--slice_management--chain--n4--containment_drill--r6,0,0.0016641975,0.8100000000000002,0,0
slice_management,19,benign--slice_management--chain--n4--quoted_attack_review--r1,0,0.030123537,0.8100000000000002,0,0
slice_management,19,benign--slice_management--chain--n4--quoted_attack_review--r1,0,0.0011564499,0.8100000000000002,0,0
slice_management,19,benign--slice_management--chain--n4--quoted_attack_review--r5,0,0.030123537,0.8100000000000002,0,0
slice_management,19,benign--slice_management--chain--n4--quoted_attack_review--r5,0,0.0013809431,0.8100000000000002,0,0
slice_management,19,benign--slice_management--chain--n4--routine_update--r3,0,0.01725018,0.8100000000000002,0,0
slice_management,19,benign--slice_management--chain--n8--containment_drill--r4,0,0.00153727,0.8100000000000002,0,0
slice_management,19,benign--slice_management--chain--n8--maintenance_notice--r2,0,0.0019657332,0.8100000000000002,0,0
slice_management,19,benign--slice_management--chain--n8--routine_update--r1,0,0.0043442873,0.8100000000000002,0,0
slice_management,19,benign--slice_management--chain--n8--routine_update--r5,0,0.0084808795,0.8100000000000002,0,0
slice_management,19,benign--slice_management--chain--n8--routine_update--r5,0,0.0056598117,0.8100000000000002,0,0
slice_management,19,benign--slice_management--mesh_lite--n10--containment_drill--r4,0,0.0035129986,0.8100000000000002,0,0
slice_management,19,benign--slice_management--mesh_lite--n10--containment_drill--r4,0,0.0038988483,0.8100000000000002,0,0
slice_management,19,benign--slice_management--mesh_lite--n10--containment_drill--r4,0,0.0019676012,0.8100000000000002,0,0
slice_management,19,benign--slice_management--mesh_lite--n10--containment_drill--r4,0,0.0010261617,0.8100000000000002,0,0
slice_management,19,benign--slice_management--mesh_lite--n10--containment_drill--r4,0,0.0013895683,0.8100000000000002,0,0
slice_management,19,benign--slice_management--mesh_lite--n10--containment_drill--r4,0,0.0030567092,0.8100000000000002,0,0
slice_management,19,benign--slice_management--mesh_lite--n10--containment_drill--r4,0,0.00165186,0.8100000000000002,0,0
slice_management,19,benign--slice_management--mesh_lite--n10--containment_drill--r4,0,0.0029568875,0.8100000000000002,0,0
slice_management,19,benign--slice_management--mesh_lite--n10--containment_drill--r4,0,0.0021820539,0.8100000000000002,0,0
slice_management,19,benign--slice_management--mesh_lite--n10--maintenance_notice--r2,0,0.0023898545,0.8100000000000002,0,0
slice_management,19,benign--slice_management--mesh_lite--n10--quoted_attack_review--r3,0,0.015109845,0.8100000000000002,0,0
slice_management,19,benign--slice_management--mesh_lite--n10--quoted_attack_review--r3,0,0.0031447487,0.8100000000000002,0,0
slice_management,19,benign--slice_management--mesh_lite--n10--quoted_attack_review--r3,0,0.015209597,0.8100000000000002,0,0
slice_management,19,benign--slice_management--mesh_lite--n10--quoted_attack_review--r3,0,0.0051360405,0.8100000000000002,0,0
slice_management,19,benign--slice_management--mesh_lite--n10--quoted_attack_review--r3,0,0.0036706233,0.8100000000000002,0,0
slice_management,19,benign--slice_management--mesh_lite--n10--quoted_attack_review--r3,0,0.05464294,0.8100000000000002,0,0
slice_management,19,benign--slice_management--mesh_lite--n10--quoted_attack_review--r3,0,0.017675998,0.8100000000000002,0,0
slice_management,19,benign--slice_management--mesh_lite--n10--quoted_attack_review--r3,0,0.023953723,0.8100000000000002,0,0
slice_management,19,benign--slice_management--mesh_lite--n10--quoted_attack_review--r3,0,0.18532051,0.8100000000000002,0,0
slice_management,19,benign--slice_management--mesh_lite--n10--routine_update--r1,0,0.005659374,0.8100000000000002,0,0
slice_management,19,benign--slice_management--mesh_lite--n15--containment_drill--r2,0,0.0018253687,0.8100000000000002,0,0
slice_management,19,benign--slice_management--mesh_lite--n15--containment_drill--r6,0,0.0052560405,0.8100000000000002,0,0
slice_management,19,benign--slice_management--mesh_lite--n15--quoted_attack_review--r1,0,0.0121470615,0.8100000000000002,0,0
slice_management,19,benign--slice_management--mesh_lite--n15--quoted_attack_review--r5,0,0.0013317568,0.8100000000000002,0,0
slice_management,19,benign--slice_management--mesh_lite--n20--containment_drill--r4,0,0.024018647,0.8100000000000002,0,0
slice_management,19,benign--slice_management--mesh_lite--n20--containment_drill--r4,0,0.0027915626,0.8100000000000002,0,0
slice_management,19,benign--slice_management--mesh_lite--n20--containment_drill--r4,0,0.0011729392,0.8100000000000002,0,0
slice_management,19,benign--slice_management--mesh_lite--n20--maintenance_notice--r2,0,0.087375045,0.8100000000000002,0,0
slice_management,19,benign--slice_management--mesh_lite--n20--maintenance_notice--r2,0,0.0038274315,0.8100000000000002,0,0
slice_management,19,benign--slice_management--mesh_lite--n20--maintenance_notice--r6,0,0.023872064,0.8100000000000002,0,0
slice_management,19,benign--slice_management--mesh_lite--n20--maintenance_notice--r6,0,0.01969851,0.8100000000000002,0,0
slice_management,19,benign--slice_management--mesh_lite--n20--quoted_attack_review--r3,0,0.010436686,0.8100000000000002,0,0
slice_management,19,benign--slice_management--mesh_lite--n20--quoted_attack_review--r3,0,0.004051805,0.8100000000000002,0,0
slice_management,19,benign--slice_management--mesh_lite--n20--quoted_attack_review--r3,0,0.0023517467,0.8100000000000002,0,0
slice_management,19,benign--slice_management--mesh_lite--n20--routine_update--r1,0,0.011846598,0.8100000000000002,0,0
slice_management,19,benign--slice_management--mesh_lite--n20--routine_update--r1,0,0.13123158,0.8100000000000002,0,0
slice_management,19,benign--slice_management--mesh_lite--n20--routine_update--r1,0,0.047224347,0.8100000000000002,0,0
slice_management,19,benign--slice_management--mesh_lite--n20--routine_update--r1,0,0.032157432,0.8100000000000002,0,0
slice_management,19,benign--slice_management--mesh_lite--n20--routine_update--r1,0,0.0065518133,0.8100000000000002,0,0
slice_management,19,benign--slice_management--mesh_lite--n20--routine_update--r1,0,0.0028387075,0.8100000000000002,0,0
slice_management,19,benign--slice_management--mesh_lite--n4--maintenance_notice--r2,0,0.015759408,0.8100000000000002,0,0
slice_management,19,benign--slice_management--mesh_lite--n4--maintenance_notice--r2,0,0.002771801,0.8100000000000002,0,0
slice_management,19,benign--slice_management--mesh_lite--n4--maintenance_notice--r2,0,0.0026500898,0.8100000000000002,0,0
slice_management,19,benign--slice_management--mesh_lite--n4--maintenance_notice--r2,0,0.004750684,0.8100000000000002,0,0
slice_management,19,benign--slice_management--mesh_lite--n4--maintenance_notice--r6,0,0.0036282265,0.8100000000000002,0,0
slice_management,19,benign--slice_management--mesh_lite--n4--routine_update--r1,0,0.0062249256,0.8100000000000002,0,0
slice_management,19,benign--slice_management--mesh_lite--n4--routine_update--r5,0,0.006674044,0.8100000000000002,0,0
slice_management,19,benign--slice_management--mesh_lite--n8--containment_drill--r2,0,0.004008947,0.8100000000000002,0,0
slice_management,19,benign--slice_management--mesh_lite--n8--routine_update--r3,0,0.002793646,0.8100000000000002,0,0
slice_management,19,benign--slice_management--mesh_lite--n8--routine_update--r3,0,0.0058147497,0.8100000000000002,0,0
slice_management,19,benign--slice_management--mesh_lite--n8--routine_update--r3,0,0.005374477,0.8100000000000002,0,0
slice_management,19,benign--slice_management--mesh_lite--n8--routine_update--r3,0,0.006060434,0.8100000000000002,0,0
slice_management,19,benign--slice_management--mesh_lite--n8--routine_update--r3,0,0.005439711,0.8100000000000002,0,0
slice_management,19,benign--slice_management--mesh_lite--n8--routine_update--r3,0,0.00063454924,0.8100000000000002,0,0
slice_management,19,benign--slice_management--mesh_lite--n8--routine_update--r3,0,0.006617665,0.8100000000000002,0,0
slice_management,19,benign--slice_management--random_min_degree--n10--containment_drill--r2,0,0.001205201,0.8100000000000002,0,0
slice_management,19,benign--slice_management--random_min_degree--n10--containment_drill--r6,0,0.0026466362,0.8100000000000002,0,0
slice_management,19,benign--slice_management--random_min_degree--n10--quoted_attack_review--r1,0,0.0121470615,0.8100000000000002,0,0
slice_management,19,benign--slice_management--random_min_degree--n10--quoted_attack_review--r5,0,0.0024338875,0.8100000000000002,0,0
slice_management,19,benign--slice_management--random_min_degree--n10--routine_update--r3,0,0.02210354,0.8100000000000002,0,0
slice_management,19,benign--slice_management--random_min_degree--n15--maintenance_notice--r2,0,0.02047746,0.8100000000000002,0,0
slice_management,19,benign--slice_management--random_min_degree--n15--maintenance_notice--r2,0,0.009985927,0.8100000000000002,0,0
slice_management,19,benign--slice_management--random_min_degree--n15--maintenance_notice--r2,0,0.015435382,0.8100000000000002,0,0
slice_management,19,benign--slice_management--random_min_degree--n15--routine_update--r1,0,0.00997794,0.8100000000000002,0,0
slice_management,19,benign--slice_management--random_min_degree--n15--routine_update--r5,0,0.027514707,0.8100000000000002,0,0
slice_management,19,benign--slice_management--random_min_degree--n20--containment_drill--r2,0,0.0014178515,0.8100000000000002,0,0
slice_management,19,benign--slice_management--random_min_degree--n20--maintenance_notice--r4,0,0.0030719216,0.8100000000000002,0,0
slice_management,19,benign--slice_management--random_min_degree--n20--maintenance_notice--r4,0,0.0025248937,0.8100000000000002,0,0
slice_management,19,benign--slice_management--random_min_degree--n20--maintenance_notice--r4,0,0.0059672426,0.8100000000000002,0,0
slice_management,19,benign--slice_management--random_min_degree--n20--quoted_attack_review--r1,0,0.0121470615,0.8100000000000002,0,0
slice_management,19,benign--slice_management--random_min_degree--n20--routine_update--r3,0,0.0124722095,0.8100000000000002,0,0
slice_management,19,benign--slice_management--random_min_degree--n4--containment_drill--r2,0,0.0022495023,0.8100000000000002,0,0
slice_management,19,benign--slice_management--random_min_degree--n4--quoted_attack_review--r1,0,0.0072941277,0.8100000000000002,0,0
slice_management,19,benign--slice_management--random_min_degree--n4--quoted_attack_review--r5,0,0.0072941277,0.8100000000000002,0,0
slice_management,19,benign--slice_management--random_min_degree--n8--containment_drill--r4,0,0.0033526933,0.8100000000000002,0,0
slice_management,19,benign--slice_management--random_min_degree--n8--containment_drill--r4,0,0.0023514302,0.8100000000000002,0,0
slice_management,19,benign--slice_management--random_min_degree--n8--containment_drill--r4,0,0.0015497968,0.8100000000000002,0,0
slice_management,19,benign--slice_management--random_min_degree--n8--maintenance_notice--r2,0,0.002602216,0.8100000000000002,0,0
slice_management,19,benign--slice_management--random_min_degree--n8--quoted_attack_review--r3,0,0.0035667364,0.8100000000000002,0,0
slice_management,19,benign--slice_management--random_min_degree--n8--routine_update--r1,0,0.01035494,0.8100000000000002,0,0
slice_management,19,benign--slice_management--random_min_degree--n8--routine_update--r5,0,0.006865842,0.8100000000000002,0,0
slice_management,19,benign--slice_management--random_min_degree--n8--routine_update--r5,0,0.011631995,0.8100000000000002,0,0
slice_management,19,benign--slice_management--ring--n10--containment_drill--r2,0,0.0015573796,0.8100000000000002,0,0
slice_management,19,benign--slice_management--ring--n10--containment_drill--r6,0,0.0029433079,0.8100000000000002,0,0
slice_management,19,benign--slice_management--ring--n10--containment_drill--r6,0,0.0046519847,0.8100000000000002,0,0
slice_management,19,benign--slice_management--ring--n10--containment_drill--r6,0,0.005142147,0.8100000000000002,0,0
slice_management,19,benign--slice_management--ring--n10--quoted_attack_review--r1,0,0.0121470615,0.8100000000000002,0,0
slice_management,19,benign--slice_management--ring--n10--quoted_attack_review--r5,0,0.0051432913,0.8100000000000002,0,0
slice_management,19,benign--slice_management--ring--n10--quoted_attack_review--r5,0,0.013297491,0.8100000000000002,0,0
slice_management,19,benign--slice_management--ring--n10--quoted_attack_review--r5,0,0.011491829,0.8100000000000002,0,0
slice_management,19,benign--slice_management--ring--n10--routine_update--r3,0,0.0041953754,0.8100000000000002,0,0
slice_management,19,benign--slice_management--ring--n15--containment_drill--r4,0,0.0018373032,0.8100000000000002,0,0
slice_management,19,benign--slice_management--ring--n15--routine_update--r1,0,0.005266235,0.8100000000000002,0,0
slice_management,19,benign--slice_management--ring--n20--containment_drill--r2,0,0.001676536,0.8100000000000002,0,0
slice_management,19,benign--slice_management--ring--n20--quoted_attack_review--r1,0,0.0121470615,0.8100000000000002,0,0
slice_management,19,benign--slice_management--ring--n20--quoted_attack_review--r5,0,0.0010259154,0.8100000000000002,0,0
slice_management,19,benign--slice_management--ring--n20--routine_update--r3,0,0.0034621942,0.8100000000000002,0,0
slice_management,19,benign--slice_management--ring--n20--routine_update--r3,0,0.0016660223,0.8100000000000002,0,0
slice_management,19,benign--slice_management--ring--n4--containment_drill--r2,0,0.0016558565,0.8100000000000002,0,0
slice_management,19,benign--slice_management--ring--n4--containment_drill--r6,0,0.005857342,0.8100000000000002,0,0
slice_management,19,benign--slice_management--ring--n4--quoted_attack_review--r1,0,0.0121470615,0.8100000000000002,0,0
slice_management,19,benign--slice_management--ring--n4--quoted_attack_review--r5,0,0.0121470615,0.8100000000000002,0,0
slice_management,19,benign--slice_management--ring--n4--routine_update--r3,0,0.015815608,0.8100000000000002,0,0
slice_management,19,benign--slice_management--ring--n8--containment_drill--r4,0,0.0014481801,0.8100000000000002,0,0
slice_management,19,benign--slice_management--ring--n8--maintenance_notice--r2,0,0.0020094707,0.8100000000000002,0,0
slice_management,19,benign--slice_management--ring--n8--maintenance_notice--r6,0,0.031944294,0.8100000000000002,0,0
slice_management,19,benign--slice_management--ring--n8--quoted_attack_review--r3,0,0.0047717337,0.8100000000000002,0,0
slice_management,19,benign--slice_management--ring--n8--quoted_attack_review--r3,0,0.2700344,0.8100000000000002,0,0
slice_management,19,benign--slice_management--ring--n8--quoted_attack_review--r3,0,0.011163831,0.8100000000000002,0,0
slice_management,19,benign--slice_management--ring--n8--quoted_attack_review--r3,0,0.22808012,0.8100000000000002,0,0
slice_management,19,benign--slice_management--ring--n8--quoted_attack_review--r3,0,0.044155568,0.8100000000000002,0,0
slice_management,19,benign--slice_management--ring--n8--quoted_attack_review--r3,0,0.05141828,0.8100000000000002,0,0
slice_management,19,benign--slice_management--ring--n8--quoted_attack_review--r3,0,0.004424667,0.8100000000000002,0,0
slice_management,19,benign--slice_management--ring--n8--routine_update--r1,0,0.002300258,0.8100000000000002,0,0
slice_management,19,benign--slice_management--ring--n8--routine_update--r1,0,0.026518254,0.8100000000000002,0,0
slice_management,19,benign--slice_management--ring--n8--routine_update--r5,0,0.0032884846,0.8100000000000002,0,0
slice_management,19,benign--slice_management--star--n10--containment_drill--r4,0,0.0014808655,0.8100000000000002,0,0
slice_management,19,benign--slice_management--star--n10--maintenance_notice--r6,0,0.023360226,0.8100000000000002,0,0
slice_management,19,benign--slice_management--star--n10--maintenance_notice--r6,0,0.03801295,0.8100000000000002,0,0
slice_management,19,benign--slice_management--star--n10--quoted_attack_review--r3,0,0.0039587975,0.8100000000000002,0,0
slice_management,19,benign--slice_management--star--n10--quoted_attack_review--r3,0,0.002136272,0.8100000000000002,0,0
slice_management,19,benign--slice_management--star--n10--routine_update--r1,0,0.0055761165,0.8100000000000002,0,0
slice_management,19,benign--slice_management--star--n15--containment_drill--r2,0,0.0018687636,0.8100000000000002,0,0
slice_management,19,benign--slice_management--star--n15--maintenance_notice--r4,0,0.010861858,0.8100000000000002,0,0
slice_management,19,benign--slice_management--star--n15--maintenance_notice--r4,0,0.0019340292,0.8100000000000002,0,0
slice_management,19,benign--slice_management--star--n20--maintenance_notice--r2,0,0.0022546388,0.8100000000000002,0,0
slice_management,19,benign--slice_management--star--n20--quoted_attack_review--r3,0,0.0032174662,0.8100000000000002,0,0
slice_management,19,benign--slice_management--star--n20--routine_update--r1,0,0.013239712,0.8100000000000002,0,0
slice_management,19,benign--slice_management--star--n20--routine_update--r5,0,0.03446645,0.8100000000000002,0,0
slice_management,19,benign--slice_management--star--n20--routine_update--r5,0,0.011622576,0.8100000000000002,0,0
slice_management,19,benign--slice_management--star--n4--containment_drill--r4,0,0.0031021305,0.8100000000000002,0,0
slice_management,19,benign--slice_management--star--n4--containment_drill--r4,0,0.0022254474,0.8100000000000002,0,0
slice_management,19,benign--slice_management--star--n4--maintenance_notice--r2,0,0.0030440066,0.8100000000000002,0,0
slice_management,19,benign--slice_management--star--n4--quoted_attack_review--r3,0,0.0026876621,0.8100000000000002,0,0
slice_management,19,benign--slice_management--star--n4--routine_update--r1,0,0.003749513,0.8100000000000002,0,0
slice_management,19,benign--slice_management--star--n4--routine_update--r5,0,0.008206817,0.8100000000000002,0,0
slice_management,19,benign--slice_management--star--n4--routine_update--r5,0,0.010736206,0.8100000000000002,0,0
slice_management,19,benign--slice_management--star--n8--containment_drill--r6,0,0.0041773077,0.8100000000000002,0,0
slice_management,19,benign--slice_management--star--n8--containment_drill--r6,0,0.003724043,0.8100000000000002,0,0
slice_management,19,benign--slice_management--star--n8--maintenance_notice--r4,0,0.020749986,0.8100000000000002,0,0
slice_management,19,benign--slice_management--star--n8--maintenance_notice--r4,0,0.005415957,0.8100000000000002,0,0
slice_management,19,benign--slice_management--star--n8--quoted_attack_review--r1,0,0.050079968,0.8100000000000002,0,0
slice_management,19,benign--slice_management--star--n8--quoted_attack_review--r1,0,0.0125976475,0.8100000000000002,0,0
slice_management,19,benign--slice_management--star--n8--quoted_attack_review--r5,0,0.027636763,0.8100000000000002,0,0
slice_management,19,benign--slice_management--star--n8--quoted_attack_review--r5,0,0.0032370538,0.8100000000000002,0,0
slice_management,19,mal--slice_management--chain--n10--control_plane_worm--r4,1,0.7023943,0.8100000000000002,0,1
slice_management,19,mal--slice_management--chain--n10--control_plane_worm--r4,1,0.68997246,0.8100000000000002,0,1
slice_management,19,mal--slice_management--chain--n10--control_plane_worm--r4,0,0.010051164,0.8100000000000002,0,0
slice_management,19,mal--slice_management--chain--n10--control_plane_worm--r4,1,0.4619827,0.8100000000000002,0,0
slice_management,19,mal--slice_management--chain--n10--control_plane_worm--r4,0,0.18465546,0.8100000000000002,0,0
slice_management,19,mal--slice_management--chain--n10--guard_suppression--r6,1,0.98924327,0.8100000000000002,1,1
slice_management,19,mal--slice_management--chain--n10--guard_suppression--r6,0,0.67218363,0.8100000000000002,0,1
slice_management,19,mal--slice_management--chain--n10--recovery_poisoning--r1,1,0.17467166,0.8100000000000002,0,0
slice_management,19,mal--slice_management--chain--n10--recovery_poisoning--r1,1,0.44745868,0.8100000000000002,0,0
slice_management,19,mal--slice_management--chain--n10--recovery_poisoning--r1,0,0.59872884,0.8100000000000002,0,1
slice_management,19,mal--slice_management--chain--n10--recovery_poisoning--r1,0,0.016623052,0.8100000000000002,0,0
slice_management,19,mal--slice_management--chain--n10--slice_takeover--r5,1,0.97022676,0.8100000000000002,1,1
slice_management,19,mal--slice_management--chain--n10--slice_takeover--r5,1,0.98759186,0.8100000000000002,1,1
slice_management,19,mal--slice_management--chain--n15--exfiltration_propagation--r6,1,0.9336921,0.8100000000000002,1,1
slice_management,19,mal--slice_management--chain--n15--exfiltration_propagation--r6,1,0.98073524,0.8100000000000002,1,1
slice_management,19,mal--slice_management--chain--n15--exfiltration_propagation--r6,1,0.6394203,0.8100000000000002,0,1
slice_management,19,mal--slice_management--chain--n15--guard_suppression--r5,1,0.9090936,0.8100000000000002,1,1
slice_management,19,mal--slice_management--chain--n15--guard_suppression--r5,0,0.013001544,0.8100000000000002,0,0
slice_management,19,mal--slice_management--chain--n15--guard_suppression--r5,0,0.008194654,0.8100000000000002,0,0
slice_management,19,mal--slice_management--chain--n15--guard_suppression--r5,1,0.93945134,0.8100000000000002,1,1
slice_management,19,mal--slice_management--chain--n15--guard_suppression--r5,1,0.83871585,0.8100000000000002,1,1
slice_management,19,mal--slice_management--chain--n15--guard_suppression--r5,1,0.577943,0.8100000000000002,0,1
slice_management,19,mal--slice_management--chain--n15--slice_takeover--r4,1,0.9517693,0.8100000000000002,1,1
slice_management,19,mal--slice_management--chain--n15--slice_takeover--r4,0,0.010629965,0.8100000000000002,0,0
slice_management,19,mal--slice_management--chain--n15--slice_takeover--r4,0,0.099709235,0.8100000000000002,0,0
slice_management,19,mal--slice_management--chain--n15--slice_takeover--r4,0,0.0077234874,0.8100000000000002,0,0
slice_management,19,mal--slice_management--chain--n15--slice_takeover--r4,0,0.0051443093,0.8100000000000002,0,0
slice_management,19,mal--slice_management--chain--n20--control_plane_worm--r2,1,0.99319345,0.8100000000000002,1,1
slice_management,19,mal--slice_management--chain--n20--control_plane_worm--r2,1,0.8547062,0.8100000000000002,1,1
slice_management,19,mal--slice_management--chain--n20--control_plane_worm--r2,1,0.337573,0.8100000000000002,0,0
slice_management,19,mal--slice_management--chain--n20--control_plane_worm--r2,1,0.93160826,0.8100000000000002,1,1
slice_management,19,mal--slice_management--chain--n20--recovery_poisoning--r2,1,0.8086755,0.8100000000000002,0,1
slice_management,19,mal--slice_management--chain--n20--recovery_poisoning--r2,0,0.15149154,0.8100000000000002,0,0
slice_management,19,mal--slice_management--chain--n20--recovery_poisoning--r6,1,0.7979755,0.8100000000000002,0,1
slice_management,19,mal--slice_management--chain--n20--recovery_poisoning--r6,1,0.7783031,0.8100000000000002,0,1
slice_management,19,mal--slice_management--chain--n20--recovery_poisoning--r6,1,0.8468499,0.8100000000000002,1,1
slice_management,19,mal--slice_management--chain--n4--exfiltration_propagation--r4,1,0.9230178,0.8100000000000002,1,1
slice_management,19,mal--slice_management--chain--n4--exfiltration_propagation--r4,1,0.9103405,0.8100000000000002,1,1
slice_management,19,mal--slice_management--chain--n4--exfiltration_propagation--r4,0,0.12938659,0.8100000000000002,0,0
slice_management,19,mal--slice_management--chain--n4--exfiltration_propagation--r4,0,0.2811325,0.8100000000000002,0,0
slice_management,19,mal--slice_management--chain--n4--guard_suppression--r3,1,0.86172736,0.8100000000000002,1,1
slice_management,19,mal--slice_management--chain--n4--guard_suppression--r3,0,0.75957143,0.8100000000000002,0,1
slice_management,19,mal--slice_management--chain--n8--control_plane_worm--r5,1,0.9952076,0.8100000000000002,1,1
slice_management,19,mal--slice_management--chain--n8--control_plane_worm--r5,1,0.9306382,0.8100000000000002,1,1
slice_management,19,mal--slice_management--chain--n8--control_plane_worm--r5,0,0.0057016183,0.8100000000000002,0,0
slice_management,19,mal--slice_management--chain--n8--exfiltration_propagation--r2,1,0.85643625,0.8100000000000002,1,1
slice_management,19,mal--slice_management--chain--n8--exfiltration_propagation--r2,0,0.49863747,0.8100000000000002,0,0
slice_management,19,mal--slice_management--chain--n8--exfiltration_propagation--r3,1,0.7257129,0.8100000000000002,0,1
slice_management,19,mal--slice_management--chain--n8--exfiltration_propagation--r3,0,0.033033285,0.8100000000000002,0,0
slice_management,19,mal--slice_management--chain--n8--guard_suppression--r2,1,0.9617857,0.8100000000000002,1,1
slice_management,19,mal--slice_management--chain--n8--guard_suppression--r2,1,0.8864298,0.8100000000000002,1,1
slice_management,19,mal--slice_management--chain--n8--guard_suppression--r2,0,0.0029851513,0.8100000000000002,0,0
slice_management,19,mal--slice_management--chain--n8--recovery_poisoning--r4,1,0.9912689,0.8100000000000002,1,1
slice_management,19,mal--slice_management--chain--n8--recovery_poisoning--r4,1,0.9928693,0.8100000000000002,1,1
slice_management,19,mal--slice_management--chain--n8--recovery_poisoning--r4,1,0.9656064,0.8100000000000002,1,1
slice_management,19,mal--slice_management--mesh_lite--n10--exfiltration_propagation--r2,1,0.93809795,0.8100000000000002,1,1
slice_management,19,mal--slice_management--mesh_lite--n10--exfiltration_propagation--r2,1,0.9768711,0.8100000000000002,1,1
slice_management,19,mal--slice_management--mesh_lite--n10--guard_suppression--r6,1,0.967404,0.8100000000000002,1,1
slice_management,19,mal--slice_management--mesh_lite--n10--guard_suppression--r6,0,0.3873794,0.8100000000000002,0,0
slice_management,19,mal--slice_management--mesh_lite--n10--guard_suppression--r6,1,0.9725963,0.8100000000000002,1,1
slice_management,19,mal--slice_management--mesh_lite--n10--guard_suppression--r6,0,0.38181788,0.8100000000000002,0,0
slice_management,19,mal--slice_management--mesh_lite--n10--guard_suppression--r6,0,0.8242964,0.8100000000000002,1,1
slice_management,19,mal--slice_management--mesh_lite--n10--guard_suppression--r6,0,0.04833597,0.8100000000000002,0,0
slice_management,19,mal--slice_management--mesh_lite--n10--guard_suppression--r6,1,0.94896567,0.8100000000000002,1,1
slice_management,19,mal--slice_management--mesh_lite--n10--guard_suppression--r6,1,0.9873045,0.8100000000000002,1,1
slice_management,19,mal--slice_management--mesh_lite--n10--guard_suppression--r6,0,0.18909928,0.8100000000000002,0,0
slice_management,19,mal--slice_management--mesh_lite--n10--guard_suppression--r6,1,0.5457645,0.8100000000000002,0,1
slice_management,19,mal--slice_management--mesh_lite--n10--recovery_poisoning--r3,1,0.94780654,0.8100000000000002,1,1
slice_management,19,mal--slice_management--mesh_lite--n10--recovery_poisoning--r3,0,0.58033425,0.8100000000000002,0,1
slice_management,19,mal--slice_management--mesh_lite--n10--recovery_poisoning--r3,0,0.0150835905,0.8100000000000002,0,0
slice_management,19,mal--slice_management--mesh_lite--n15--guard_suppression--r2,1,0.96793646,0.8100000000000002,1,1
slice_management,19,mal--slice_management--mesh_lite--n15--guard_suppression--r2,0,0.011210201,0.8100000000000002,0,0
slice_management,19,mal--slice_management--mesh_lite--n15--guard_suppression--r2,0,0.25872573,0.8100000000000002,0,0
slice_management,19,mal--slice_management--mesh_lite--n15--recovery_poisoning--r2,1,0.96795046,0.8100000000000002,1,1
slice_management,19,mal--slice_management--mesh_lite--n15--recovery_poisoning--r2,1,0.9086632,0.8100000000000002,1,1
slice_management,19,mal--slice_management--mesh_lite--n15--recovery_poisoning--r2,0,0.17138822,0.8100000000000002,0,0
slice_management,19,mal--slice_management--mesh_lite--n15--recovery_poisoning--r2,1,0.919287,0.8100000000000002,1,1
slice_management,19,mal--slice_management--mesh_lite--n15--recovery_poisoning--r2,0,0.65055907,0.8100000000000002,0,1
slice_management,19,mal--slice_management--mesh_lite--n15--recovery_poisoning--r2,1,0.49893564,0.8100000000000002,0,0
slice_management,19,mal--slice_management--mesh_lite--n15--slice_takeover--r4,1,0.98298097,0.8100000000000002,1,1
slice_management,19,mal--slice_management--mesh_lite--n15--slice_takeover--r4,0,0.011430214,0.8100000000000002,0,0
slice_management,19,mal--slice_management--mesh_lite--n15--slice_takeover--r4,0,0.30955076,0.8100000000000002,0,0
slice_management,19,mal--slice_management--mesh_lite--n15--slice_takeover--r4,1,0.9792707,0.8100000000000002,1,1
slice_management,19,mal--slice_management--mesh_lite--n15--slice_takeover--r4,0,0.014767415,0.8100000000000002,0,0
slice_management,19,mal--slice_management--mesh_lite--n15--slice_takeover--r4,1,0.9774196,0.8100000000000002,1,1
slice_management,19,mal--slice_management--mesh_lite--n20--control_plane_worm--r2,1,0.99561113,0.8100000000000002,1,1
slice_management,19,mal--slice_management--mesh_lite--n20--control_plane_worm--r2,0,0.061148703,0.8100000000000002,0,0
slice_management,19,mal--slice_management--mesh_lite--n20--control_plane_worm--r2,1,0.9959116,0.8100000000000002,1,1
slice_management,19,mal--slice_management--mesh_lite--n20--control_plane_worm--r2,1,0.5992446,0.8100000000000002,0,1
slice_management,19,mal--slice_management--mesh_lite--n20--control_plane_worm--r2,1,0.67808396,0.8100000000000002,0,1
slice_management,19,mal--slice_management--mesh_lite--n20--control_plane_worm--r2,1,0.06769283,0.8100000000000002,0,0
slice_management,19,mal--slice_management--mesh_lite--n20--control_plane_worm--r2,1,0.98374534,0.8100000000000002,1,1
slice_management,19,mal--slice_management--mesh_lite--n20--recovery_poisoning--r2,0,0.019360716,0.8100000000000002,0,0
slice_management,19,mal--slice_management--mesh_lite--n20--recovery_poisoning--r2,0,0.060037054,0.8100000000000002,0,0
slice_management,19,mal--slice_management--mesh_lite--n20--recovery_poisoning--r2,0,0.011952913,0.8100000000000002,0,0
slice_management,19,mal--slice_management--mesh_lite--n20--recovery_poisoning--r2,0,0.11733451,0.8100000000000002,0,0
slice_management,19,mal--slice_management--mesh_lite--n20--recovery_poisoning--r2,0,0.33173484,0.8100000000000002,0,0
slice_management,19,mal--slice_management--mesh_lite--n20--recovery_poisoning--r2,0,0.338169,0.8100000000000002,0,0
slice_management,19,mal--slice_management--mesh_lite--n20--recovery_poisoning--r2,0,0.041891083,0.8100000000000002,0,0
slice_management,19,mal--slice_management--mesh_lite--n20--recovery_poisoning--r2,0,0.2719427,0.8100000000000002,0,0
slice_management,19,mal--slice_management--mesh_lite--n20--recovery_poisoning--r6,0,0.19003852,0.8100000000000002,0,0
slice_management,19,mal--slice_management--mesh_lite--n20--recovery_poisoning--r6,1,0.8070029,0.8100000000000002,0,1
slice_management,19,mal--slice_management--mesh_lite--n20--recovery_poisoning--r6,0,0.40638086,0.8100000000000002,0,0
slice_management,19,mal--slice_management--mesh_lite--n20--recovery_poisoning--r6,0,0.07928276,0.8100000000000002,0,0
slice_management,19,mal--slice_management--mesh_lite--n20--recovery_poisoning--r6,0,0.3083337,0.8100000000000002,0,0
slice_management,19,mal--slice_management--mesh_lite--n20--recovery_poisoning--r6,0,0.6724318,0.8100000000000002,0,1
slice_management,19,mal--slice_management--mesh_lite--n20--slice_takeover--r3,1,0.96601415,0.8100000000000002,1,1
slice_management,19,mal--slice_management--mesh_lite--n20--slice_takeover--r3,1,0.9731012,0.8100000000000002,1,1
slice_management,19,mal--slice_management--mesh_lite--n20--slice_takeover--r3,1,0.9174528,0.8100000000000002,1,1
slice_management,19,mal--slice_management--mesh_lite--n20--slice_takeover--r3,1,0.17195736,0.8100000000000002,0,0
slice_management,19,mal--slice_management--mesh_lite--n20--slice_takeover--r3,0,0.05330537,0.8100000000000002,0,0
slice_management,19,mal--slice_management--mesh_lite--n4--control_plane_worm--r6,0,0.05686036,0.8100000000000002,0,0
slice_management,19,mal--slice_management--mesh_lite--n4--control_plane_worm--r6,0,0.012193519,0.8100000000000002,0,0
slice_management,19,mal--slice_management--mesh_lite--n4--exfiltration_propagation--r4,1,0.16597603,0.8100000000000002,0,0
slice_management,19,mal--slice_management--mesh_lite--n4--exfiltration_propagation--r4,0,0.019547928,0.8100000000000002,0,0
slice_management,19,mal--slice_management--mesh_lite--n4--exfiltration_propagation--r4,1,0.34432745,0.8100000000000002,0,0
slice_management,19,mal--slice_management--mesh_lite--n4--exfiltration_propagation--r4,0,0.01866503,0.8100000000000002,0,0
slice_management,19,mal--slice_management--mesh_lite--n4--exfiltration_propagation--r4,1,0.2580601,0.8100000000000002,0,0
slice_management,19,mal--slice_management--mesh_lite--n4--exfiltration_propagation--r4,1,0.042538173,0.8100000000000002,0,0
slice_management,19,mal--slice_management--mesh_lite--n4--exfiltration_propagation--r4,1,0.26737314,0.8100000000000002,0,0
slice_management,19,mal--slice_management--mesh_lite--n8--control_plane_worm--r5,0,0.75079024,0.8100000000000002,0,1
slice_management,19,mal--slice_management--mesh_lite--n8--control_plane_worm--r5,0,0.014861903,0.8100000000000002,0,0
slice_management,19,mal--slice_management--mesh_lite--n8--control_plane_worm--r5,1,0.93396556,0.8100000000000002,1,1
slice_management,19,mal--slice_management--mesh_lite--n8--control_plane_worm--r5,1,0.94467807,0.8100000000000002,1,1
slice_management,19,mal--slice_management--mesh_lite--n8--control_plane_worm--r5,0,0.17512918,0.8100000000000002,0,0
slice_management,19,mal--slice_management--mesh_lite--n8--control_plane_worm--r5,1,0.9353499,0.8100000000000002,1,1
slice_management,19,mal--slice_management--mesh_lite--n8--control_plane_worm--r5,1,0.90030396,0.8100000000000002,1,1
slice_management,19,mal--slice_management--mesh_lite--n8--control_plane_worm--r5,1,0.19793263,0.8100000000000002,0,0
slice_management,19,mal--slice_management--mesh_lite--n8--exfiltration_propagation--r3,1,0.88737726,0.8100000000000002,1,1
slice_management,19,mal--slice_management--mesh_lite--n8--exfiltration_propagation--r3,0,0.26102418,0.8100000000000002,0,0
slice_management,19,mal--slice_management--mesh_lite--n8--exfiltration_propagation--r3,0,0.0068218415,0.8100000000000002,0,0
slice_management,19,mal--slice_management--mesh_lite--n8--guard_suppression--r2,1,0.9800537,0.8100000000000002,1,1
slice_management,19,mal--slice_management--mesh_lite--n8--guard_suppression--r2,1,0.8372198,0.8100000000000002,1,1
slice_management,19,mal--slice_management--mesh_lite--n8--guard_suppression--r2,0,0.051301084,0.8100000000000002,0,0
slice_management,19,mal--slice_management--mesh_lite--n8--guard_suppression--r2,1,0.9895271,0.8100000000000002,1,1
slice_management,19,mal--slice_management--mesh_lite--n8--guard_suppression--r2,0,0.03796306,0.8100000000000002,0,0
slice_management,19,mal--slice_management--mesh_lite--n8--guard_suppression--r2,1,0.99506915,0.8100000000000002,1,1
slice_management,19,mal--slice_management--mesh_lite--n8--guard_suppression--r2,0,0.9434052,0.8100000000000002,1,1
slice_management,19,mal--slice_management--mesh_lite--n8--guard_suppression--r2,1,0.99047065,0.8100000000000002,1,1
slice_management,19,mal--slice_management--mesh_lite--n8--guard_suppression--r2,1,0.6526553,0.8100000000000002,0,1
slice_management,19,mal--slice_management--mesh_lite--n8--slice_takeover--r1,1,0.7437741,0.8100000000000002,0,1
slice_management,19,mal--slice_management--mesh_lite--n8--slice_takeover--r1,1,0.12807928,0.8100000000000002,0,0
slice_management,19,mal--slice_management--mesh_lite--n8--slice_takeover--r1,1,0.28550476,0.8100000000000002,0,0
slice_management,19,mal--slice_management--mesh_lite--n8--slice_takeover--r1,1,0.2743296,0.8100000000000002,0,0
slice_management,19,mal--slice_management--mesh_lite--n8--slice_takeover--r1,1,0.016611567,0.8100000000000002,0,0
slice_management,19,mal--slice_management--mesh_lite--n8--slice_takeover--r1,1,0.08531942,0.8100000000000002,0,0
slice_management,19,mal--slice_management--mesh_lite--n8--slice_takeover--r1,1,0.016001126,0.8100000000000002,0,0
slice_management,19,mal--slice_management--mesh_lite--n8--slice_takeover--r1,1,0.01656081,0.8100000000000002,0,0
slice_management,19,mal--slice_management--random_min_degree--n10--control_plane_worm--r4,1,0.57147235,0.8100000000000002,0,1
slice_management,19,mal--slice_management--random_min_degree--n10--control_plane_worm--r4,1,0.59923494,0.8100000000000002,0,1
slice_management,19,mal--slice_management--random_min_degree--n10--control_plane_worm--r4,0,0.46233234,0.8100000000000002,0,0
slice_management,19,mal--slice_management--random_min_degree--n10--guard_suppression--r6,1,0.9439341,0.8100000000000002,1,1
slice_management,19,mal--slice_management--random_min_degree--n10--guard_suppression--r6,0,0.44848296,0.8100000000000002,0,0
slice_management,19,mal--slice_management--random_min_degree--n10--guard_suppression--r6,0,0.003287736,0.8100000000000002,0,0
slice_management,19,mal--slice_management--random_min_degree--n10--guard_suppression--r6,0,0.0031802622,0.8100000000000002,0,0
slice_management,19,mal--slice_management--random_min_degree--n10--recovery_poisoning--r3,1,0.35333243,0.8100000000000002,0,0
slice_management,19,mal--slice_management--random_min_degree--n10--recovery_poisoning--r3,0,0.044905875,0.8100000000000002,0,0
slice_management,19,mal--slice_management--random_min_degree--n10--recovery_poisoning--r3,0,0.017045293,0.8100000000000002,0,0
slice_management,19,mal--slice_management--random_min_degree--n10--recovery_poisoning--r3,0,0.01635742,0.8100000000000002,0,0
slice_management,19,mal--slice_management--random_min_degree--n10--recovery_poisoning--r3,0,0.010247934,0.8100000000000002,0,0
slice_management,19,mal--slice_management--random_min_degree--n15--guard_suppression--r2,1,0.93733954,0.8100000000000002,1,1
slice_management,19,mal--slice_management--random_min_degree--n15--guard_suppression--r2,1,0.53249377,0.8100000000000002,0,1
slice_management,19,mal--slice_management--random_min_degree--n15--guard_suppression--r2,0,0.062209457,0.8100000000000002,0,0
slice_management,19,mal--slice_management--random_min_degree--n15--guard_suppression--r2,1,0.98957086,0.8100000000000002,1,1
slice_management,19,mal--slice_management--random_min_degree--n15--guard_suppression--r2,0,0.95826274,0.8100000000000002,1,1
slice_management,19,mal--slice_management--random_min_degree--n15--guard_suppression--r5,1,0.9090936,0.8100000000000002,1,1
slice_management,19,mal--slice_management--random_min_degree--n15--guard_suppression--r5,1,0.8380157,0.8100000000000002,1,1
slice_management,19,mal--slice_management--random_min_degree--n15--guard_suppression--r5,0,0.20402235,0.8100000000000002,0,0
slice_management,19,mal--slice_management--random_min_degree--n15--recovery_poisoning--r2,1,0.9954726,0.8100000000000002,1,1
slice_management,19,mal--slice_management--random_min_degree--n15--recovery_poisoning--r2,0,0.94687134,0.8100000000000002,1,1
slice_management,19,mal--slice_management--random_min_degree--n15--recovery_poisoning--r2,0,0.0048165247,0.8100000000000002,0,0
slice_management,19,mal--slice_management--random_min_degree--n15--recovery_poisoning--r2,0,0.0097264545,0.8100000000000002,0,0
slice_management,19,mal--slice_management--random_min_degree--n15--recovery_poisoning--r2,0,0.0026036284,0.8100000000000002,0,0
slice_management,19,mal--slice_management--random_min_degree--n15--recovery_poisoning--r2,0,0.33153632,0.8100000000000002,0,0
slice_management,19,mal--slice_management--random_min_degree--n20--control_plane_worm--r2,0,0.11989212,0.8100000000000002,0,0
slice_management,19,mal--slice_management--random_min_degree--n20--control_plane_worm--r2,0,0.005393866,0.8100000000000002,0,0
slice_management,19,mal--slice_management--random_min_degree--n20--recovery_poisoning--r2,1,0.98563725,0.8100000000000002,1,1
slice_management,19,mal--slice_management--random_min_degree--n20--recovery_poisoning--r2,1,0.97468376,0.8100000000000002,1,1
slice_management,19,mal--slice_management--random_min_degree--n20--recovery_poisoning--r2,0,0.0062237694,0.8100000000000002,0,0
slice_management,19,mal--slice_management--random_min_degree--n20--recovery_poisoning--r2,1,0.8810862,0.8100000000000002,1,1
slice_management,19,mal--slice_management--random_min_degree--n20--recovery_poisoning--r2,1,0.8292291,0.8100000000000002,1,1
slice_management,19,mal--slice_management--random_min_degree--n20--recovery_poisoning--r2,1,0.85011744,0.8100000000000002,1,1
slice_management,19,mal--slice_management--random_min_degree--n20--recovery_poisoning--r2,0,0.049793106,0.8100000000000002,0,0
slice_management,19,mal--slice_management--random_min_degree--n20--recovery_poisoning--r6,1,0.9815,0.8100000000000002,1,1
slice_management,19,mal--slice_management--random_min_degree--n20--recovery_poisoning--r6,1,0.9742624,0.8100000000000002,1,1
slice_management,19,mal--slice_management--random_min_degree--n20--recovery_poisoning--r6,0,0.3194723,0.8100000000000002,0,0
slice_management,19,mal--slice_management--random_min_degree--n4--control_plane_worm--r6,0,0.84364545,0.8100000000000002,1,1
slice_management,19,mal--slice_management--random_min_degree--n4--slice_takeover--r2,1,0.90423965,0.8100000000000002,1,1
slice_management,19,mal--slice_management--random_min_degree--n4--slice_takeover--r2,0,0.008122945,0.8100000000000002,0,0
slice_management,19,mal--slice_management--random_min_degree--n4--slice_takeover--r2,1,0.9317492,0.8100000000000002,1,1
slice_management,19,mal--slice_management--random_min_degree--n4--slice_takeover--r2,0,0.13542742,0.8100000000000002,0,0
slice_management,19,mal--slice_management--random_min_degree--n4--slice_takeover--r2,1,0.8497492,0.8100000000000002,1,1
slice_management,19,mal--slice_management--random_min_degree--n8--control_plane_worm--r5,1,0.9881245,0.8100000000000002,1,1
slice_management,19,mal--slice_management--random_min_degree--n8--control_plane_worm--r5,0,0.15251659,0.8100000000000002,0,0
slice_management,19,mal--slice_management--random_min_degree--n8--control_plane_worm--r5,1,0.4578277,0.8100000000000002,0,0
slice_management,19,mal--slice_management--random_min_degree--n8--control_plane_worm--r5,0,0.01788033,0.8100000000000002,0,0
slice_management,19,mal--slice_management--random_min_degree--n8--exfiltration_propagation--r2,1,0.9122901,0.8100000000000002,1,1
slice_management,19,mal--slice_management--random_min_degree--n8--exfiltration_propagation--r2,1,0.8498797,0.8100000000000002,1,1
slice_management,19,mal--slice_management--random_min_degree--n8--exfiltration_propagation--r2,0,0.06669656,0.8100000000000002,0,0
slice_management,19,mal--slice_management--random_min_degree--n8--exfiltration_propagation--r2,1,0.8743563,0.8100000000000002,1,1
slice_management,19,mal--slice_management--random_min_degree--n8--exfiltration_propagation--r2,0,0.06882073,0.8100000000000002,0,0
slice_management,19,mal--slice_management--ring--n10--recovery_poisoning--r1,0,0.39533165,0.8100000000000002,0,0
slice_management,19,mal--slice_management--ring--n10--recovery_poisoning--r1,0,0.5017515,0.8100000000000002,0,1
slice_management,19,mal--slice_management--ring--n10--recovery_poisoning--r1,0,0.00937777,0.8100000000000002,0,0
slice_management,19,mal--slice_management--ring--n10--recovery_poisoning--r3,1,0.5832715,0.8100000000000002,0,1
slice_management,19,mal--slice_management--ring--n10--recovery_poisoning--r3,1,0.87723565,0.8100000000000002,1,1
slice_management,19,mal--slice_management--ring--n10--recovery_poisoning--r3,0,0.06184011,0.8100000000000002,0,0
slice_management,19,mal--slice_management--ring--n15--guard_suppression--r2,1,0.9536123,0.8100000000000002,1,1
slice_management,19,mal--slice_management--ring--n15--guard_suppression--r2,1,0.7732116,0.8100000000000002,0,1
slice_management,19,mal--slice_management--ring--n15--guard_suppression--r2,0,0.042388737,0.8100000000000002,0,0
slice_management,19,mal--slice_management--ring--n15--guard_suppression--r2,0,0.016890122,0.8100000000000002,0,0
slice_management,19,mal--slice_management--ring--n15--guard_suppression--r2,0,0.026678018,0.8100000000000002,0,0
slice_management,19,mal--slice_management--ring--n15--recovery_poisoning--r2,1,0.94762963,0.8100000000000002,1,1
slice_management,19,mal--slice_management--ring--n15--recovery_poisoning--r2,0,0.0030136297,0.8100000000000002,0,0
slice_management,19,mal--slice_management--ring--n15--recovery_poisoning--r2,0,0.003680598,0.8100000000000002,0,0
slice_management,19,mal--slice_management--ring--n15--recovery_poisoning--r2,0,0.006666038,0.8100000000000002,0,0
slice_management,19,mal--slice_management--ring--n15--slice_takeover--r4,1,0.9383413,0.8100000000000002,1,1
slice_management,19,mal--slice_management--ring--n15--slice_takeover--r4,1,0.94830376,0.8100000000000002,1,1
slice_management,19,mal--slice_management--ring--n15--slice_takeover--r4,1,0.95968086,0.8100000000000002,1,1
slice_management,19,mal--slice_management--ring--n15--slice_takeover--r4,0,0.20525007,0.8100000000000002,0,0
slice_management,19,mal--slice_management--ring--n15--slice_takeover--r4,0,0.022261212,0.8100000000000002,0,0
slice_management,19,mal--slice_management--ring--n20--control_plane_worm--r2,0,0.70602775,0.8100000000000002,0,1
slice_management,19,mal--slice_management--ring--n20--control_plane_worm--r2,0,0.003068725,0.8100000000000002,0,0
slice_management,19,mal--slice_management--ring--n20--recovery_poisoning--r6,0,0.071980864,0.8100000000000002,0,0
slice_management,19,mal--slice_management--ring--n20--slice_takeover--r3,1,0.8109688,0.8100000000000002,1,1
slice_management,19,mal--slice_management--ring--n20--slice_takeover--r3,1,0.9780874,0.8100000000000002,1,1
slice_management,19,mal--slice_management--ring--n20--slice_takeover--r3,1,0.9679565,0.8100000000000002,1,1
slice_management,19,mal--slice_management--ring--n20--slice_takeover--r3,1,0.95589614,0.8100000000000002,1,1
slice_management,19,mal--slice_management--ring--n20--slice_takeover--r3,0,0.24040516,0.8100000000000002,0,0
slice_management,19,mal--slice_management--ring--n4--slice_takeover--r2,1,0.40056312,0.8100000000000002,0,0
slice_management,19,mal--slice_management--ring--n4--slice_takeover--r2,0,0.067263566,0.8100000000000002,0,0
slice_management,19,mal--slice_management--ring--n4--slice_takeover--r2,1,0.31994215,0.8100000000000002,0,0
slice_management,19,mal--slice_management--ring--n4--slice_takeover--r2,0,0.058071207,0.8100000000000002,0,0
slice_management,19,mal--slice_management--ring--n8--control_plane_worm--r5,0,0.6960241,0.8100000000000002,0,1
slice_management,19,mal--slice_management--ring--n8--control_plane_worm--r5,1,0.6904804,0.8100000000000002,0,1
slice_management,19,mal--slice_management--ring--n8--control_plane_worm--r5,0,0.081073195,0.8100000000000002,0,0
slice_management,19,mal--slice_management--ring--n8--guard_suppression--r2,1,0.9617857,0.8100000000000002,1,1
slice_management,19,mal--slice_management--ring--n8--guard_suppression--r2,1,0.01660307,0.8100000000000002,0,0
slice_management,19,mal--slice_management--ring--n8--guard_suppression--r2,0,0.0031527008,0.8100000000000002,0,0
slice_management,19,mal--slice_management--ring--n8--guard_suppression--r2,0,0.011735295,0.8100000000000002,0,0
slice_management,19,mal--slice_management--ring--n8--guard_suppression--r2,0,0.005931485,0.8100000000000002,0,0
slice_management,19,mal--slice_management--ring--n8--slice_takeover--r1,1,0.8859865,0.8100000000000002,1,1
slice_management,19,mal--slice_management--ring--n8--slice_takeover--r1,1,0.6976912,0.8100000000000002,0,1
slice_management,19,mal--slice_management--ring--n8--slice_takeover--r1,1,0.66177446,0.8100000000000002,0,1
slice_management,19,mal--slice_management--ring--n8--slice_takeover--r1,1,0.9416644,0.8100000000000002,1,1
slice_management,19,mal--slice_management--ring--n8--slice_takeover--r1,0,0.17565918,0.8100000000000002,0,0
slice_management,19,mal--slice_management--ring--n8--slice_takeover--r1,1,0.8064872,0.8100000000000002,0,1
slice_management,19,mal--slice_management--ring--n8--slice_takeover--r6,1,0.99311334,0.8100000000000002,1,1
slice_management,19,mal--slice_management--ring--n8--slice_takeover--r6,0,0.110554285,0.8100000000000002,0,0
slice_management,19,mal--slice_management--ring--n8--slice_takeover--r6,1,0.97887737,0.8100000000000002,1,1
slice_management,19,mal--slice_management--ring--n8--slice_takeover--r6,0,0.017667456,0.8100000000000002,0,0
slice_management,19,mal--slice_management--ring--n8--slice_takeover--r6,0,0.0014925401,0.8100000000000002,0,0
slice_management,19,mal--slice_management--star--n10--control_plane_worm--r4,1,0.922126,0.8100000000000002,1,1
slice_management,19,mal--slice_management--star--n10--control_plane_worm--r4,0,0.1667172,0.8100000000000002,0,0
slice_management,19,mal--slice_management--star--n10--recovery_poisoning--r1,1,0.53949916,0.8100000000000002,0,1
slice_management,19,mal--slice_management--star--n10--recovery_poisoning--r1,0,0.02407096,0.8100000000000002,0,0
slice_management,19,mal--slice_management--star--n10--recovery_poisoning--r3,1,0.8260455,0.8100000000000002,1,1
slice_management,19,mal--slice_management--star--n10--recovery_poisoning--r3,0,0.037289347,0.8100000000000002,0,0
slice_management,19,mal--slice_management--star--n15--guard_suppression--r2,1,0.8127311,0.8100000000000002,1,1
slice_management,19,mal--slice_management--star--n15--guard_suppression--r2,0,0.4209857,0.8100000000000002,0,0
slice_management,19,mal--slice_management--star--n15--recovery_poisoning--r2,1,0.76920444,0.8100000000000002,0,1
slice_management,19,mal--slice_management--star--n15--recovery_poisoning--r2,0,0.011256808,0.8100000000000002,0,0
slice_management,19,mal--slice_management--star--n15--slice_takeover--r1,1,0.7477145,0.8100000000000002,0,1
slice_management,19,mal--slice_management--star--n15--slice_takeover--r1,0,0.03297483,0.8100000000000002,0,0
slice_management,19,mal--slice_management--star--n15--slice_takeover--r4,1,0.587148,0.8100000000000002,0,1
slice_management,19,mal--slice_management--star--n15--slice_takeover--r4,0,0.13760275,0.8100000000000002,0,0
slice_management,19,mal--slice_management--star--n20--exfiltration_propagation--r1,1,0.5155572,0.8100000000000002,0,1
slice_management,19,mal--slice_management--star--n20--exfiltration_propagation--r1,0,0.035430722,0.8100000000000002,0,0
slice_management,19,mal--slice_management--star--n20--exfiltration_propagation--r5,1,0.96724296,0.8100000000000002,1,1
slice_management,19,mal--slice_management--star--n20--exfiltration_propagation--r5,0,0.20305967,0.8100000000000002,0,0
slice_management,19,mal--slice_management--star--n20--recovery_poisoning--r2,1,0.9910924,0.8100000000000002,1,1
slice_management,19,mal--slice_management--star--n20--recovery_poisoning--r2,0,0.44760662,0.8100000000000002,0,0
slice_management,19,mal--slice_management--star--n4--control_plane_worm--r1,0,0.7353019,0.8100000000000002,0,1
slice_management,19,mal--slice_management--star--n4--control_plane_worm--r1,0,0.040716533,0.8100000000000002,0,0
slice_management,19,mal--slice_management--star--n4--control_plane_worm--r6,0,0.88076866,0.8100000000000002,1,1
slice_management,19,mal--slice_management--star--n4--exfiltration_propagation--r4,1,0.8573806,0.8100000000000002,1,1
slice_management,19,mal--slice_management--star--n4--exfiltration_propagation--r4,0,0.009620659,0.8100000000000002,0,0
slice_management,19,mal--slice_management--star--n8--exfiltration_propagation--r2,1,0.9686198,0.8100000000000002,1,1
slice_management,19,mal--slice_management--star--n8--exfiltration_propagation--r2,0,0.59957236,0.8100000000000002,0,1
slice_management,19,mal--slice_management--star--n8--guard_suppression--r2,1,0.81755745,0.8100000000000002,1,1
slice_management,19,mal--slice_management--star--n8--guard_suppression--r2,0,0.4057188,0.8100000000000002,0,0
slice_management,19,mal--slice_management--star--n8--slice_takeover--r6,1,0.967292,0.8100000000000002,1,1
slice_management,19,mal--slice_management--star--n8--slice_takeover--r6,0,0.65036255,0.8100000000000002,0,1
slice_management,31,benign--slice_management--chain--n10--containment_drill--r2,0,0.0016625568,0.5100000000000001,0,0
slice_management,31,benign--slice_management--chain--n10--containment_drill--r6,0,0.0017739529,0.5100000000000001,0,0
slice_management,31,benign--slice_management--chain--n10--containment_drill--r6,0,0.007124835,0.5100000000000001,0,0
slice_management,31,benign--slice_management--chain--n10--containment_drill--r6,0,0.0018116954,0.5100000000000001,0,0
slice_management,31,benign--slice_management--chain--n10--containment_drill--r6,0,0.0052820705,0.5100000000000001,0,0
slice_management,31,benign--slice_management--chain--n10--maintenance_notice--r4,0,0.030448657,0.5100000000000001,0,0
slice_management,31,benign--slice_management--chain--n10--quoted_attack_review--r5,0,0.012168302,0.5100000000000001,0,0
slice_management,31,benign--slice_management--chain--n10--quoted_attack_review--r5,0,0.0027318995,0.5100000000000001,0,0
slice_management,31,benign--slice_management--chain--n10--routine_update--r3,0,0.01133537,0.5100000000000001,0,0
slice_management,31,benign--slice_management--chain--n10--routine_update--r3,0,0.014511461,0.5100000000000001,0,0
slice_management,31,benign--slice_management--chain--n15--containment_drill--r4,0,0.0063269255,0.5100000000000001,0,0
slice_management,31,benign--slice_management--chain--n15--containment_drill--r4,0,0.0016854384,0.5100000000000001,0,0
slice_management,31,benign--slice_management--chain--n15--maintenance_notice--r2,0,0.011995031,0.5100000000000001,0,0
slice_management,31,benign--slice_management--chain--n15--maintenance_notice--r6,0,0.025513213,0.5100000000000001,0,0
slice_management,31,benign--slice_management--chain--n15--maintenance_notice--r6,0,0.007027314,0.5100000000000001,0,0
slice_management,31,benign--slice_management--chain--n15--maintenance_notice--r6,0,0.024499094,0.5100000000000001,0,0
slice_management,31,benign--slice_management--chain--n15--routine_update--r1,0,0.007785901,0.5100000000000001,0,0
slice_management,31,benign--slice_management--chain--n15--routine_update--r5,0,0.028850324,0.5100000000000001,0,0
slice_management,31,benign--slice_management--chain--n15--routine_update--r5,0,0.06335497,0.5100000000000001,0,0
slice_management,31,benign--slice_management--chain--n15--routine_update--r5,0,0.14142936,0.5100000000000001,0,0
slice_management,31,benign--slice_management--chain--n15--routine_update--r5,0,0.074791536,0.5100000000000001,0,0
slice_management,31,benign--slice_management--chain--n15--routine_update--r5,0,0.011246543,0.5100000000000001,0,0
slice_management,31,benign--slice_management--chain--n20--containment_drill--r2,0,0.001010892,0.5100000000000001,0,0
slice_management,31,benign--slice_management--chain--n20--maintenance_notice--r4,0,0.059085514,0.5100000000000001,0,0
slice_management,31,benign--slice_management--chain--n20--maintenance_notice--r4,0,0.1508896,0.5100000000000001,0,0
slice_management,31,benign--slice_management--chain--n20--quoted_attack_review--r5,0,0.0019909022,0.5100000000000001,0,0
slice_management,31,benign--slice_management--chain--n4--containment_drill--r2,0,0.002665159,0.5100000000000001,0,0
slice_management,31,benign--slice_management--chain--n4--containment_drill--r2,0,0.0029727607,0.5100000000000001,0,0
slice_management,31,benign--slice_management--chain--n4--containment_drill--r2,0,0.0023171504,0.5100000000000001,0,0
slice_management,31,benign--slice_management--chain--n4--containment_drill--r2,0,0.0012334901,0.5100000000000001,0,0
slice_management,31,benign--slice_management--chain--n4--containment_drill--r6,0,0.0012743105,0.5100000000000001,0,0
slice_management,31,benign--slice_management--chain--n4--quoted_attack_review--r1,0,0.041657403,0.5100000000000001,0,0
slice_management,31,benign--slice_management--chain--n4--quoted_attack_review--r1,0,0.0007867909,0.5100000000000001,0,0
slice_management,31,benign--slice_management--chain--n4--quoted_attack_review--r5,0,0.041657403,0.5100000000000001,0,0
slice_management,31,benign--slice_management--chain--n4--quoted_attack_review--r5,0,0.001065397,0.5100000000000001,0,0
slice_management,31,benign--slice_management--chain--n4--routine_update--r3,0,0.02000497,0.5100000000000001,0,0
slice_management,31,benign--slice_management--chain--n8--containment_drill--r4,0,0.0011781893,0.5100000000000001,0,0
slice_management,31,benign--slice_management--chain--n8--maintenance_notice--r2,0,0.0041986355,0.5100000000000001,0,0
slice_management,31,benign--slice_management--chain--n8--routine_update--r1,0,0.0063503305,0.5100000000000001,0,0
slice_management,31,benign--slice_management--chain--n8--routine_update--r5,0,0.013470049,0.5100000000000001,0,0
slice_management,31,benign--slice_management--chain--n8--routine_update--r5,0,0.0030701288,0.5100000000000001,0,0
slice_management,31,benign--slice_management--mesh_lite--n10--containment_drill--r4,0,0.004750842,0.5100000000000001,0,0
slice_management,31,benign--slice_management--mesh_lite--n10--containment_drill--r4,0,0.0059239184,0.5100000000000001,0,0
slice_management,31,benign--slice_management--mesh_lite--n10--containment_drill--r4,0,0.002430493,0.5100000000000001,0,0
slice_management,31,benign--slice_management--mesh_lite--n10--containment_drill--r4,0,0.0010680936,0.5100000000000001,0,0
slice_management,31,benign--slice_management--mesh_lite--n10--containment_drill--r4,0,0.001608903,0.5100000000000001,0,0
slice_management,31,benign--slice_management--mesh_lite--n10--containment_drill--r4,0,0.008324945,0.5100000000000001,0,0
slice_management,31,benign--slice_management--mesh_lite--n10--containment_drill--r4,0,0.004533609,0.5100000000000001,0,0
slice_management,31,benign--slice_management--mesh_lite--n10--containment_drill--r4,0,0.0035036115,0.5100000000000001,0,0
slice_management,31,benign--slice_management--mesh_lite--n10--containment_drill--r4,0,0.0021439705,0.5100000000000001,0,0
slice_management,31,benign--slice_management--mesh_lite--n10--maintenance_notice--r2,0,0.0025510192,0.5100000000000001,0,0
slice_management,31,benign--slice_management--mesh_lite--n10--quoted_attack_review--r3,0,0.031005133,0.5100000000000001,0,0
slice_management,31,benign--slice_management--mesh_lite--n10--quoted_attack_review--r3,0,0.00571252,0.5100000000000001,0,0
slice_management,31,benign--slice_management--mesh_lite--n10--quoted_attack_review--r3,0,0.022873182,0.5100000000000001,0,0
slice_management,31,benign--slice_management--mesh_lite--n10--quoted_attack_review--r3,0,0.016628752,0.5100000000000001,0,0
slice_management,31,benign--slice_management--mesh_lite--n10--quoted_attack_review--r3,0,0.005476412,0.5100000000000001,0,0
slice_management,31,benign--slice_management--mesh_lite--n10--quoted_attack_review--r3,0,0.10479359,0.5100000000000001,0,0
slice_management,31,benign--slice_management--mesh_lite--n10--quoted_attack_review--r3,0,0.029583426,0.5100000000000001,0,0
slice_management,31,benign--slice_management--mesh_lite--n10--quoted_attack_review--r3,0,0.012187989,0.5100000000000001,0,0
slice_management,31,benign--slice_management--mesh_lite--n10--quoted_attack_review--r3,0,0.06344655,0.5100000000000001,0,0
slice_management,31,benign--slice_management--mesh_lite--n10--routine_update--r1,0,0.007502552,0.5100000000000001,0,0
slice_management,31,benign--slice_management--mesh_lite--n15--containment_drill--r2,0,0.0014523724,0.5100000000000001,0,0
slice_management,31,benign--slice_management--mesh_lite--n15--containment_drill--r6,0,0.0034504544,0.5100000000000001,0,0
slice_management,31,benign--slice_management--mesh_lite--n15--quoted_attack_review--r1,0,0.009406763,0.5100000000000001,0,0
slice_management,31,benign--slice_management--mesh_lite--n15--quoted_attack_review--r5,0,0.0013774991,0.5100000000000001,0,0
slice_management,31,benign--slice_management--mesh_lite--n20--containment_drill--r4,0,0.015351085,0.5100000000000001,0,0
slice_management,31,benign--slice_management--mesh_lite--n20--containment_drill--r4,0,0.0032702333,0.5100000000000001,0,0
slice_management,31,benign--slice_management--mesh_lite--n20--containment_drill--r4,0,0.0008915319,0.5100000000000001,0,0
slice_management,31,benign--slice_management--mesh_lite--n20--maintenance_notice--r2,0,0.06606397,0.5100000000000001,0,0
slice_management,31,benign--slice_management--mesh_lite--n20--maintenance_notice--r2,0,0.0030960168,0.5100000000000001,0,0
slice_management,31,benign--slice_management--mesh_lite--n20--maintenance_notice--r6,0,0.05362946,0.5100000000000001,0,0
slice_management,31,benign--slice_management--mesh_lite--n20--maintenance_notice--r6,0,0.054579455,0.5100000000000001,0,0
slice_management,31,benign--slice_management--mesh_lite--n20--quoted_attack_review--r3,0,0.019545415,0.5100000000000001,0,0
slice_management,31,benign--slice_management--mesh_lite--n20--quoted_attack_review--r3,0,0.0019508185,0.5100000000000001,0,0
slice_management,31,benign--slice_management--mesh_lite--n20--quoted_attack_review--r3,0,0.0022011548,0.5100000000000001,0,0
slice_management,31,benign--slice_management--mesh_lite--n20--routine_update--r1,0,0.012887821,0.5100000000000001,0,0
slice_management,31,benign--slice_management--mesh_lite--n20--routine_update--r1,0,0.11009965,0.5100000000000001,0,0
slice_management,31,benign--slice_management--mesh_lite--n20--routine_update--r1,0,0.11831813,0.5100000000000001,0,0
slice_management,31,benign--slice_management--mesh_lite--n20--routine_update--r1,0,0.03449884,0.5100000000000001,0,0
slice_management,31,benign--slice_management--mesh_lite--n20--routine_update--r1,0,0.0121096,0.5100000000000001,0,0
slice_management,31,benign--slice_management--mesh_lite--n20--routine_update--r1,0,0.0042622946,0.5100000000000001,0,0
slice_management,31,benign--slice_management--mesh_lite--n4--maintenance_notice--r2,0,0.0065703806,0.5100000000000001,0,0
slice_management,31,benign--slice_management--mesh_lite--n4--maintenance_notice--r2,0,0.003297739,0.5100000000000001,0,0
slice_management,31,benign--slice_management--mesh_lite--n4--maintenance_notice--r2,0,0.0032838788,0.5100000000000001,0,0
slice_management,31,benign--slice_management--mesh_lite--n4--maintenance_notice--r2,0,0.0051343595,0.5100000000000001,0,0
slice_management,31,benign--slice_management--mesh_lite--n4--maintenance_notice--r6,0,0.004139704,0.5100000000000001,0,0
slice_management,31,benign--slice_management--mesh_lite--n4--routine_update--r1,0,0.005203132,0.5100000000000001,0,0
slice_management,31,benign--slice_management--mesh_lite--n4--routine_update--r5,0,0.020584911,0.5100000000000001,0,0
slice_management,31,benign--slice_management--mesh_lite--n8--containment_drill--r2,0,0.0025467617,0.5100000000000001,0,0
slice_management,31,benign--slice_management--mesh_lite--n8--routine_update--r3,0,0.0064899297,0.5100000000000001,0,0
slice_management,31,benign--slice_management--mesh_lite--n8--routine_update--r3,0,0.0076254094,0.5100000000000001,0,0
slice_management,31,benign--slice_management--mesh_lite--n8--routine_update--r3,0,0.0032634202,0.5100000000000001,0,0
slice_management,31,benign--slice_management--mesh_lite--n8--routine_update--r3,0,0.0053910557,0.5100000000000001,0,0
slice_management,31,benign--slice_management--mesh_lite--n8--routine_update--r3,0,0.008052921,0.5100000000000001,0,0
slice_management,31,benign--slice_management--mesh_lite--n8--routine_update--r3,0,0.001071495,0.5100000000000001,0,0
slice_management,31,benign--slice_management--mesh_lite--n8--routine_update--r3,0,0.002836229,0.5100000000000001,0,0
slice_management,31,benign--slice_management--random_min_degree--n10--containment_drill--r2,0,0.0010064514,0.5100000000000001,0,0
slice_management,31,benign--slice_management--random_min_degree--n10--containment_drill--r6,0,0.002042343,0.5100000000000001,0,0
slice_management,31,benign--slice_management--random_min_degree--n10--quoted_attack_review--r1,0,0.009406763,0.5100000000000001,0,0
slice_management,31,benign--slice_management--random_min_degree--n10--quoted_attack_review--r5,0,0.0031356257,0.5100000000000001,0,0
slice_management,31,benign--slice_management--random_min_degree--n10--routine_update--r3,0,0.02278339,0.5100000000000001,0,0
slice_management,31,benign--slice_management--random_min_degree--n15--maintenance_notice--r2,0,0.012825953,0.5100000000000001,0,0
slice_management,31,benign--slice_management--random_min_degree--n15--maintenance_notice--r2,0,0.0053122984,0.5100000000000001,0,0
slice_management,31,benign--slice_management--random_min_degree--n15--maintenance_notice--r2,0,0.01230435,0.5100000000000001,0,0
slice_management,31,benign--slice_management--random_min_degree--n15--routine_update--r1,0,0.0061032465,0.5100000000000001,0,0
slice_management,31,benign--slice_management--random_min_degree--n15--routine_update--r5,0,0.056078676,0.5100000000000001,0,0
slice_management,31,benign--slice_management--random_min_degree--n20--containment_drill--r2,0,0.00087586197,0.5100000000000001,0,0
slice_management,31,benign--slice_management--random_min_degree--n20--maintenance_notice--r4,0,0.0057432987,0.5100000000000001,0,0
slice_management,31,benign--slice_management--random_min_degree--n20--maintenance_notice--r4,0,0.005389818,0.5100000000000001,0,0
slice_management,31,benign--slice_management--random_min_degree--n20--maintenance_notice--r4,0,0.011360037,0.5100000000000001,0,0
slice_management,31,benign--slice_management--random_min_degree--n20--quoted_attack_review--r1,0,0.009406763,0.5100000000000001,0,0
slice_management,31,benign--slice_management--random_min_degree--n20--routine_update--r3,0,0.016671464,0.5100000000000001,0,0
slice_management,31,benign--slice_management--random_min_degree--n4--containment_drill--r2,0,0.0018840097,0.5100000000000001,0,0
slice_management,31,benign--slice_management--random_min_degree--n4--quoted_attack_review--r1,0,0.0061923857,0.5100000000000001,0,0
slice_management,31,benign--slice_management--random_min_degree--n4--quoted_attack_review--r5,0,0.0061923857,0.5100000000000001,0,0
slice_management,31,benign--slice_management--random_min_degree--n8--containment_drill--r4,0,0.0063269255,0.5100000000000001,0,0
slice_management,31,benign--slice_management--random_min_degree--n8--containment_drill--r4,0,0.0029242812,0.5100000000000001,0,0
slice_management,31,benign--slice_management--random_min_degree--n8--containment_drill--r4,0,0.0010372067,0.5100000000000001,0,0
slice_management,31,benign--slice_management--random_min_degree--n8--maintenance_notice--r2,0,0.0018060431,0.5100000000000001,0,0
slice_management,31,benign--slice_management--random_min_degree--n8--quoted_attack_review--r3,0,0.0076081012,0.5100000000000001,0,0
slice_management,31,benign--slice_management--random_min_degree--n8--routine_update--r1,0,0.009168354,0.5100000000000001,0,0
slice_management,31,benign--slice_management--random_min_degree--n8--routine_update--r5,0,0.014433669,0.5100000000000001,0,0
slice_management,31,benign--slice_management--random_min_degree--n8--routine_update--r5,0,0.01092191,0.5100000000000001,0,0
slice_management,31,benign--slice_management--ring--n10--containment_drill--r2,0,0.001225135,0.5100000000000001,0,0
slice_management,31,benign--slice_management--ring--n10--containment_drill--r6,0,0.0033431468,0.5100000000000001,0,0
slice_management,31,benign--slice_management--ring--n10--containment_drill--r6,0,0.0030418988,0.5100000000000001,0,0
slice_management,31,benign--slice_management--ring--n10--containment_drill--r6,0,0.0057456354,0.5100000000000001,0,0
slice_management,31,benign--slice_management--ring--n10--quoted_attack_review--r1,0,0.009406763,0.5100000000000001,0,0
slice_management,31,benign--slice_management--ring--n10--quoted_attack_review--r5,0,0.0100417165,0.5100000000000001,0,0
slice_management,31,benign--slice_management--ring--n10--quoted_attack_review--r5,0,0.01900172,0.5100000000000001,0,0
slice_management,31,benign--slice_management--ring--n10--quoted_attack_review--r5,0,0.0047116564,0.5100000000000001,0,0
slice_management,31,benign--slice_management--ring--n10--routine_update--r3,0,0.005348578,0.5100000000000001,0,0
slice_management,31,benign--slice_management--ring--n15--containment_drill--r4,0,0.0011465149,0.5100000000000001,0,0
slice_management,31,benign--slice_management--ring--n15--routine_update--r1,0,0.00758283,0.5100000000000001,0,0
slice_management,31,benign--slice_management--ring--n20--containment_drill--r2,0,0.0010573831,0.5100000000000001,0,0
slice_management,31,benign--slice_management--ring--n20--quoted_attack_review--r1,0,0.009406763,0.5100000000000001,0,0
slice_management,31,benign--slice_management--ring--n20--quoted_attack_review--r5,0,0.0012029588,0.5100000000000001,0,0
slice_management,31,benign--slice_management--ring--n20--routine_update--r3,0,0.004708165,0.5100000000000001,0,0
slice_management,31,benign--slice_management--ring--n20--routine_update--r3,0,0.0019566473,0.5100000000000001,0,0
slice_management,31,benign--slice_management--ring--n4--containment_drill--r2,0,0.0011303443,0.5100000000000001,0,0
slice_management,31,benign--slice_management--ring--n4--containment_drill--r6,0,0.004605804,0.5100000000000001,0,0
slice_management,31,benign--slice_management--ring--n4--quoted_attack_review--r1,0,0.009406763,0.5100000000000001,0,0
slice_management,31,benign--slice_management--ring--n4--quoted_attack_review--r5,0,0.009406763,0.5100000000000001,0,0
slice_management,31,benign--slice_management--ring--n4--routine_update--r3,0,0.020416858,0.5100000000000001,0,0
slice_management,31,benign--slice_management--ring--n8--containment_drill--r4,0,0.00159441,0.5100000000000001,0,0
slice_management,31,benign--slice_management--ring--n8--maintenance_notice--r2,0,0.0038035435,0.5100000000000001,0,0
slice_management,31,benign--slice_management--ring--n8--maintenance_notice--r6,0,0.015221544,0.5100000000000001,0,0
slice_management,31,benign--slice_management--ring--n8--quoted_attack_review--r3,0,0.0045489827,0.5100000000000001,0,0
slice_management,31,benign--slice_management--ring--n8--quoted_attack_review--r3,0,0.26422578,0.5100000000000001,0,0
slice_management,31,benign--slice_management--ring--n8--quoted_attack_review--r3,0,0.0071972143,0.5100000000000001,0,0
slice_management,31,benign--slice_management--ring--n8--quoted_attack_review--r3,0,0.25765273,0.5100000000000001,0,0
slice_management,31,benign--slice_management--ring--n8--quoted_attack_review--r3,0,0.044895396,0.5100000000000001,0,0
slice_management,31,benign--slice_management--ring--n8--quoted_attack_review--r3,0,0.12524197,0.5100000000000001,0,0
slice_management,31,benign--slice_management--ring--n8--quoted_attack_review--r3,0,0.0037260482,0.5100000000000001,0,0
slice_management,31,benign--slice_management--ring--n8--routine_update--r1,0,0.0018993149,0.5100000000000001,0,0
slice_management,31,benign--slice_management--ring--n8--routine_update--r1,0,0.038821056,0.5100000000000001,0,0
slice_management,31,benign--slice_management--ring--n8--routine_update--r5,0,0.0028150063,0.5100000000000001,0,0
slice_management,31,benign--slice_management--star--n10--containment_drill--r4,0,0.0017316764,0.5100000000000001,0,0
slice_management,31,benign--slice_management--star--n10--maintenance_notice--r6,0,0.0400966,0.5100000000000001,0,0
slice_management,31,benign--slice_management--star--n10--maintenance_notice--r6,0,0.026964951,0.5100000000000001,0,0
slice_management,31,benign--slice_management--star--n10--quoted_attack_review--r3,0,0.009058375,0.5100000000000001,0,0
slice_management,31,benign--slice_management--star--n10--quoted_attack_review--r3,0,0.0037870046,0.5100000000000001,0,0
slice_management,31,benign--slice_management--star--n10--routine_update--r1,0,0.017207075,0.5100000000000001,0,0
slice_management,31,benign--slice_management--star--n15--containment_drill--r2,0,0.001687941,0.5100000000000001,0,0
slice_management,31,benign--slice_management--star--n15--maintenance_notice--r4,0,0.01637791,0.5100000000000001,0,0
slice_management,31,benign--slice_management--star--n15--maintenance_notice--r4,0,0.0042068814,0.5100000000000001,0,0
slice_management,31,benign--slice_management--star--n20--maintenance_notice--r2,0,0.0035020954,0.5100000000000001,0,0
slice_management,31,benign--slice_management--star--n20--quoted_attack_review--r3,0,0.0031604024,0.5100000000000001,0,0
slice_management,31,benign--slice_management--star--n20--routine_update--r1,0,0.011780506,0.5100000000000001,0,0
slice_management,31,benign--slice_management--star--n20--routine_update--r5,0,0.026195722,0.5100000000000001,0,0
slice_management,31,benign--slice_management--star--n20--routine_update--r5,0,0.0040348647,0.5100000000000001,0,0
slice_management,31,benign--slice_management--star--n4--containment_drill--r4,0,0.0023531825,0.5100000000000001,0,0
slice_management,31,benign--slice_management--star--n4--containment_drill--r4,0,0.0033931662,0.5100000000000001,0,0
slice_management,31,benign--slice_management--star--n4--maintenance_notice--r2,0,0.0038065354,0.5100000000000001,0,0
slice_management,31,benign--slice_management--star--n4--quoted_attack_review--r3,0,0.0038766686,0.5100000000000001,0,0
slice_management,31,benign--slice_management--star--n4--routine_update--r1,0,0.0026666108,0.5100000000000001,0,0
slice_management,31,benign--slice_management--star--n4--routine_update--r5,0,0.008825763,0.5100000000000001,0,0
slice_management,31,benign--slice_management--star--n4--routine_update--r5,0,0.013882024,0.5100000000000001,0,0
slice_management,31,benign--slice_management--star--n8--containment_drill--r6,0,0.0020707578,0.5100000000000001,0,0
slice_management,31,benign--slice_management--star--n8--containment_drill--r6,0,0.0047961846,0.5100000000000001,0,0
slice_management,31,benign--slice_management--star--n8--maintenance_notice--r4,0,0.03228039,0.5100000000000001,0,0
slice_management,31,benign--slice_management--star--n8--maintenance_notice--r4,0,0.012095976,0.5100000000000001,0,0
slice_management,31,benign--slice_management--star--n8--quoted_attack_review--r1,0,0.049420856,0.5100000000000001,0,0
slice_management,31,benign--slice_management--star--n8--quoted_attack_review--r1,0,0.022055069,0.5100000000000001,0,0
slice_management,31,benign--slice_management--star--n8--quoted_attack_review--r5,0,0.018621592,0.5100000000000001,0,0
slice_management,31,benign--slice_management--star--n8--quoted_attack_review--r5,0,0.0034282547,0.5100000000000001,0,0
slice_management,31,mal--slice_management--chain--n10--control_plane_worm--r4,1,0.56283677,0.5100000000000001,1,1
slice_management,31,mal--slice_management--chain--n10--control_plane_worm--r4,1,0.8709329,0.5100000000000001,1,1
slice_management,31,mal--slice_management--chain--n10--control_plane_worm--r4,0,0.030917907,0.5100000000000001,0,0
slice_management,31,mal--slice_management--chain--n10--control_plane_worm--r4,1,0.4636053,0.5100000000000001,0,0
slice_management,31,mal--slice_management--chain--n10--control_plane_worm--r4,0,0.1840337,0.5100000000000001,0,0
slice_management,31,mal--slice_management--chain--n10--guard_suppression--r6,1,0.9921523,0.5100000000000001,1,1
slice_management,31,mal--slice_management--chain--n10--guard_suppression--r6,0,0.1503408,0.5100000000000001,0,0
slice_management,31,mal--slice_management--chain--n10--recovery_poisoning--r1,1,0.28494886,0.5100000000000001,0,0
slice_management,31,mal--slice_management--chain--n10--recovery_poisoning--r1,1,0.24447133,0.5100000000000001,0,0
slice_management,31,mal--slice_management--chain--n10--recovery_poisoning--r1,0,0.26145488,0.5100000000000001,0,0
slice_management,31,mal--slice_management--chain--n10--recovery_poisoning--r1,0,0.008428677,0.5100000000000001,0,0
slice_management,31,mal--slice_management--chain--n10--slice_takeover--r5,1,0.97560227,0.5100000000000001,1,1
slice_management,31,mal--slice_management--chain--n10--slice_takeover--r5,1,0.9858292,0.5100000000000001,1,1
slice_management,31,mal--slice_management--chain--n15--exfiltration_propagation--r6,1,0.9158019,0.5100000000000001,1,1
slice_management,31,mal--slice_management--chain--n15--exfiltration_propagation--r6,1,0.9526411,0.5100000000000001,1,1
slice_management,31,mal--slice_management--chain--n15--exfiltration_propagation--r6,1,0.4704964,0.5100000000000001,0,0
slice_management,31,mal--slice_management--chain--n15--guard_suppression--r5,1,0.8656423,0.5100000000000001,1,1
slice_management,31,mal--slice_management--chain--n15--guard_suppression--r5,0,0.008888397,0.5100000000000001,0,0
slice_management,31,mal--slice_management--chain--n15--guard_suppression--r5,0,0.00510166,0.5100000000000001,0,0
slice_management,31,mal--slice_management--chain--n15--guard_suppression--r5,1,0.8543571,0.5100000000000001,1,1
slice_management,31,mal--slice_management--chain--n15--guard_suppression--r5,1,0.90555763,0.5100000000000001,1,1
slice_management,31,mal--slice_management--chain--n15--guard_suppression--r5,1,0.7708387,0.5100000000000001,1,1
slice_management,31,mal--slice_management--chain--n15--slice_takeover--r4,1,0.94001085,0.5100000000000001,1,1
slice_management,31,mal--slice_management--chain--n15--slice_takeover--r4,0,0.016386554,0.5100000000000001,0,0
slice_management,31,mal--slice_management--chain--n15--slice_takeover--r4,0,0.1239247,0.5100000000000001,0,0
slice_management,31,mal--slice_management--chain--n15--slice_takeover--r4,0,0.006512012,0.5100000000000001,0,0
slice_management,31,mal--slice_management--chain--n15--slice_takeover--r4,0,0.0038363796,0.5100000000000001,0,0
slice_management,31,mal--slice_management--chain--n20--control_plane_worm--r2,1,0.9921929,0.5100000000000001,1,1
slice_management,31,mal--slice_management--chain--n20--control_plane_worm--r2,1,0.8802298,0.5100000000000001,1,1
slice_management,31,mal--slice_management--chain--n20--control_plane_worm--r2,1,0.7459503,0.5100000000000001,1,1
slice_management,31,mal--slice_management--chain--n20--control_plane_worm--r2,1,0.97156256,0.5100000000000001,1,1
slice_management,31,mal--slice_management--chain--n20--recovery_poisoning--r2,1,0.77063316,0.5100000000000001,1,1
slice_management,31,mal--slice_management--chain--n20--recovery_poisoning--r2,0,0.2350531,0.5100000000000001,0,0
slice_management,31,mal--slice_management--chain--n20--recovery_poisoning--r6,1,0.75520444,0.5100000000000001,1,1
slice_management,31,mal--slice_management--chain--n20--recovery_poisoning--r6,1,0.45033234,0.5100000000000001,0,0
slice_management,31,mal--slice_management--chain--n20--recovery_poisoning--r6,1,0.7947277,0.5100000000000001,1,1
slice_management,31,mal--slice_management--chain--n4--exfiltration_propagation--r4,1,0.94502276,0.5100000000000001,1,1
slice_management,31,mal--slice_management--chain--n4--exfiltration_propagation--r4,1,0.75032073,0.5100000000000001,1,1
slice_management,31,mal--slice_management--chain--n4--exfiltration_propagation--r4,0,0.16690113,0.5100000000000001,0,0
slice_management,31,mal--slice_management--chain--n4--exfiltration_propagation--r4,0,0.2431199,0.5100000000000001,0,0
slice_management,31,mal--slice_management--chain--n4--guard_suppression--r3,1,0.8360381,0.5100000000000001,1,1
slice_management,31,mal--slice_management--chain--n4--guard_suppression--r3,0,0.7547489,0.5100000000000001,1,1
slice_management,31,mal--slice_management--chain--n8--control_plane_worm--r5,1,0.99452955,0.5100000000000001,1,1
slice_management,31,mal--slice_management--chain--n8--control_plane_worm--r5,1,0.9441867,0.5100000000000001,1,1
slice_management,31,mal--slice_management--chain--n8--control_plane_worm--r5,0,0.014901631,0.5100000000000001,0,0
slice_management,31,mal--slice_management--chain--n8--exfiltration_propagation--r2,1,0.85541373,0.5100000000000001,1,1
slice_management,31,mal--slice_management--chain--n8--exfiltration_propagation--r2,0,0.5152413,0.5100000000000001,1,1
slice_management,31,mal--slice_management--chain--n8--exfiltration_propagation--r3,1,0.7534407,0.5100000000000001,1,1
slice_management,31,mal--slice_management--chain--n8--exfiltration_propagation--r3,0,0.005422899,0.5100000000000001,0,0
slice_management,31,mal--slice_management--chain--n8--guard_suppression--r2,1,0.9450286,0.5100000000000001,1,1
slice_management,31,mal--slice_management--chain--n8--guard_suppression--r2,1,0.7543582,0.5100000000000001,1,1
slice_management,31,mal--slice_management--chain--n8--guard_suppression--r2,0,0.0037128788,0.5100000000000001,0,0
slice_management,31,mal--slice_management--chain--n8--recovery_poisoning--r4,1,0.9839342,0.5100000000000001,1,1
slice_management,31,mal--slice_management--chain--n8--recovery_poisoning--r4,1,0.9929807,0.5100000000000001,1,1
slice_management,31,mal--slice_management--chain--n8--recovery_poisoning--r4,1,0.8874009,0.5100000000000001,1,1
slice_management,31,mal--slice_management--mesh_lite--n10--exfiltration_propagation--r2,1,0.8514627,0.5100000000000001,1,1
slice_management,31,mal--slice_management--mesh_lite--n10--exfiltration_propagation--r2,1,0.9146114,0.5100000000000001,1,1
slice_management,31,mal--slice_management--mesh_lite--n10--guard_suppression--r6,1,0.9694322,0.5100000000000001,1,1
slice_management,31,mal--slice_management--mesh_lite--n10--guard_suppression--r6,0,0.35790986,0.5100000000000001,0,0
slice_management,31,mal--slice_management--mesh_lite--n10--guard_suppression--r6,1,0.9392153,0.5100000000000001,1,1
slice_management,31,mal--slice_management--mesh_lite--n10--guard_suppression--r6,0,0.38380876,0.5100000000000001,0,0
slice_management,31,mal--slice_management--mesh_lite--n10--guard_suppression--r6,0,0.7895915,0.5100000000000001,1,1
slice_management,31,mal--slice_management--mesh_lite--n10--guard_suppression--r6,0,0.017792078,0.5100000000000001,0,0
slice_management,31,mal--slice_management--mesh_lite--n10--guard_suppression--r6,1,0.91495264,0.5100000000000001,1,1
slice_management,31,mal--slice_management--mesh_lite--n10--guard_suppression--r6,1,0.9698178,0.5100000000000001,1,1
slice_management,31,mal--slice_management--mesh_lite--n10--guard_suppression--r6,0,0.2699863,0.5100000000000001,0,0
slice_management,31,mal--slice_management--mesh_lite--n10--guard_suppression--r6,1,0.5004337,0.5100000000000001,0,1
slice_management,31,mal--slice_management--mesh_lite--n10--recovery_poisoning--r3,1,0.8999223,0.5100000000000001,1,1
slice_management,31,mal--slice_management--mesh_lite--n10--recovery_poisoning--r3,0,0.7160107,0.5100000000000001,1,1
slice_management,31,mal--slice_management--mesh_lite--n10--recovery_poisoning--r3,0,0.00930057,0.5100000000000001,0,0
slice_management,31,mal--slice_management--mesh_lite--n15--guard_suppression--r2,1,0.9393445,0.5100000000000001,1,1
slice_management,31,mal--slice_management--mesh_lite--n15--guard_suppression--r2,0,0.009624758,0.5100000000000001,0,0
slice_management,31,mal--slice_management--mesh_lite--n15--guard_suppression--r2,0,0.3259403,0.5100000000000001,0,0
slice_management,31,mal--slice_management--mesh_lite--n15--recovery_poisoning--r2,1,0.9249479,0.5100000000000001,1,1
slice_management,31,mal--slice_management--mesh_lite--n15--recovery_poisoning--r2,1,0.7910328,0.5100000000000001,1,1
slice_management,31,mal--slice_management--mesh_lite--n15--recovery_poisoning--r2,0,0.086880825,0.5100000000000001,0,0
slice_management,31,mal--slice_management--mesh_lite--n15--recovery_poisoning--r2,1,0.8663139,0.5100000000000001,1,1
slice_management,31,mal--slice_management--mesh_lite--n15--recovery_poisoning--r2,0,0.2769203,0.5100000000000001,0,0
slice_management,31,mal--slice_management--mesh_lite--n15--recovery_poisoning--r2,1,0.45398626,0.5100000000000001,0,0
slice_management,31,mal--slice_management--mesh_lite--n15--slice_takeover--r4,1,0.9917312,0.5100000000000001,1,1
slice_management,31,mal--slice_management--mesh_lite--n15--slice_takeover--r4,0,0.037134748,0.5100000000000001,0,0
slice_management,31,mal--slice_management--mesh_lite--n15--slice_takeover--r4,0,0.5202578,0.5100000000000001,1,1
slice_management,31,mal--slice_management--mesh_lite--n15--slice_takeover--r4,1,0.9900204,0.5100000000000001,1,1
slice_management,31,mal--slice_management--mesh_lite--n15--slice_takeover--r4,0,0.016989212,0.5100000000000001,0,0
slice_management,31,mal--slice_management--mesh_lite--n15--slice_takeover--r4,1,0.9787522,0.5100000000000001,1,1
slice_management,31,mal--slice_management--mesh_lite--n20--control_plane_worm--r2,1,0.9972066,0.5100000000000001,1,1
slice_management,31,mal--slice_management--mesh_lite--n20--control_plane_worm--r2,0,0.07738136,0.5100000000000001,0,0
slice_management,31,mal--slice_management--mesh_lite--n20--control_plane_worm--r2,1,0.9967438,0.5100000000000001,1,1
slice_management,31,mal--slice_management--mesh_lite--n20--control_plane_worm--r2,1,0.7608375,0.5100000000000001,1,1
slice_management,31,mal--slice_management--mesh_lite--n20--control_plane_worm--r2,1,0.5702119,0.5100000000000001,1,1
slice_management,31,mal--slice_management--mesh_lite--n20--control_plane_worm--r2,1,0.08304635,0.5100000000000001,0,0
slice_management,31,mal--slice_management--mesh_lite--n20--control_plane_worm--r2,1,0.9814859,0.5100000000000001,1,1
slice_management,31,mal--slice_management--mesh_lite--n20--recovery_poisoning--r2,0,0.009947242,0.5100000000000001,0,0
slice_management,31,mal--slice_management--mesh_lite--n20--recovery_poisoning--r2,0,0.11930259,0.5100000000000001,0,0
slice_management,31,mal--slice_management--mesh_lite--n20--recovery_poisoning--r2,0,0.014308521,0.5100000000000001,0,0
slice_management,31,mal--slice_management--mesh_lite--n20--recovery_poisoning--r2,0,0.27573678,0.5100000000000001,0,0
slice_management,31,mal--slice_management--mesh_lite--n20--recovery_poisoning--r2,0,0.18751478,0.5100000000000001,0,0
slice_management,31,mal--slice_management--mesh_lite--n20--recovery_poisoning--r2,0,0.39174017,0.5100000000000001,0,0
slice_management,31,mal--slice_management--mesh_lite--n20--recovery_poisoning--r2,0,0.022385271,0.5100000000000001,0,0
slice_management,31,mal--slice_management--mesh_lite--n20--recovery_poisoning--r2,0,0.07366304,0.5100000000000001,0,0
slice_management,31,mal--slice_management--mesh_lite--n20--recovery_poisoning--r6,0,0.16100273,0.5100000000000001,0,0
slice_management,31,mal--slice_management--mesh_lite--n20--recovery_poisoning--r6,1,0.88149583,0.5100000000000001,1,1
slice_management,31,mal--slice_management--mesh_lite--n20--recovery_poisoning--r6,0,0.25621304,0.5100000000000001,0,0
slice_management,31,mal--slice_management--mesh_lite--n20--recovery_poisoning--r6,0,0.04978336,0.5100000000000001,0,0
slice_management,31,mal--slice_management--mesh_lite--n20--recovery_poisoning--r6,0,0.24771638,0.5100000000000001,0,0
slice_management,31,mal--slice_management--mesh_lite--n20--recovery_poisoning--r6,0,0.35724804,0.5100000000000001,0,0
slice_management,31,mal--slice_management--mesh_lite--n20--slice_takeover--r3,1,0.9907224,0.5100000000000001,1,1
slice_management,31,mal--slice_management--mesh_lite--n20--slice_takeover--r3,1,0.9771402,0.5100000000000001,1,1
slice_management,31,mal--slice_management--mesh_lite--n20--slice_takeover--r3,1,0.8205845,0.5100000000000001,1,1
slice_management,31,mal--slice_management--mesh_lite--n20--slice_takeover--r3,1,0.041270375,0.5100000000000001,0,0
slice_management,31,mal--slice_management--mesh_lite--n20--slice_takeover--r3,0,0.08518007,0.5100000000000001,0,0
slice_management,31,mal--slice_management--mesh_lite--n4--control_plane_worm--r6,0,0.2040118,0.5100000000000001,0,0
slice_management,31,mal--slice_management--mesh_lite--n4--control_plane_worm--r6,0,0.011511111,0.5100000000000001,0,0
slice_management,31,mal--slice_management--mesh_lite--n4--exfiltration_propagation--r4,1,0.22533746,0.5100000000000001,0,0
slice_management,31,mal--slice_management--mesh_lite--n4--exfiltration_propagation--r4,0,0.016397124,0.5100000000000001,0,0
slice_management,31,mal--slice_management--mesh_lite--n4--exfiltration_propagation--r4,1,0.28604278,0.5100000000000001,0,0
slice_management,31,mal--slice_management--mesh_lite--n4--exfiltration_propagation--r4,0,0.0144524565,0.5100000000000001,0,0
slice_management,31,mal--slice_management--mesh_lite--n4--exfiltration_propagation--r4,1,0.33666247,0.5100000000000001,0,0
slice_management,31,mal--slice_management--mesh_lite--n4--exfiltration_propagation--r4,1,0.034895,0.5100000000000001,0,0
slice_management,31,mal--slice_management--mesh_lite--n4--exfiltration_propagation--r4,1,0.24755868,0.5100000000000001,0,0
slice_management,31,mal--slice_management--mesh_lite--n8--control_plane_worm--r5,0,0.3897301,0.5100000000000001,0,0
slice_management,31,mal--slice_management--mesh_lite--n8--control_plane_worm--r5,0,0.010789538,0.5100000000000001,0,0
slice_management,31,mal--slice_management--mesh_lite--n8--control_plane_worm--r5,1,0.7581807,0.5100000000000001,1,1
slice_management,31,mal--slice_management--mesh_lite--n8--control_plane_worm--r5,1,0.85949343,0.5100000000000001,1,1
slice_management,31,mal--slice_management--mesh_lite--n8--control_plane_worm--r5,0,0.113457225,0.5100000000000001,0,0
slice_management,31,mal--slice_management--mesh_lite--n8--control_plane_worm--r5,1,0.9422373,0.5100000000000001,1,1
slice_management,31,mal--slice_management--mesh_lite--n8--control_plane_worm--r5,1,0.9177645,0.5100000000000001,1,1
slice_management,31,mal--slice_management--mesh_lite--n8--control_plane_worm--r5,1,0.21810335,0.5100000000000001,0,0
slice_management,31,mal--slice_management--mesh_lite--n8--exfiltration_propagation--r3,1,0.71716475,0.5100000000000001,1,1
slice_management,31,mal--slice_management--mesh_lite--n8--exfiltration_propagation--r3,0,0.26184422,0.5100000000000001,0,0
slice_management,31,mal--slice_management--mesh_lite--n8--exfiltration_propagation--r3,0,0.005358226,0.5100000000000001,0,0
slice_management,31,mal--slice_management--mesh_lite--n8--guard_suppression--r2,1,0.97442245,0.5100000000000001,1,1
slice_management,31,mal--slice_management--mesh_lite--n8--guard_suppression--r2,1,0.7796795,0.5100000000000001,1,1
slice_management,31,mal--slice_management--mesh_lite--n8--guard_suppression--r2,0,0.20194088,0.5100000000000001,0,0
slice_management,31,mal--slice_management--mesh_lite--n8--guard_suppression--r2,1,0.9853672,0.5100000000000001,1,1
slice_management,31,mal--slice_management--mesh_lite--n8--guard_suppression--r2,0,0.025406986,0.5100000000000001,0,0
slice_management,31,mal--slice_management--mesh_lite--n8--guard_suppression--r2,1,0.9878135,0.5100000000000001,1,1
slice_management,31,mal--slice_management--mesh_lite--n8--guard_suppression--r2,0,0.8434642,0.5100000000000001,1,1
slice_management,31,mal--slice_management--mesh_lite--n8--guard_suppression--r2,1,0.98823804,0.5100000000000001,1,1
slice_management,31,mal--slice_management--mesh_lite--n8--guard_suppression--r2,1,0.42790985,0.5100000000000001,0,0
slice_management,31,mal--slice_management--mesh_lite--n8--slice_takeover--r1,1,0.70683837,0.5100000000000001,1,1
slice_management,31,mal--slice_management--mesh_lite--n8--slice_takeover--r1,1,0.021006681,0.5100000000000001,0,0
slice_management,31,mal--slice_management--mesh_lite--n8--slice_takeover--r1,1,0.17407855,0.5100000000000001,0,0
slice_management,31,mal--slice_management--mesh_lite--n8--slice_takeover--r1,1,0.15355034,0.5100000000000001,0,0
slice_management,31,mal--slice_management--mesh_lite--n8--slice_takeover--r1,1,0.0047732242,0.5100000000000001,0,0
slice_management,31,mal--slice_management--mesh_lite--n8--slice_takeover--r1,1,0.09224484,0.5100000000000001,0,0
slice_management,31,mal--slice_management--mesh_lite--n8--slice_takeover--r1,1,0.006405029,0.5100000000000001,0,0
slice_management,31,mal--slice_management--mesh_lite--n8--slice_takeover--r1,1,0.012997085,0.5100000000000001,0,0
slice_management,31,mal--slice_management--random_min_degree--n10--control_plane_worm--r4,1,0.51083314,0.5100000000000001,1,1
slice_management,31,mal--slice_management--random_min_degree--n10--control_plane_worm--r4,1,0.5430694,0.5100000000000001,1,1
slice_management,31,mal--slice_management--random_min_degree--n10--control_plane_worm--r4,0,0.25446424,0.5100000000000001,0,0
slice_management,31,mal--slice_management--random_min_degree--n10--guard_suppression--r6,1,0.80583644,0.5100000000000001,1,1
slice_management,31,mal--slice_management--random_min_degree--n10--guard_suppression--r6,0,0.29265708,0.5100000000000001,0,0
slice_management,31,mal--slice_management--random_min_degree--n10--guard_suppression--r6,0,0.009290896,0.5100000000000001,0,0
slice_management,31,mal--slice_management--random_min_degree--n10--guard_suppression--r6,0,0.0030388595,0.5100000000000001,0,0
slice_management,31,mal--slice_management--random_min_degree--n10--recovery_poisoning--r3,1,0.79088664,0.5100000000000001,1,1
slice_management,31,mal--slice_management--random_min_degree--n10--recovery_poisoning--r3,0,0.017045837,0.5100000000000001,0,0
slice_management,31,mal--slice_management--random_min_degree--n10--recovery_poisoning--r3,0,0.03527788,0.5100000000000001,0,0
slice_management,31,mal--slice_management--random_min_degree--n10--recovery_poisoning--r3,0,0.015187451,0.5100000000000001,0,0
slice_management,31,mal--slice_management--random_min_degree--n10--recovery_poisoning--r3,0,0.014309287,0.5100000000000001,0,0
slice_management,31,mal--slice_management--random_min_degree--n15--guard_suppression--r2,1,0.91490835,0.5100000000000001,1,1
slice_management,31,mal--slice_management--random_min_degree--n15--guard_suppression--r2,1,0.2973666,0.5100000000000001,0,0
slice_management,31,mal--slice_management--random_min_degree--n15--guard_suppression--r2,0,0.0655976,0.5100000000000001,0,0
slice_management,31,mal--slice_management--random_min_degree--n15--guard_suppression--r2,1,0.9848585,0.5100000000000001,1,1
slice_management,31,mal--slice_management--random_min_degree--n15--guard_suppression--r2,0,0.94371414,0.5100000000000001,1,1
slice_management,31,mal--slice_management--random_min_degree--n15--guard_suppression--r5,1,0.8656423,0.5100000000000001,1,1
slice_management,31,mal--slice_management--random_min_degree--n15--guard_suppression--r5,1,0.856675,0.5100000000000001,1,1
slice_management,31,mal--slice_management--random_min_degree--n15--guard_suppression--r5,0,0.2618575,0.5100000000000001,0,0
slice_management,31,mal--slice_management--random_min_degree--n15--recovery_poisoning--r2,1,0.993834,0.5100000000000001,1,1
slice_management,31,mal--slice_management--random_min_degree--n15--recovery_poisoning--r2,0,0.9293775,0.5100000000000001,1,1
slice_management,31,mal--slice_management--random_min_degree--n15--recovery_poisoning--r2,0,0.011741817,0.5100000000000001,0,0
slice_management,31,mal--slice_management--random_min_degree--n15--recovery_poisoning--r2,0,0.031133514,0.5100000000000001,0,0
slice_management,31,mal--slice_management--random_min_degree--n15--recovery_poisoning--r2,0,0.0017329034,0.5100000000000001,0,0
slice_management,31,mal--slice_management--random_min_degree--n15--recovery_poisoning--r2,0,0.4034895,0.5100000000000001,0,0
slice_management,31,mal--slice_management--random_min_degree--n20--control_plane_worm--r2,0,0.36968154,0.5100000000000001,0,0
slice_management,31,mal--slice_management--random_min_degree--n20--control_plane_worm--r2,0,0.004259529,0.5100000000000001,0,0
slice_management,31,mal--slice_management--random_min_degree--n20--recovery_poisoning--r2,1,0.9852025,0.5100000000000001,1,1
slice_management,31,mal--slice_management--random_min_degree--n20--recovery_poisoning--r2,1,0.9787622,0.5100000000000001,1,1
slice_management,31,mal--slice_management--random_min_degree--n20--recovery_poisoning--r2,0,0.0078113303,0.5100000000000001,0,0
slice_management,31,mal--slice_management--random_min_degree--n20--recovery_poisoning--r2,1,0.8498656,0.5100000000000001,1,1
slice_management,31,mal--slice_management--random_min_degree--n20--recovery_poisoning--r2,1,0.79308355,0.5100000000000001,1,1
slice_management,31,mal--slice_management--random_min_degree--n20--recovery_poisoning--r2,1,0.8279229,0.5100000000000001,1,1
slice_management,31,mal--slice_management--random_min_degree--n20--recovery_poisoning--r2,0,0.044938132,0.5100000000000001,0,0
slice_management,31,mal--slice_management--random_min_degree--n20--recovery_poisoning--r6,1,0.99284756,0.5100000000000001,1,1
slice_management,31,mal--slice_management--random_min_degree--n20--recovery_poisoning--r6,1,0.9834594,0.5100000000000001,1,1
slice_management,31,mal--slice_management--random_min_degree--n20--recovery_poisoning--r6,0,0.40251485,0.5100000000000001,0,0
slice_management,31,mal--slice_management--random_min_degree--n4--control_plane_worm--r6,0,0.76970935,0.5100000000000001,1,1
slice_management,31,mal--slice_management--random_min_degree--n4--slice_takeover--r2,1,0.95680076,0.5100000000000001,1,1
slice_management,31,mal--slice_management--random_min_degree--n4--slice_takeover--r2,0,0.010704957,0.5100000000000001,0,0
slice_management,31,mal--slice_management--random_min_degree--n4--slice_takeover--r2,1,0.9446801,0.5100000000000001,1,1
slice_management,31,mal--slice_management--random_min_degree--n4--slice_takeover--r2,0,0.054215033,0.5100000000000001,0,0
slice_management,31,mal--slice_management--random_min_degree--n4--slice_takeover--r2,1,0.79445446,0.5100000000000001,1,1
slice_management,31,mal--slice_management--random_min_degree--n8--control_plane_worm--r5,1,0.99067175,0.5100000000000001,1,1
slice_management,31,mal--slice_management--random_min_degree--n8--control_plane_worm--r5,0,0.12913725,0.5100000000000001,0,0
slice_management,31,mal--slice_management--random_min_degree--n8--control_plane_worm--r5,1,0.6468692,0.5100000000000001,1,1
slice_management,31,mal--slice_management--random_min_degree--n8--control_plane_worm--r5,0,0.017939122,0.5100000000000001,0,0
slice_management,31,mal--slice_management--random_min_degree--n8--exfiltration_propagation--r2,1,0.946049,0.5100000000000001,1,1
slice_management,31,mal--slice_management--random_min_degree--n8--exfiltration_propagation--r2,1,0.89112145,0.5100000000000001,1,1
slice_management,31,mal--slice_management--random_min_degree--n8--exfiltration_propagation--r2,0,0.11696416,0.5100000000000001,0,0
slice_management,31,mal--slice_management--random_min_degree--n8--exfiltration_propagation--r2,1,0.8521114,0.5100000000000001,1,1
slice_management,31,mal--slice_management--random_min_degree--n8--exfiltration_propagation--r2,0,0.08852859,0.5100000000000001,0,0
slice_management,31,mal--slice_management--ring--n10--recovery_poisoning--r1,0,0.62970495,0.5100000000000001,1,1
slice_management,31,mal--slice_management--ring--n10--recovery_poisoning--r1,0,0.7113027,0.5100000000000001,1,1
slice_management,31,mal--slice_management--ring--n10--recovery_poisoning--r1,0,0.03361858,0.5100000000000001,0,0
slice_management,31,mal--slice_management--ring--n10--recovery_poisoning--r3,1,0.7295043,0.5100000000000001,1,1
slice_management,31,mal--slice_management--ring--n10--recovery_poisoning--r3,1,0.9202682,0.5100000000000001,1,1
slice_management,31,mal--slice_management--ring--n10--recovery_poisoning--r3,0,0.042354085,0.5100000000000001,0,0
slice_management,31,mal--slice_management--ring--n15--guard_suppression--r2,1,0.9253477,0.5100000000000001,1,1
slice_management,31,mal--slice_management--ring--n15--guard_suppression--r2,1,0.6244237,0.5100000000000001,1,1
slice_management,31,mal--slice_management--ring--n15--guard_suppression--r2,0,0.032186836,0.5100000000000001,0,0
slice_management,31,mal--slice_management--ring--n15--guard_suppression--r2,0,0.010060851,0.5100000000000001,0,0
slice_management,31,mal--slice_management--ring--n15--guard_suppression--r2,0,0.022542072,0.5100000000000001,0,0
slice_management,31,mal--slice_management--ring--n15--recovery_poisoning--r2,1,0.9378925,0.5100000000000001,1,1
slice_management,31,mal--slice_management--ring--n15--recovery_poisoning--r2,0,0.0024890266,0.5100000000000001,0,0
slice_management,31,mal--slice_management--ring--n15--recovery_poisoning--r2,0,0.0043864227,0.5100000000000001,0,0
slice_management,31,mal--slice_management--ring--n15--recovery_poisoning--r2,0,0.0044773403,0.5100000000000001,0,0
slice_management,31,mal--slice_management--ring--n15--slice_takeover--r4,1,0.9741445,0.5100000000000001,1,1
slice_management,31,mal--slice_management--ring--n15--slice_takeover--r4,1,0.9614531,0.5100000000000001,1,1
slice_management,31,mal--slice_management--ring--n15--slice_takeover--r4,1,0.9547878,0.5100000000000001,1,1
slice_management,31,mal--slice_management--ring--n15--slice_takeover--r4,0,0.32262692,0.5100000000000001,0,0
slice_management,31,mal--slice_management--ring--n15--slice_takeover--r4,0,0.041814804,0.5100000000000001,0,0
slice_management,31,mal--slice_management--ring--n20--control_plane_worm--r2,0,0.8004264,0.5100000000000001,1,1
slice_management,31,mal--slice_management--ring--n20--control_plane_worm--r2,0,0.012162388,0.5100000000000001,0,0
slice_management,31,mal--slice_management--ring--n20--recovery_poisoning--r6,0,0.06510766,0.5100000000000001,0,0
slice_management,31,mal--slice_management--ring--n20--slice_takeover--r3,1,0.90532,0.5100000000000001,1,1
slice_management,31,mal--slice_management--ring--n20--slice_takeover--r3,1,0.9896623,0.5100000000000001,1,1
slice_management,31,mal--slice_management--ring--n20--slice_takeover--r3,1,0.9535087,0.5100000000000001,1,1
slice_management,31,mal--slice_management--ring--n20--slice_takeover--r3,1,0.9499868,0.5100000000000001,1,1
slice_management,31,mal--slice_management--ring--n20--slice_takeover--r3,0,0.32522407,0.5100000000000001,0,0
slice_management,31,mal--slice_management--ring--n4--slice_takeover--r2,1,0.41965485,0.5100000000000001,0,0
slice_management,31,mal--slice_management--ring--n4--slice_takeover--r2,0,0.1090542,0.5100000000000001,0,0
slice_management,31,mal--slice_management--ring--n4--slice_takeover--r2,1,0.2314989,0.5100000000000001,0,0
slice_management,31,mal--slice_management--ring--n4--slice_takeover--r2,0,0.13078982,0.5100000000000001,0,0
slice_management,31,mal--slice_management--ring--n8--control_plane_worm--r5,0,0.46512473,0.5100000000000001,0,0
slice_management,31,mal--slice_management--ring--n8--control_plane_worm--r5,1,0.58085316,0.5100000000000001,1,1
slice_management,31,mal--slice_management--ring--n8--control_plane_worm--r5,0,0.14211819,0.5100000000000001,0,0
slice_management,31,mal--slice_management--ring--n8--guard_suppression--r2,1,0.9450286,0.5100000000000001,1,1
slice_management,31,mal--slice_management--ring--n8--guard_suppression--r2,1,0.047009926,0.5100000000000001,0,0
slice_management,31,mal--slice_management--ring--n8--guard_suppression--r2,0,0.007286338,0.5100000000000001,0,0
slice_management,31,mal--slice_management--ring--n8--guard_suppression--r2,0,0.010815621,0.5100000000000001,0,0
slice_management,31,mal--slice_management--ring--n8--guard_suppression--r2,0,0.013055527,0.5100000000000001,0,0
slice_management,31,mal--slice_management--ring--n8--slice_takeover--r1,1,0.87061745,0.5100000000000001,1,1
slice_management,31,mal--slice_management--ring--n8--slice_takeover--r1,1,0.60925037,0.5100000000000001,1,1
slice_management,31,mal--slice_management--ring--n8--slice_takeover--r1,1,0.64104104,0.5100000000000001,1,1
slice_management,31,mal--slice_management--ring--n8--slice_takeover--r1,1,0.936846,0.5100000000000001,1,1
slice_management,31,mal--slice_management--ring--n8--slice_takeover--r1,0,0.27872646,0.5100000000000001,0,0
slice_management,31,mal--slice_management--ring--n8--slice_takeover--r1,1,0.73112303,0.5100000000000001,1,1
slice_management,31,mal--slice_management--ring--n8--slice_takeover--r6,1,0.99675226,0.5100000000000001,1,1
slice_management,31,mal--slice_management--ring--n8--slice_takeover--r6,0,0.09251339,0.5100000000000001,0,0
slice_management,31,mal--slice_management--ring--n8--slice_takeover--r6,1,0.983024,0.5100000000000001,1,1
slice_management,31,mal--slice_management--ring--n8--slice_takeover--r6,0,0.067269966,0.5100000000000001,0,0
slice_management,31,mal--slice_management--ring--n8--slice_takeover--r6,0,0.0033971546,0.5100000000000001,0,0
slice_management,31,mal--slice_management--star--n10--control_plane_worm--r4,1,0.91197073,0.5100000000000001,1,1
slice_management,31,mal--slice_management--star--n10--control_plane_worm--r4,0,0.23810409,0.5100000000000001,0,0
slice_management,31,mal--slice_management--star--n10--recovery_poisoning--r1,1,0.6185684,0.5100000000000001,1,1
slice_management,31,mal--slice_management--star--n10--recovery_poisoning--r1,0,0.019950947,0.5100000000000001,0,0
slice_management,31,mal--slice_management--star--n10--recovery_poisoning--r3,1,0.9515753,0.5100000000000001,1,1
slice_management,31,mal--slice_management--star--n10--recovery_poisoning--r3,0,0.06388446,0.5100000000000001,0,0
slice_management,31,mal--slice_management--star--n15--guard_suppression--r2,1,0.69465935,0.5100000000000001,1,1
slice_management,31,mal--slice_management--star--n15--guard_suppression--r2,0,0.25392115,0.5100000000000001,0,0
slice_management,31,mal--slice_management--star--n15--recovery_poisoning--r2,1,0.68973285,0.5100000000000001,1,1
slice_management,31,mal--slice_management--star--n15--recovery_poisoning--r2,0,0.021137752,0.5100000000000001,0,0
slice_management,31,mal--slice_management--star--n15--slice_takeover--r1,1,0.74403954,0.5100000000000001,1,1
slice_management,31,mal--slice_management--star--n15--slice_takeover--r1,0,0.031568013,0.5100000000000001,0,0
slice_management,31,mal--slice_management--star--n15--slice_takeover--r4,1,0.78385264,0.5100000000000001,1,1
slice_management,31,mal--slice_management--star--n15--slice_takeover--r4,0,0.21367946,0.5100000000000001,0,0
slice_management,31,mal--slice_management--star--n20--exfiltration_propagation--r1,1,0.61774784,0.5100000000000001,1,1
slice_management,31,mal--slice_management--star--n20--exfiltration_propagation--r1,0,0.023817273,0.5100000000000001,0,0
slice_management,31,mal--slice_management--star--n20--exfiltration_propagation--r5,1,0.9468346,0.5100000000000001,1,1
slice_management,31,mal--slice_management--star--n20--exfiltration_propagation--r5,0,0.08418792,0.5100000000000001,0,0
slice_management,31,mal--slice_management--star--n20--recovery_poisoning--r2,1,0.9856098,0.5100000000000001,1,1
slice_management,31,mal--slice_management--star--n20--recovery_poisoning--r2,0,0.24936374,0.5100000000000001,0,0
slice_management,31,mal--slice_management--star--n4--control_plane_worm--r1,0,0.74726105,0.5100000000000001,1,1
slice_management,31,mal--slice_management--star--n4--control_plane_worm--r1,0,0.03678885,0.5100000000000001,0,0
slice_management,31,mal--slice_management--star--n4--control_plane_worm--r6,0,0.72667783,0.5100000000000001,1,1
slice_management,31,mal--slice_management--star--n4--exfiltration_propagation--r4,1,0.87175363,0.5100000000000001,1,1
slice_management,31,mal--slice_management--star--n4--exfiltration_propagation--r4,0,0.0053786105,0.5100000000000001,0,0
slice_management,31,mal--slice_management--star--n8--exfiltration_propagation--r2,1,0.97348684,0.5100000000000001,1,1
slice_management,31,mal--slice_management--star--n8--exfiltration_propagation--r2,0,0.43515778,0.5100000000000001,0,0
slice_management,31,mal--slice_management--star--n8--guard_suppression--r2,1,0.8405165,0.5100000000000001,1,1
slice_management,31,mal--slice_management--star--n8--guard_suppression--r2,0,0.31924173,0.5100000000000001,0,0
slice_management,31,mal--slice_management--star--n8--slice_takeover--r6,1,0.9708238,0.5100000000000001,1,1
slice_management,31,mal--slice_management--star--n8--slice_takeover--r6,0,0.37729302,0.5100000000000001,0,0
slice_management,43,benign--slice_management--chain--n10--containment_drill--r2,0,0.0010761546,0.5600000000000002,0,0
slice_management,43,benign--slice_management--chain--n10--containment_drill--r6,0,0.0020641917,0.5600000000000002,0,0
slice_management,43,benign--slice_management--chain--n10--containment_drill--r6,0,0.004336331,0.5600000000000002,0,0
slice_management,43,benign--slice_management--chain--n10--containment_drill--r6,0,0.001973271,0.5600000000000002,0,0
slice_management,43,benign--slice_management--chain--n10--containment_drill--r6,0,0.0023819313,0.5600000000000002,0,0
slice_management,43,benign--slice_management--chain--n10--maintenance_notice--r4,0,0.019072598,0.5600000000000002,0,0
slice_management,43,benign--slice_management--chain--n10--quoted_attack_review--r5,0,0.013490595,0.5600000000000002,0,0
slice_management,43,benign--slice_management--chain--n10--quoted_attack_review--r5,0,0.0018049052,0.5600000000000002,0,0
slice_management,43,benign--slice_management--chain--n10--routine_update--r3,0,0.008952543,0.5600000000000002,0,0
slice_management,43,benign--slice_management--chain--n10--routine_update--r3,0,0.017475056,0.5600000000000002,0,0
slice_management,43,benign--slice_management--chain--n15--containment_drill--r4,0,0.002763444,0.5600000000000002,0,0
slice_management,43,benign--slice_management--chain--n15--containment_drill--r4,0,0.0012074204,0.5600000000000002,0,0
slice_management,43,benign--slice_management--chain--n15--maintenance_notice--r2,0,0.028822737,0.5600000000000002,0,0
slice_management,43,benign--slice_management--chain--n15--maintenance_notice--r6,0,0.019982668,0.5600000000000002,0,0
slice_management,43,benign--slice_management--chain--n15--maintenance_notice--r6,0,0.003398731,0.5600000000000002,0,0
slice_management,43,benign--slice_management--chain--n15--maintenance_notice--r6,0,0.017974094,0.5600000000000002,0,0
slice_management,43,benign--slice_management--chain--n15--routine_update--r1,0,0.0035231085,0.5600000000000002,0,0
slice_management,43,benign--slice_management--chain--n15--routine_update--r5,0,0.024027178,0.5600000000000002,0,0
slice_management,43,benign--slice_management--chain--n15--routine_update--r5,0,0.041314244,0.5600000000000002,0,0
slice_management,43,benign--slice_management--chain--n15--routine_update--r5,0,0.047373347,0.5600000000000002,0,0
slice_management,43,benign--slice_management--chain--n15--routine_update--r5,0,0.09916293,0.5600000000000002,0,0
slice_management,43,benign--slice_management--chain--n15--routine_update--r5,0,0.047624215,0.5600000000000002,0,0
slice_management,43,benign--slice_management--chain--n20--containment_drill--r2,0,0.00082767045,0.5600000000000002,0,0
slice_management,43,benign--slice_management--chain--n20--maintenance_notice--r4,0,0.06405666,0.5600000000000002,0,0
slice_management,43,benign--slice_management--chain--n20--maintenance_notice--r4,0,0.26761028,0.5600000000000002,0,0
slice_management,43,benign--slice_management--chain--n20--quoted_attack_review--r5,0,0.0015355912,0.5600000000000002,0,0
slice_management,43,benign--slice_management--chain--n4--containment_drill--r2,0,0.0013928124,0.5600000000000002,0,0
slice_management,43,benign--slice_management--chain--n4--containment_drill--r2,0,0.0019379662,0.5600000000000002,0,0
slice_management,43,benign--slice_management--chain--n4--containment_drill--r2,0,0.0010828803,0.5600000000000002,0,0
slice_management,43,benign--slice_management--chain--n4--containment_drill--r2,0,0.0020498917,0.5600000000000002,0,0
slice_management,43,benign--slice_management--chain--n4--containment_drill--r6,0,0.0010368412,0.5600000000000002,0,0
slice_management,43,benign--slice_management--chain--n4--quoted_attack_review--r1,0,0.07348412,0.5600000000000002,0,0
slice_management,43,benign--slice_management--chain--n4--quoted_attack_review--r1,0,0.000977701,0.5600000000000002,0,0
slice_management,43,benign--slice_management--chain--n4--quoted_attack_review--r5,0,0.07348412,0.5600000000000002,0,0
slice_management,43,benign--slice_management--chain--n4--quoted_attack_review--r5,0,0.0012523028,0.5600000000000002,0,0
slice_management,43,benign--slice_management--chain--n4--routine_update--r3,0,0.026720075,0.5600000000000002,0,0
slice_management,43,benign--slice_management--chain--n8--containment_drill--r4,0,0.00084838906,0.5600000000000002,0,0
slice_management,43,benign--slice_management--chain--n8--maintenance_notice--r2,0,0.0042384467,0.5600000000000002,0,0
slice_management,43,benign--slice_management--chain--n8--routine_update--r1,0,0.004979609,0.5600000000000002,0,0
slice_management,43,benign--slice_management--chain--n8--routine_update--r5,0,0.006199391,0.5600000000000002,0,0
slice_management,43,benign--slice_management--chain--n8--routine_update--r5,0,0.0019284519,0.5600000000000002,0,0
slice_management,43,benign--slice_management--mesh_lite--n10--containment_drill--r4,0,0.0022765638,0.5600000000000002,0,0
slice_management,43,benign--slice_management--mesh_lite--n10--containment_drill--r4,0,0.0021986575,0.5600000000000002,0,0
slice_management,43,benign--slice_management--mesh_lite--n10--containment_drill--r4,0,0.0024250203,0.5600000000000002,0,0
slice_management,43,benign--slice_management--mesh_lite--n10--containment_drill--r4,0,0.0008618322,0.5600000000000002,0,0
slice_management,43,benign--slice_management--mesh_lite--n10--containment_drill--r4,0,0.0007723215,0.5600000000000002,0,0
slice_management,43,benign--slice_management--mesh_lite--n10--containment_drill--r4,0,0.003367771,0.5600000000000002,0,0
slice_management,43,benign--slice_management--mesh_lite--n10--containment_drill--r4,0,0.0027700672,0.5600000000000002,0,0
slice_management,43,benign--slice_management--mesh_lite--n10--containment_drill--r4,0,0.0021761546,0.5600000000000002,0,0
slice_management,43,benign--slice_management--mesh_lite--n10--containment_drill--r4,0,0.0012460325,0.5600000000000002,0,0
slice_management,43,benign--slice_management--mesh_lite--n10--maintenance_notice--r2,0,0.0033792083,0.5600000000000002,0,0
slice_management,43,benign--slice_management--mesh_lite--n10--quoted_attack_review--r3,0,0.042941764,0.5600000000000002,0,0
slice_management,43,benign--slice_management--mesh_lite--n10--quoted_attack_review--r3,0,0.005694964,0.5600000000000002,0,0
slice_management,43,benign--slice_management--mesh_lite--n10--quoted_attack_review--r3,0,0.057095446,0.5600000000000002,0,0
slice_management,43,benign--slice_management--mesh_lite--n10--quoted_attack_review--r3,0,0.009874633,0.5600000000000002,0,0
slice_management,43,benign--slice_management--mesh_lite--n10--quoted_attack_review--r3,0,0.008266847,0.5600000000000002,0,0
slice_management,43,benign--slice_management--mesh_lite--n10--quoted_attack_review--r3,0,0.11806855,0.5600000000000002,0,0
slice_management,43,benign--slice_management--mesh_lite--n10--quoted_attack_review--r3,0,0.11194832,0.5600000000000002,0,0
slice_management,43,benign--slice_management--mesh_lite--n10--quoted_attack_review--r3,0,0.012756112,0.5600000000000002,0,0
slice_management,43,benign--slice_management--mesh_lite--n10--quoted_attack_review--r3,0,0.045868937,0.5600000000000002,0,0
slice_management,43,benign--slice_management--mesh_lite--n10--routine_update--r1,0,0.008909426,0.5600000000000002,0,0
slice_management,43,benign--slice_management--mesh_lite--n15--containment_drill--r2,0,0.0016336894,0.5600000000000002,0,0
slice_management,43,benign--slice_management--mesh_lite--n15--containment_drill--r6,0,0.0021905329,0.5600000000000002,0,0
slice_management,43,benign--slice_management--mesh_lite--n15--quoted_attack_review--r1,0,0.017269203,0.5600000000000002,0,0
slice_management,43,benign--slice_management--mesh_lite--n15--quoted_attack_review--r5,0,0.0016795188,0.5600000000000002,0,0
slice_management,43,benign--slice_management--mesh_lite--n20--containment_drill--r4,0,0.017173031,0.5600000000000002,0,0
slice_management,43,benign--slice_management--mesh_lite--n20--containment_drill--r4,0,0.0011172955,0.5600000000000002,0,0
slice_management,43,benign--slice_management--mesh_lite--n20--containment_drill--r4,0,0.0009593671,0.5600000000000002,0,0
slice_management,43,benign--slice_management--mesh_lite--n20--maintenance_notice--r2,0,0.04685076,0.5600000000000002,0,0
slice_management,43,benign--slice_management--mesh_lite--n20--maintenance_notice--r2,0,0.004785247,0.5600000000000002,0,0
slice_management,43,benign--slice_management--mesh_lite--n20--maintenance_notice--r6,0,0.038635187,0.5600000000000002,0,0
slice_management,43,benign--slice_management--mesh_lite--n20--maintenance_notice--r6,0,0.031374916,0.5600000000000002,0,0
slice_management,43,benign--slice_management--mesh_lite--n20--quoted_attack_review--r3,0,0.091029175,0.5600000000000002,0,0
slice_management,43,benign--slice_management--mesh_lite--n20--quoted_attack_review--r3,0,0.0018302117,0.5600000000000002,0,0
slice_management,43,benign--slice_management--mesh_lite--n20--quoted_attack_review--r3,0,0.004807541,0.5600000000000002,0,0
slice_management,43,benign--slice_management--mesh_lite--n20--routine_update--r1,0,0.008980475,0.5600000000000002,0,0
slice_management,43,benign--slice_management--mesh_lite--n20--routine_update--r1,0,0.15955922,0.5600000000000002,0,0
slice_management,43,benign--slice_management--mesh_lite--n20--routine_update--r1,0,0.16100562,0.5600000000000002,0,0
slice_management,43,benign--slice_management--mesh_lite--n20--routine_update--r1,0,0.086526506,0.5600000000000002,0,0
slice_management,43,benign--slice_management--mesh_lite--n20--routine_update--r1,0,0.007429079,0.5600000000000002,0,0
slice_management,43,benign--slice_management--mesh_lite--n20--routine_update--r1,0,0.0040028077,0.5600000000000002,0,0
slice_management,43,benign--slice_management--mesh_lite--n4--maintenance_notice--r2,0,0.0071152817,0.5600000000000002,0,0
slice_management,43,benign--slice_management--mesh_lite--n4--maintenance_notice--r2,0,0.0056072227,0.5600000000000002,0,0
slice_management,43,benign--slice_management--mesh_lite--n4--maintenance_notice--r2,0,0.0033040976,0.5600000000000002,0,0
slice_management,43,benign--slice_management--mesh_lite--n4--maintenance_notice--r2,0,0.006021952,0.5600000000000002,0,0
slice_management,43,benign--slice_management--mesh_lite--n4--maintenance_notice--r6,0,0.01708817,0.5600000000000002,0,0
slice_management,43,benign--slice_management--mesh_lite--n4--routine_update--r1,0,0.0060490756,0.5600000000000002,0,0
slice_management,43,benign--slice_management--mesh_lite--n4--routine_update--r5,0,0.009307238,0.5600000000000002,0,0
slice_management,43,benign--slice_management--mesh_lite--n8--containment_drill--r2,0,0.0011367595,0.5600000000000002,0,0
slice_management,43,benign--slice_management--mesh_lite--n8--routine_update--r3,0,0.0040198257,0.5600000000000002,0,0
slice_management,43,benign--slice_management--mesh_lite--n8--routine_update--r3,0,0.0028980332,0.5600000000000002,0,0
slice_management,43,benign--slice_management--mesh_lite--n8--routine_update--r3,0,0.005890183,0.5600000000000002,0,0
slice_management,43,benign--slice_management--mesh_lite--n8--routine_update--r3,0,0.0042363903,0.5600000000000002,0,0
slice_management,43,benign--slice_management--mesh_lite--n8--routine_update--r3,0,0.0063340245,0.5600000000000002,0,0
slice_management,43,benign--slice_management--mesh_lite--n8--routine_update--r3,0,0.0010247852,0.5600000000000002,0,0
slice_management,43,benign--slice_management--mesh_lite--n8--routine_update--r3,0,0.007727388,0.5600000000000002,0,0
slice_management,43,benign--slice_management--random_min_degree--n10--containment_drill--r2,0,0.0007371538,0.5600000000000002,0,0
slice_management,43,benign--slice_management--random_min_degree--n10--containment_drill--r6,0,0.001497908,0.5600000000000002,0,0
slice_management,43,benign--slice_management--random_min_degree--n10--quoted_attack_review--r1,0,0.017269203,0.5600000000000002,0,0
slice_management,43,benign--slice_management--random_min_degree--n10--quoted_attack_review--r5,0,0.003041303,0.5600000000000002,0,0
slice_management,43,benign--slice_management--random_min_degree--n10--routine_update--r3,0,0.02185413,0.5600000000000002,0,0
slice_management,43,benign--slice_management--random_min_degree--n15--maintenance_notice--r2,0,0.027304394,0.5600000000000002,0,0
slice_management,43,benign--slice_management--random_min_degree--n15--maintenance_notice--r2,0,0.018584846,0.5600000000000002,0,0
slice_management,43,benign--slice_management--random_min_degree--n15--maintenance_notice--r2,0,0.014725972,0.5600000000000002,0,0
slice_management,43,benign--slice_management--random_min_degree--n15--routine_update--r1,0,0.0035790661,0.5600000000000002,0,0
slice_management,43,benign--slice_management--random_min_degree--n15--routine_update--r5,0,0.021393502,0.5600000000000002,0,0
slice_management,43,benign--slice_management--random_min_degree--n20--containment_drill--r2,0,0.0007210761,0.5600000000000002,0,0
slice_management,43,benign--slice_management--random_min_degree--n20--maintenance_notice--r4,0,0.0055000777,0.5600000000000002,0,0
slice_management,43,benign--slice_management--random_min_degree--n20--maintenance_notice--r4,0,0.011109842,0.5600000000000002,0,0
slice_management,43,benign--slice_management--random_min_degree--n20--maintenance_notice--r4,0,0.008251298,0.5600000000000002,0,0
slice_management,43,benign--slice_management--random_min_degree--n20--quoted_attack_review--r1,0,0.017269203,0.5600000000000002,0,0
slice_management,43,benign--slice_management--random_min_degree--n20--routine_update--r3,0,0.019236207,0.5600000000000002,0,0
slice_management,43,benign--slice_management--random_min_degree--n4--containment_drill--r2,0,0.0013576839,0.5600000000000002,0,0
slice_management,43,benign--slice_management--random_min_degree--n4--quoted_attack_review--r1,0,0.01397037,0.5600000000000002,0,0
slice_management,43,benign--slice_management--random_min_degree--n4--quoted_attack_review--r5,0,0.01397037,0.5600000000000002,0,0
slice_management,43,benign--slice_management--random_min_degree--n8--containment_drill--r4,0,0.002763444,0.5600000000000002,0,0
slice_management,43,benign--slice_management--random_min_degree--n8--containment_drill--r4,0,0.0019831916,0.5600000000000002,0,0
slice_management,43,benign--slice_management--random_min_degree--n8--containment_drill--r4,0,0.001124496,0.5600000000000002,0,0
slice_management,43,benign--slice_management--random_min_degree--n8--maintenance_notice--r2,0,0.0022529338,0.5600000000000002,0,0
slice_management,43,benign--slice_management--random_min_degree--n8--quoted_attack_review--r3,0,0.010483055,0.5600000000000002,0,0
slice_management,43,benign--slice_management--random_min_degree--n8--routine_update--r1,0,0.0038933242,0.5600000000000002,0,0
slice_management,43,benign--slice_management--random_min_degree--n8--routine_update--r5,0,0.014022522,0.5600000000000002,0,0
slice_management,43,benign--slice_management--random_min_degree--n8--routine_update--r5,0,0.007429832,0.5600000000000002,0,0
slice_management,43,benign--slice_management--ring--n10--containment_drill--r2,0,0.0007835583,0.5600000000000002,0,0
slice_management,43,benign--slice_management--ring--n10--containment_drill--r6,0,0.0020773485,0.5600000000000002,0,0
slice_management,43,benign--slice_management--ring--n10--containment_drill--r6,0,0.0021492357,0.5600000000000002,0,0
slice_management,43,benign--slice_management--ring--n10--containment_drill--r6,0,0.0036457183,0.5600000000000002,0,0
slice_management,43,benign--slice_management--ring--n10--quoted_attack_review--r1,0,0.017269203,0.5600000000000002,0,0
slice_management,43,benign--slice_management--ring--n10--quoted_attack_review--r5,0,0.0049574045,0.5600000000000002,0,0
slice_management,43,benign--slice_management--ring--n10--quoted_attack_review--r5,0,0.008669594,0.5600000000000002,0,0
slice_management,43,benign--slice_management--ring--n10--quoted_attack_review--r5,0,0.0050255256,0.5600000000000002,0,0
slice_management,43,benign--slice_management--ring--n10--routine_update--r3,0,0.0035003086,0.5600000000000002,0,0
slice_management,43,benign--slice_management--ring--n15--containment_drill--r4,0,0.00081332715,0.5600000000000002,0,0
slice_management,43,benign--slice_management--ring--n15--routine_update--r1,0,0.0063015004,0.5600000000000002,0,0
slice_management,43,benign--slice_management--ring--n20--containment_drill--r2,0,0.0008437032,0.5600000000000002,0,0
slice_management,43,benign--slice_management--ring--n20--quoted_attack_review--r1,0,0.017269203,0.5600000000000002,0,0
slice_management,43,benign--slice_management--ring--n20--quoted_attack_review--r5,0,0.0012129691,0.5600000000000002,0,0
slice_management,43,benign--slice_management--ring--n20--routine_update--r3,0,0.004057884,0.5600000000000002,0,0
slice_management,43,benign--slice_management--ring--n20--routine_update--r3,0,0.0013747502,0.5600000000000002,0,0
slice_management,43,benign--slice_management--ring--n4--containment_drill--r2,0,0.0008300229,0.5600000000000002,0,0
slice_management,43,benign--slice_management--ring--n4--containment_drill--r6,0,0.0057049226,0.5600000000000002,0,0
slice_management,43,benign--slice_management--ring--n4--quoted_attack_review--r1,0,0.017269203,0.5600000000000002,0,0
slice_management,43,benign--slice_management--ring--n4--quoted_attack_review--r5,0,0.017269203,0.5600000000000002,0,0
slice_management,43,benign--slice_management--ring--n4--routine_update--r3,0,0.0118687125,0.5600000000000002,0,0
slice_management,43,benign--slice_management--ring--n8--containment_drill--r4,0,0.0009698407,0.5600000000000002,0,0
slice_management,43,benign--slice_management--ring--n8--maintenance_notice--r2,0,0.006554781,0.5600000000000002,0,0
slice_management,43,benign--slice_management--ring--n8--maintenance_notice--r6,0,0.029227704,0.5600000000000002,0,0
slice_management,43,benign--slice_management--ring--n8--quoted_attack_review--r3,0,0.007083129,0.5600000000000002,0,0
slice_management,43,benign--slice_management--ring--n8--quoted_attack_review--r3,0,0.27628455,0.5600000000000002,0,0
slice_management,43,benign--slice_management--ring--n8--quoted_attack_review--r3,0,0.027926018,0.5600000000000002,0,0
slice_management,43,benign--slice_management--ring--n8--quoted_attack_review--r3,0,0.27709398,0.5600000000000002,0,0
slice_management,43,benign--slice_management--ring--n8--quoted_attack_review--r3,0,0.081611685,0.5600000000000002,0,0
slice_management,43,benign--slice_management--ring--n8--quoted_attack_review--r3,0,0.124836184,0.5600000000000002,0,0
slice_management,43,benign--slice_management--ring--n8--quoted_attack_review--r3,0,0.0048177615,0.5600000000000002,0,0
slice_management,43,benign--slice_management--ring--n8--routine_update--r1,0,0.001980842,0.5600000000000002,0,0
slice_management,43,benign--slice_management--ring--n8--routine_update--r1,0,0.058004774,0.5600000000000002,0,0
slice_management,43,benign--slice_management--ring--n8--routine_update--r5,0,0.003456738,0.5600000000000002,0,0
slice_management,43,benign--slice_management--star--n10--containment_drill--r4,0,0.0012477825,0.5600000000000002,0,0
slice_management,43,benign--slice_management--star--n10--maintenance_notice--r6,0,0.024627952,0.5600000000000002,0,0
slice_management,43,benign--slice_management--star--n10--maintenance_notice--r6,0,0.04255956,0.5600000000000002,0,0
slice_management,43,benign--slice_management--star--n10--quoted_attack_review--r3,0,0.009154355,0.5600000000000002,0,0
slice_management,43,benign--slice_management--star--n10--quoted_attack_review--r3,0,0.006103281,0.5600000000000002,0,0
slice_management,43,benign--slice_management--star--n10--routine_update--r1,0,0.011917869,0.5600000000000002,0,0
slice_management,43,benign--slice_management--star--n15--containment_drill--r2,0,0.0014820788,0.5600000000000002,0,0
slice_management,43,benign--slice_management--star--n15--maintenance_notice--r4,0,0.027866008,0.5600000000000002,0,0
slice_management,43,benign--slice_management--star--n15--maintenance_notice--r4,0,0.004139506,0.5600000000000002,0,0
slice_management,43,benign--slice_management--star--n20--maintenance_notice--r2,0,0.0047354163,0.5600000000000002,0,0
slice_management,43,benign--slice_management--star--n20--quoted_attack_review--r3,0,0.0077543557,0.5600000000000002,0,0
slice_management,43,benign--slice_management--star--n20--routine_update--r1,0,0.014518384,0.5600000000000002,0,0
slice_management,43,benign--slice_management--star--n20--routine_update--r5,0,0.02661959,0.5600000000000002,0,0
slice_management,43,benign--slice_management--star--n20--routine_update--r5,0,0.00629266,0.5600000000000002,0,0
slice_management,43,benign--slice_management--star--n4--containment_drill--r4,0,0.00206671,0.5600000000000002,0,0
slice_management,43,benign--slice_management--star--n4--containment_drill--r4,0,0.0029157388,0.5600000000000002,0,0
slice_management,43,benign--slice_management--star--n4--maintenance_notice--r2,0,0.003705728,0.5600000000000002,0,0
slice_management,43,benign--slice_management--star--n4--quoted_attack_review--r3,0,0.0072157974,0.5600000000000002,0,0
slice_management,43,benign--slice_management--star--n4--routine_update--r1,0,0.001858274,0.5600000000000002,0,0
slice_management,43,benign--slice_management--star--n4--routine_update--r5,0,0.0061732153,0.5600000000000002,0,0
slice_management,43,benign--slice_management--star--n4--routine_update--r5,0,0.005485345,0.5600000000000002,0,0
slice_management,43,benign--slice_management--star--n8--containment_drill--r6,0,0.0023576433,0.5600000000000002,0,0
slice_management,43,benign--slice_management--star--n8--containment_drill--r6,0,0.0023508195,0.5600000000000002,0,0
slice_management,43,benign--slice_management--star--n8--maintenance_notice--r4,0,0.03210635,0.5600000000000002,0,0
slice_management,43,benign--slice_management--star--n8--maintenance_notice--r4,0,0.021957913,0.5600000000000002,0,0
slice_management,43,benign--slice_management--star--n8--quoted_attack_review--r1,0,0.05693041,0.5600000000000002,0,0
slice_management,43,benign--slice_management--star--n8--quoted_attack_review--r1,0,0.008903869,0.5600000000000002,0,0
slice_management,43,benign--slice_management--star--n8--quoted_attack_review--r5,0,0.023040984,0.5600000000000002,0,0
slice_management,43,benign--slice_management--star--n8--quoted_attack_review--r5,0,0.0022226255,0.5600000000000002,0,0
slice_management,43,mal--slice_management--chain--n10--control_plane_worm--r4,1,0.7649768,0.5600000000000002,1,1
slice_management,43,mal--slice_management--chain--n10--control_plane_worm--r4,1,0.8731662,0.5600000000000002,1,1
slice_management,43,mal--slice_management--chain--n10--control_plane_worm--r4,0,0.021799533,0.5600000000000002,0,0
slice_management,43,mal--slice_management--chain--n10--control_plane_worm--r4,1,0.6167898,0.5600000000000002,1,1
slice_management,43,mal--slice_management--chain--n10--control_plane_worm--r4,0,0.41006625,0.5600000000000002,0,0
slice_management,43,mal--slice_management--chain--n10--guard_suppression--r6,1,0.99255085,0.5600000000000002,1,1
slice_management,43,mal--slice_management--chain--n10--guard_suppression--r6,0,0.52712464,0.5600000000000002,0,1
slice_management,43,mal--slice_management--chain--n10--recovery_poisoning--r1,1,0.108715385,0.5600000000000002,0,0
slice_management,43,mal--slice_management--chain--n10--recovery_poisoning--r1,1,0.66271544,0.5600000000000002,1,1
slice_management,43,mal--slice_management--chain--n10--recovery_poisoning--r1,0,0.5681363,0.5600000000000002,1,1
slice_management,43,mal--slice_management--chain--n10--recovery_poisoning--r1,0,0.016463434,0.5600000000000002,0,0
slice_management,43,mal--slice_management--chain--n10--slice_takeover--r5,1,0.9584368,0.5600000000000002,1,1
slice_management,43,mal--slice_management--chain--n10--slice_takeover--r5,1,0.98746765,0.5600000000000002,1,1
slice_management,43,mal--slice_management--chain--n15--exfiltration_propagation--r6,1,0.8464188,0.5600000000000002,1,1
slice_management,43,mal--slice_management--chain--n15--exfiltration_propagation--r6,1,0.9478919,0.5600000000000002,1,1
slice_management,43,mal--slice_management--chain--n15--exfiltration_propagation--r6,1,0.22375192,0.5600000000000002,0,0
slice_management,43,mal--slice_management--chain--n15--guard_suppression--r5,1,0.87523794,0.5600000000000002,1,1
slice_management,43,mal--slice_management--chain--n15--guard_suppression--r5,0,0.0074548167,0.5600000000000002,0,0
slice_management,43,mal--slice_management--chain--n15--guard_suppression--r5,0,0.010062533,0.5600000000000002,0,0
slice_management,43,mal--slice_management--chain--n15--guard_suppression--r5,1,0.9721497,0.5600000000000002,1,1
slice_management,43,mal--slice_management--chain--n15--guard_suppression--r5,1,0.85989153,0.5600000000000002,1,1
slice_management,43,mal--slice_management--chain--n15--guard_suppression--r5,1,0.61876875,0.5600000000000002,1,1
slice_management,43,mal--slice_management--chain--n15--slice_takeover--r4,1,0.9694073,0.5600000000000002,1,1
slice_management,43,mal--slice_management--chain--n15--slice_takeover--r4,0,0.011140909,0.5600000000000002,0,0
slice_management,43,mal--slice_management--chain--n15--slice_takeover--r4,0,0.105404355,0.5600000000000002,0,0
slice_management,43,mal--slice_management--chain--n15--slice_takeover--r4,0,0.007918638,0.5600000000000002,0,0
slice_management,43,mal--slice_management--chain--n15--slice_takeover--r4,0,0.0063831047,0.5600000000000002,0,0
slice_management,43,mal--slice_management--chain--n20--control_plane_worm--r2,1,0.99067897,0.5600000000000002,1,1
slice_management,43,mal--slice_management--chain--n20--control_plane_worm--r2,1,0.9215495,0.5600000000000002,1,1
slice_management,43,mal--slice_management--chain--n20--control_plane_worm--r2,1,0.5885102,0.5600000000000002,1,1
slice_management,43,mal--slice_management--chain--n20--control_plane_worm--r2,1,0.9837721,0.5600000000000002,1,1
slice_management,43,mal--slice_management--chain--n20--recovery_poisoning--r2,1,0.6697705,0.5600000000000002,1,1
slice_management,43,mal--slice_management--chain--n20--recovery_poisoning--r2,0,0.074302986,0.5600000000000002,0,0
slice_management,43,mal--slice_management--chain--n20--recovery_poisoning--r6,1,0.7381768,0.5600000000000002,1,1
slice_management,43,mal--slice_management--chain--n20--recovery_poisoning--r6,1,0.6694446,0.5600000000000002,1,1
slice_management,43,mal--slice_management--chain--n20--recovery_poisoning--r6,1,0.70348275,0.5600000000000002,1,1
slice_management,43,mal--slice_management--chain--n4--exfiltration_propagation--r4,1,0.91986763,0.5600000000000002,1,1
slice_management,43,mal--slice_management--chain--n4--exfiltration_propagation--r4,1,0.7908433,0.5600000000000002,1,1
slice_management,43,mal--slice_management--chain--n4--exfiltration_propagation--r4,0,0.1313183,0.5600000000000002,0,0
slice_management,43,mal--slice_management--chain--n4--exfiltration_propagation--r4,0,0.31302762,0.5600000000000002,0,0
slice_management,43,mal--slice_management--chain--n4--guard_suppression--r3,1,0.8074639,0.5600000000000002,1,1
slice_management,43,mal--slice_management--chain--n4--guard_suppression--r3,0,0.88193077,0.5600000000000002,1,1
slice_management,43,mal--slice_management--chain--n8--control_plane_worm--r5,1,0.99480045,0.5600000000000002,1,1
slice_management,43,mal--slice_management--chain--n8--control_plane_worm--r5,1,0.9755668,0.5600000000000002,1,1
slice_management,43,mal--slice_management--chain--n8--control_plane_worm--r5,0,0.008472675,0.5600000000000002,0,0
slice_management,43,mal--slice_management--chain--n8--exfiltration_propagation--r2,1,0.90847623,0.5600000000000002,1,1
slice_management,43,mal--slice_management--chain--n8--exfiltration_propagation--r2,0,0.7651512,0.5600000000000002,1,1
slice_management,43,mal--slice_management--chain--n8--exfiltration_propagation--r3,1,0.84983826,0.5600000000000002,1,1
slice_management,43,mal--slice_management--chain--n8--exfiltration_propagation--r3,0,0.008184921,0.5600000000000002,0,0
slice_management,43,mal--slice_management--chain--n8--guard_suppression--r2,1,0.9298682,0.5600000000000002,1,1
slice_management,43,mal--slice_management--chain--n8--guard_suppression--r2,1,0.8858321,0.5600000000000002,1,1
slice_management,43,mal--slice_management--chain--n8--guard_suppression--r2,0,0.0039441646,0.5600000000000002,0,0
slice_management,43,mal--slice_management--chain--n8--recovery_poisoning--r4,1,0.9850958,0.5600000000000002,1,1
slice_management,43,mal--slice_management--chain--n8--recovery_poisoning--r4,1,0.99164927,0.5600000000000002,1,1
slice_management,43,mal--slice_management--chain--n8--recovery_poisoning--r4,1,0.9303438,0.5600000000000002,1,1
slice_management,43,mal--slice_management--mesh_lite--n10--exfiltration_propagation--r2,1,0.82385755,0.5600000000000002,1,1
slice_management,43,mal--slice_management--mesh_lite--n10--exfiltration_propagation--r2,1,0.9108552,0.5600000000000002,1,1
slice_management,43,mal--slice_management--mesh_lite--n10--guard_suppression--r6,1,0.97709423,0.5600000000000002,1,1
slice_management,43,mal--slice_management--mesh_lite--n10--guard_suppression--r6,0,0.53902197,0.5600000000000002,0,1
slice_management,43,mal--slice_management--mesh_lite--n10--guard_suppression--r6,1,0.9593434,0.5600000000000002,1,1
slice_management,43,mal--slice_management--mesh_lite--n10--guard_suppression--r6,0,0.3417723,0.5600000000000002,0,0
slice_management,43,mal--slice_management--mesh_lite--n10--guard_suppression--r6,0,0.8840621,0.5600000000000002,1,1
slice_management,43,mal--slice_management--mesh_lite--n10--guard_suppression--r6,0,0.034001272,0.5600000000000002,0,0
slice_management,43,mal--slice_management--mesh_lite--n10--guard_suppression--r6,1,0.9500191,0.5600000000000002,1,1
slice_management,43,mal--slice_management--mesh_lite--n10--guard_suppression--r6,1,0.97994024,0.5600000000000002,1,1
slice_management,43,mal--slice_management--mesh_lite--n10--guard_suppression--r6,0,0.27440548,0.5600000000000002,0,0
slice_management,43,mal--slice_management--mesh_lite--n10--guard_suppression--r6,1,0.60006994,0.5600000000000002,1,1
slice_management,43,mal--slice_management--mesh_lite--n10--recovery_poisoning--r3,1,0.912898,0.5600000000000002,1,1
slice_management,43,mal--slice_management--mesh_lite--n10--recovery_poisoning--r3,0,0.41788557,0.5600000000000002,0,0
slice_management,43,mal--slice_management--mesh_lite--n10--recovery_poisoning--r3,0,0.0076253833,0.5600000000000002,0,0
slice_management,43,mal--slice_management--mesh_lite--n15--guard_suppression--r2,1,0.9222945,0.5600000000000002,1,1
slice_management,43,mal--slice_management--mesh_lite--n15--guard_suppression--r2,0,0.01160535,0.5600000000000002,0,0
slice_management,43,mal--slice_management--mesh_lite--n15--guard_suppression--r2,0,0.49641958,0.5600000000000002,0,0
slice_management,43,mal--slice_management--mesh_lite--n15--recovery_poisoning--r2,1,0.9828615,0.5600000000000002,1,1
slice_management,43,mal--slice_management--mesh_lite--n15--recovery_poisoning--r2,1,0.9006939,0.5600000000000002,1,1
slice_management,43,mal--slice_management--mesh_lite--n15--recovery_poisoning--r2,0,0.17290413,0.5600000000000002,0,0
slice_management,43,mal--slice_management--mesh_lite--n15--recovery_poisoning--r2,1,0.9397882,0.5600000000000002,1,1
slice_management,43,mal--slice_management--mesh_lite--n15--recovery_poisoning--r2,0,0.3021996,0.5600000000000002,0,0
slice_management,43,mal--slice_management--mesh_lite--n15--recovery_poisoning--r2,1,0.70308936,0.5600000000000002,1,1
slice_management,43,mal--slice_management--mesh_lite--n15--slice_takeover--r4,1,0.98575854,0.5600000000000002,1,1
slice_management,43,mal--slice_management--mesh_lite--n15--slice_takeover--r4,0,0.016772904,0.5600000000000002,0,0
slice_management,43,mal--slice_management--mesh_lite--n15--slice_takeover--r4,0,0.37614033,0.5600000000000002,0,0
slice_management,43,mal--slice_management--mesh_lite--n15--slice_takeover--r4,1,0.9871537,0.5600000000000002,1,1
slice_management,43,mal--slice_management--mesh_lite--n15--slice_takeover--r4,0,0.018923502,0.5600000000000002,0,0
slice_management,43,mal--slice_management--mesh_lite--n15--slice_takeover--r4,1,0.9580629,0.5600000000000002,1,1
slice_management,43,mal--slice_management--mesh_lite--n20--control_plane_worm--r2,1,0.9953057,0.5600000000000002,1,1
slice_management,43,mal--slice_management--mesh_lite--n20--control_plane_worm--r2,0,0.11726399,0.5600000000000002,0,0
slice_management,43,mal--slice_management--mesh_lite--n20--control_plane_worm--r2,1,0.9955841,0.5600000000000002,1,1
slice_management,43,mal--slice_management--mesh_lite--n20--control_plane_worm--r2,1,0.90791905,0.5600000000000002,1,1
slice_management,43,mal--slice_management--mesh_lite--n20--control_plane_worm--r2,1,0.89705837,0.5600000000000002,1,1
slice_management,43,mal--slice_management--mesh_lite--n20--control_plane_worm--r2,1,0.14322948,0.5600000000000002,0,0
slice_management,43,mal--slice_management--mesh_lite--n20--control_plane_worm--r2,1,0.97514606,0.5600000000000002,1,1
slice_management,43,mal--slice_management--mesh_lite--n20--recovery_poisoning--r2,0,0.04922344,0.5600000000000002,0,0
slice_management,43,mal--slice_management--mesh_lite--n20--recovery_poisoning--r2,0,0.22393449,0.5600000000000002,0,0
slice_management,43,mal--slice_management--mesh_lite--n20--recovery_poisoning--r2,0,0.014154935,0.5600000000000002,0,0
slice_management,43,mal--slice_management--mesh_lite--n20--recovery_poisoning--r2,0,0.24869666,0.5600000000000002,0,0
slice_management,43,mal--slice_management--mesh_lite--n20--recovery_poisoning--r2,0,0.26672813,0.5600000000000002,0,0
slice_management,43,mal--slice_management--mesh_lite--n20--recovery_poisoning--r2,0,0.5772916,0.5600000000000002,1,1
slice_management,43,mal--slice_management--mesh_lite--n20--recovery_poisoning--r2,0,0.122097924,0.5600000000000002,0,0
slice_management,43,mal--slice_management--mesh_lite--n20--recovery_poisoning--r2,0,0.29455367,0.5600000000000002,0,0
slice_management,43,mal--slice_management--mesh_lite--n20--recovery_poisoning--r6,0,0.09004443,0.5600000000000002,0,0
slice_management,43,mal--slice_management--mesh_lite--n20--recovery_poisoning--r6,1,0.7569634,0.5600000000000002,1,1
slice_management,43,mal--slice_management--mesh_lite--n20--recovery_poisoning--r6,0,0.16477384,0.5600000000000002,0,0
slice_management,43,mal--slice_management--mesh_lite--n20--recovery_poisoning--r6,0,0.01621888,0.5600000000000002,0,0
slice_management,43,mal--slice_management--mesh_lite--n20--recovery_poisoning--r6,0,0.104015335,0.5600000000000002,0,0
slice_management,43,mal--slice_management--mesh_lite--n20--recovery_poisoning--r6,0,0.1210561,0.5600000000000002,0,0
slice_management,43,mal--slice_management--mesh_lite--n20--slice_takeover--r3,1,0.9766201,0.5600000000000002,1,1
slice_management,43,mal--slice_management--mesh_lite--n20--slice_takeover--r3,1,0.9815788,0.5600000000000002,1,1
slice_management,43,mal--slice_management--mesh_lite--n20--slice_takeover--r3,1,0.94673735,0.5600000000000002,1,1
slice_management,43,mal--slice_management--mesh_lite--n20--slice_takeover--r3,1,0.2097461,0.5600000000000002,0,0
slice_management,43,mal--slice_management--mesh_lite--n20--slice_takeover--r3,0,0.052002013,0.5600000000000002,0,0
slice_management,43,mal--slice_management--mesh_lite--n4--control_plane_worm--r6,0,0.36029688,0.5600000000000002,0,0
slice_management,43,mal--slice_management--mesh_lite--n4--control_plane_worm--r6,0,0.021366065,0.5600000000000002,0,0
slice_management,43,mal--slice_management--mesh_lite--n4--exfiltration_propagation--r4,1,0.11089579,0.5600000000000002,0,0
slice_management,43,mal--slice_management--mesh_lite--n4--exfiltration_propagation--r4,0,0.01458266,0.5600000000000002,0,0
slice_management,43,mal--slice_management--mesh_lite--n4--exfiltration_propagation--r4,1,0.20789269,0.5600000000000002,0,0
slice_management,43,mal--slice_management--mesh_lite--n4--exfiltration_propagation--r4,0,0.018906606,0.5600000000000002,0,0
slice_management,43,mal--slice_management--mesh_lite--n4--exfiltration_propagation--r4,1,0.22356068,0.5600000000000002,0,0
slice_management,43,mal--slice_management--mesh_lite--n4--exfiltration_propagation--r4,1,0.028702028,0.5600000000000002,0,0
slice_management,43,mal--slice_management--mesh_lite--n4--exfiltration_propagation--r4,1,0.20465274,0.5600000000000002,0,0
slice_management,43,mal--slice_management--mesh_lite--n8--control_plane_worm--r5,0,0.8485353,0.5600000000000002,1,1
slice_management,43,mal--slice_management--mesh_lite--n8--control_plane_worm--r5,0,0.03542275,0.5600000000000002,0,0
slice_management,43,mal--slice_management--mesh_lite--n8--control_plane_worm--r5,1,0.9582871,0.5600000000000002,1,1
slice_management,43,mal--slice_management--mesh_lite--n8--control_plane_worm--r5,1,0.94710237,0.5600000000000002,1,1
slice_management,43,mal--slice_management--mesh_lite--n8--control_plane_worm--r5,0,0.24147618,0.5600000000000002,0,0
slice_management,43,mal--slice_management--mesh_lite--n8--control_plane_worm--r5,1,0.9200236,0.5600000000000002,1,1
slice_management,43,mal--slice_management--mesh_lite--n8--control_plane_worm--r5,1,0.9679846,0.5600000000000002,1,1
slice_management,43,mal--slice_management--mesh_lite--n8--control_plane_worm--r5,1,0.25632954,0.5600000000000002,0,0
slice_management,43,mal--slice_management--mesh_lite--n8--exfiltration_propagation--r3,1,0.77608407,0.5600000000000002,1,1
slice_management,43,mal--slice_management--mesh_lite--n8--exfiltration_propagation--r3,0,0.3489041,0.5600000000000002,0,0
slice_management,43,mal--slice_management--mesh_lite--n8--exfiltration_propagation--r3,0,0.0065890476,0.5600000000000002,0,0
slice_management,43,mal--slice_management--mesh_lite--n8--guard_suppression--r2,1,0.99048764,0.5600000000000002,1,1
slice_management,43,mal--slice_management--mesh_lite--n8--guard_suppression--r2,1,0.7963924,0.5600000000000002,1,1
slice_management,43,mal--slice_management--mesh_lite--n8--guard_suppression--r2,0,0.10045898,0.5600000000000002,0,0
slice_management,43,mal--slice_management--mesh_lite--n8--guard_suppression--r2,1,0.9904924,0.5600000000000002,1,1
slice_management,43,mal--slice_management--mesh_lite--n8--guard_suppression--r2,0,0.02423052,0.5600000000000002,0,0
slice_management,43,mal--slice_management--mesh_lite--n8--guard_suppression--r2,1,0.99218,0.5600000000000002,1,1
slice_management,43,mal--slice_management--mesh_lite--n8--guard_suppression--r2,0,0.893393,0.5600000000000002,1,1
slice_management,43,mal--slice_management--mesh_lite--n8--guard_suppression--r2,1,0.99248624,0.5600000000000002,1,1
slice_management,43,mal--slice_management--mesh_lite--n8--guard_suppression--r2,1,0.41812226,0.5600000000000002,0,0
slice_management,43,mal--slice_management--mesh_lite--n8--slice_takeover--r1,1,0.75639004,0.5600000000000002,1,1
slice_management,43,mal--slice_management--mesh_lite--n8--slice_takeover--r1,1,0.04491507,0.5600000000000002,0,0
slice_management,43,mal--slice_management--mesh_lite--n8--slice_takeover--r1,1,0.2509524,0.5600000000000002,0,0
slice_management,43,mal--slice_management--mesh_lite--n8--slice_takeover--r1,1,0.27775934,0.5600000000000002,0,0
slice_management,43,mal--slice_management--mesh_lite--n8--slice_takeover--r1,1,0.004561844,0.5600000000000002,0,0
slice_management,43,mal--slice_management--mesh_lite--n8--slice_takeover--r1,1,0.061883833,0.5600000000000002,0,0
slice_management,43,mal--slice_management--mesh_lite--n8--slice_takeover--r1,1,0.0045463257,0.5600000000000002,0,0
slice_management,43,mal--slice_management--mesh_lite--n8--slice_takeover--r1,1,0.016093178,0.5600000000000002,0,0
slice_management,43,mal--slice_management--random_min_degree--n10--control_plane_worm--r4,1,0.4994652,0.5600000000000002,0,0
slice_management,43,mal--slice_management--random_min_degree--n10--control_plane_worm--r4,1,0.83404785,0.5600000000000002,1,1
slice_management,43,mal--slice_management--random_min_degree--n10--control_plane_worm--r4,0,0.6590516,0.5600000000000002,1,1
slice_management,43,mal--slice_management--random_min_degree--n10--guard_suppression--r6,1,0.915718,0.5600000000000002,1,1
slice_management,43,mal--slice_management--random_min_degree--n10--guard_suppression--r6,0,0.3478615,0.5600000000000002,0,0
slice_management,43,mal--slice_management--random_min_degree--n10--guard_suppression--r6,0,0.0069843223,0.5600000000000002,0,0
slice_management,43,mal--slice_management--random_min_degree--n10--guard_suppression--r6,0,0.0053621973,0.5600000000000002,0,0
slice_management,43,mal--slice_management--random_min_degree--n10--recovery_poisoning--r3,1,0.49661747,0.5600000000000002,0,0
slice_management,43,mal--slice_management--random_min_degree--n10--recovery_poisoning--r3,0,0.0416951,0.5600000000000002,0,0
slice_management,43,mal--slice_management--random_min_degree--n10--recovery_poisoning--r3,0,0.06462475,0.5600000000000002,0,0
slice_management,43,mal--slice_management--random_min_degree--n10--recovery_poisoning--r3,0,0.039624754,0.5600000000000002,0,0
slice_management,43,mal--slice_management--random_min_degree--n10--recovery_poisoning--r3,0,0.010552744,0.5600000000000002,0,0
slice_management,43,mal--slice_management--random_min_degree--n15--guard_suppression--r2,1,0.8833863,0.5600000000000002,1,1
slice_management,43,mal--slice_management--random_min_degree--n15--guard_suppression--r2,1,0.5457434,0.5600000000000002,0,1
slice_management,43,mal--slice_management--random_min_degree--n15--guard_suppression--r2,0,0.1655001,0.5600000000000002,0,0
slice_management,43,mal--slice_management--random_min_degree--n15--guard_suppression--r2,1,0.9897685,0.5600000000000002,1,1
slice_management,43,mal--slice_management--random_min_degree--n15--guard_suppression--r2,0,0.9822235,0.5600000000000002,1,1
slice_management,43,mal--slice_management--random_min_degree--n15--guard_suppression--r5,1,0.87523794,0.5600000000000002,1,1
slice_management,43,mal--slice_management--random_min_degree--n15--guard_suppression--r5,1,0.86168283,0.5600000000000002,1,1
slice_management,43,mal--slice_management--random_min_degree--n15--guard_suppression--r5,0,0.11968704,0.5600000000000002,0,0
slice_management,43,mal--slice_management--random_min_degree--n15--recovery_poisoning--r2,1,0.99507684,0.5600000000000002,1,1
slice_management,43,mal--slice_management--random_min_degree--n15--recovery_poisoning--r2,0,0.9791101,0.5600000000000002,1,1
slice_management,43,mal--slice_management--random_min_degree--n15--recovery_poisoning--r2,0,0.010827934,0.5600000000000002,0,0
slice_management,43,mal--slice_management--random_min_degree--n15--recovery_poisoning--r2,0,0.014295775,0.5600000000000002,0,0
slice_management,43,mal--slice_management--random_min_degree--n15--recovery_poisoning--r2,0,0.0032437367,0.5600000000000002,0,0
slice_management,43,mal--slice_management--random_min_degree--n15--recovery_poisoning--r2,0,0.33444852,0.5600000000000002,0,0
slice_management,43,mal--slice_management--random_min_degree--n20--control_plane_worm--r2,0,0.6118653,0.5600000000000002,1,1
slice_management,43,mal--slice_management--random_min_degree--n20--control_plane_worm--r2,0,0.020189328,0.5600000000000002,0,0
slice_management,43,mal--slice_management--random_min_degree--n20--recovery_poisoning--r2,1,0.980053,0.5600000000000002,1,1
slice_management,43,mal--slice_management--random_min_degree--n20--recovery_poisoning--r2,1,0.98492485,0.5600000000000002,1,1
slice_management,43,mal--slice_management--random_min_degree--n20--recovery_poisoning--r2,0,0.0052562426,0.5600000000000002,0,0
slice_management,43,mal--slice_management--random_min_degree--n20--recovery_poisoning--r2,1,0.89070857,0.5600000000000002,1,1
slice_management,43,mal--slice_management--random_min_degree--n20--recovery_poisoning--r2,1,0.91775316,0.5600000000000002,1,1
slice_management,43,mal--slice_management--random_min_degree--n20--recovery_poisoning--r2,1,0.7794533,0.5600000000000002,1,1
slice_management,43,mal--slice_management--random_min_degree--n20--recovery_poisoning--r2,0,0.021067256,0.5600000000000002,0,0
slice_management,43,mal--slice_management--random_min_degree--n20--recovery_poisoning--r6,1,0.95798224,0.5600000000000002,1,1
slice_management,43,mal--slice_management--random_min_degree--n20--recovery_poisoning--r6,1,0.9643659,0.5600000000000002,1,1
slice_management,43,mal--slice_management--random_min_degree--n20--recovery_poisoning--r6,0,0.19821875,0.5600000000000002,0,0
slice_management,43,mal--slice_management--random_min_degree--n4--control_plane_worm--r6,0,0.88164157,0.5600000000000002,1,1
slice_management,43,mal--slice_management--random_min_degree--n4--slice_takeover--r2,1,0.93728554,0.5600000000000002,1,1
slice_management,43,mal--slice_management--random_min_degree--n4--slice_takeover--r2,0,0.014496915,0.5600000000000002,0,0
slice_management,43,mal--slice_management--random_min_degree--n4--slice_takeover--r2,1,0.92257386,0.5600000000000002,1,1
slice_management,43,mal--slice_management--random_min_degree--n4--slice_takeover--r2,0,0.12337876,0.5600000000000002,0,0
slice_management,43,mal--slice_management--random_min_degree--n4--slice_takeover--r2,1,0.7937852,0.5600000000000002,1,1
slice_management,43,mal--slice_management--random_min_degree--n8--control_plane_worm--r5,1,0.99288154,0.5600000000000002,1,1
slice_management,43,mal--slice_management--random_min_degree--n8--control_plane_worm--r5,0,0.33838654,0.5600000000000002,0,0
slice_management,43,mal--slice_management--random_min_degree--n8--control_plane_worm--r5,1,0.62669176,0.5600000000000002,1,1
slice_management,43,mal--slice_management--random_min_degree--n8--control_plane_worm--r5,0,0.019524263,0.5600000000000002,0,0
slice_management,43,mal--slice_management--random_min_degree--n8--exfiltration_propagation--r2,1,0.89529604,0.5600000000000002,1,1
slice_management,43,mal--slice_management--random_min_degree--n8--exfiltration_propagation--r2,1,0.43056834,0.5600000000000002,0,0
slice_management,43,mal--slice_management--random_min_degree--n8--exfiltration_propagation--r2,0,0.022669047,0.5600000000000002,0,0
slice_management,43,mal--slice_management--random_min_degree--n8--exfiltration_propagation--r2,1,0.5770311,0.5600000000000002,1,1
slice_management,43,mal--slice_management--random_min_degree--n8--exfiltration_propagation--r2,0,0.024047995,0.5600000000000002,0,0
slice_management,43,mal--slice_management--ring--n10--recovery_poisoning--r1,0,0.35427055,0.5600000000000002,0,0
slice_management,43,mal--slice_management--ring--n10--recovery_poisoning--r1,0,0.40232283,0.5600000000000002,0,0
slice_management,43,mal--slice_management--ring--n10--recovery_poisoning--r1,0,0.10015572,0.5600000000000002,0,0
slice_management,43,mal--slice_management--ring--n10--recovery_poisoning--r3,1,0.6460394,0.5600000000000002,1,1
slice_management,43,mal--slice_management--ring--n10--recovery_poisoning--r3,1,0.771709,0.5600000000000002,1,1
slice_management,43,mal--slice_management--ring--n10--recovery_poisoning--r3,0,0.06009901,0.5600000000000002,0,0
slice_management,43,mal--slice_management--ring--n15--guard_suppression--r2,1,0.9131696,0.5600000000000002,1,1
slice_management,43,mal--slice_management--ring--n15--guard_suppression--r2,1,0.8588634,0.5600000000000002,1,1
slice_management,43,mal--slice_management--ring--n15--guard_suppression--r2,0,0.11314192,0.5600000000000002,0,0
slice_management,43,mal--slice_management--ring--n15--guard_suppression--r2,0,0.02006454,0.5600000000000002,0,0
slice_management,43,mal--slice_management--ring--n15--guard_suppression--r2,0,0.0040042587,0.5600000000000002,0,0
slice_management,43,mal--slice_management--ring--n15--recovery_poisoning--r2,1,0.9662475,0.5600000000000002,1,1
slice_management,43,mal--slice_management--ring--n15--recovery_poisoning--r2,0,0.0037563792,0.5600000000000002,0,0
slice_management,43,mal--slice_management--ring--n15--recovery_poisoning--r2,0,0.003603627,0.5600000000000002,0,0
slice_management,43,mal--slice_management--ring--n15--recovery_poisoning--r2,0,0.0026326918,0.5600000000000002,0,0
slice_management,43,mal--slice_management--ring--n15--slice_takeover--r4,1,0.9424414,0.5600000000000002,1,1
slice_management,43,mal--slice_management--ring--n15--slice_takeover--r4,1,0.95374525,0.5600000000000002,1,1
slice_management,43,mal--slice_management--ring--n15--slice_takeover--r4,1,0.96823823,0.5600000000000002,1,1
slice_management,43,mal--slice_management--ring--n15--slice_takeover--r4,0,0.25550213,0.5600000000000002,0,0
slice_management,43,mal--slice_management--ring--n15--slice_takeover--r4,0,0.0099283345,0.5600000000000002,0,0
slice_management,43,mal--slice_management--ring--n20--control_plane_worm--r2,0,0.92354345,0.5600000000000002,1,1
slice_management,43,mal--slice_management--ring--n20--control_plane_worm--r2,0,0.0120479725,0.5600000000000002,0,0
slice_management,43,mal--slice_management--ring--n20--recovery_poisoning--r6,0,0.06839875,0.5600000000000002,0,0
slice_management,43,mal--slice_management--ring--n20--slice_takeover--r3,1,0.79268074,0.5600000000000002,1,1
slice_management,43,mal--slice_management--ring--n20--slice_takeover--r3,1,0.97628516,0.5600000000000002,1,1
slice_management,43,mal--slice_management--ring--n20--slice_takeover--r3,1,0.9657345,0.5600000000000002,1,1
slice_management,43,mal--slice_management--ring--n20--slice_takeover--r3,1,0.97833407,0.5600000000000002,1,1
slice_management,43,mal--slice_management--ring--n20--slice_takeover--r3,0,0.103565514,0.5600000000000002,0,0
slice_management,43,mal--slice_management--ring--n4--slice_takeover--r2,1,0.3329118,0.5600000000000002,0,0
slice_management,43,mal--slice_management--ring--n4--slice_takeover--r2,0,0.03541747,0.5600000000000002,0,0
slice_management,43,mal--slice_management--ring--n4--slice_takeover--r2,1,0.22515592,0.5600000000000002,0,0
slice_management,43,mal--slice_management--ring--n4--slice_takeover--r2,0,0.02161875,0.5600000000000002,0,0
slice_management,43,mal--slice_management--ring--n8--control_plane_worm--r5,0,0.7958552,0.5600000000000002,1,1
slice_management,43,mal--slice_management--ring--n8--control_plane_worm--r5,1,0.9257421,0.5600000000000002,1,1
slice_management,43,mal--slice_management--ring--n8--control_plane_worm--r5,0,0.06265411,0.5600000000000002,0,0
slice_management,43,mal--slice_management--ring--n8--guard_suppression--r2,1,0.9298682,0.5600000000000002,1,1
slice_management,43,mal--slice_management--ring--n8--guard_suppression--r2,1,0.047223747,0.5600000000000002,0,0
slice_management,43,mal--slice_management--ring--n8--guard_suppression--r2,0,0.0035572504,0.5600000000000002,0,0
slice_management,43,mal--slice_management--ring--n8--guard_suppression--r2,0,0.006062514,0.5600000000000002,0,0
slice_management,43,mal--slice_management--ring--n8--guard_suppression--r2,0,0.009289172,0.5600000000000002,0,0
slice_management,43,mal--slice_management--ring--n8--slice_takeover--r1,1,0.8728501,0.5600000000000002,1,1
slice_management,43,mal--slice_management--ring--n8--slice_takeover--r1,1,0.71752834,0.5600000000000002,1,1
slice_management,43,mal--slice_management--ring--n8--slice_takeover--r1,1,0.6892165,0.5600000000000002,1,1
slice_management,43,mal--slice_management--ring--n8--slice_takeover--r1,1,0.95215076,0.5600000000000002,1,1
slice_management,43,mal--slice_management--ring--n8--slice_takeover--r1,0,0.33371934,0.5600000000000002,0,0
slice_management,43,mal--slice_management--ring--n8--slice_takeover--r1,1,0.7932933,0.5600000000000002,1,1
slice_management,43,mal--slice_management--ring--n8--slice_takeover--r6,1,0.97637284,0.5600000000000002,1,1
slice_management,43,mal--slice_management--ring--n8--slice_takeover--r6,0,0.09123591,0.5600000000000002,0,0
slice_management,43,mal--slice_management--ring--n8--slice_takeover--r6,1,0.98784155,0.5600000000000002,1,1
slice_management,43,mal--slice_management--ring--n8--slice_takeover--r6,0,0.030976806,0.5600000000000002,0,0
slice_management,43,mal--slice_management--ring--n8--slice_takeover--r6,0,0.001658062,0.5600000000000002,0,0
slice_management,43,mal--slice_management--star--n10--control_plane_worm--r4,1,0.96303856,0.5600000000000002,1,1
slice_management,43,mal--slice_management--star--n10--control_plane_worm--r4,0,0.24306585,0.5600000000000002,0,0
slice_management,43,mal--slice_management--star--n10--recovery_poisoning--r1,1,0.429749,0.5600000000000002,0,0
slice_management,43,mal--slice_management--star--n10--recovery_poisoning--r1,0,0.03789926,0.5600000000000002,0,0
slice_management,43,mal--slice_management--star--n10--recovery_poisoning--r3,1,0.8937312,0.5600000000000002,1,1
slice_management,43,mal--slice_management--star--n10--recovery_poisoning--r3,0,0.034322992,0.5600000000000002,0,0
slice_management,43,mal--slice_management--star--n15--guard_suppression--r2,1,0.7068706,0.5600000000000002,1,1
slice_management,43,mal--slice_management--star--n15--guard_suppression--r2,0,0.3647681,0.5600000000000002,0,0
slice_management,43,mal--slice_management--star--n15--recovery_poisoning--r2,1,0.5475009,0.5600000000000002,0,1
slice_management,43,mal--slice_management--star--n15--recovery_poisoning--r2,0,0.020558255,0.5600000000000002,0,0
slice_management,43,mal--slice_management--star--n15--slice_takeover--r1,1,0.48895302,0.5600000000000002,0,0
slice_management,43,mal--slice_management--star--n15--slice_takeover--r1,0,0.022676712,0.5600000000000002,0,0
slice_management,43,mal--slice_management--star--n15--slice_takeover--r4,1,0.5420272,0.5600000000000002,0,1
slice_management,43,mal--slice_management--star--n15--slice_takeover--r4,0,0.15014255,0.5600000000000002,0,0
slice_management,43,mal--slice_management--star--n20--exfiltration_propagation--r1,1,0.75022286,0.5600000000000002,1,1
slice_management,43,mal--slice_management--star--n20--exfiltration_propagation--r1,0,0.01971651,0.5600000000000002,0,0
slice_management,43,mal--slice_management--star--n20--exfiltration_propagation--r5,1,0.8769932,0.5600000000000002,1,1
slice_management,43,mal--slice_management--star--n20--exfiltration_propagation--r5,0,0.07084265,0.5600000000000002,0,0
slice_management,43,mal--slice_management--star--n20--recovery_poisoning--r2,1,0.9596944,0.5600000000000002,1,1
slice_management,43,mal--slice_management--star--n20--recovery_poisoning--r2,0,0.15557528,0.5600000000000002,0,0
slice_management,43,mal--slice_management--star--n4--control_plane_worm--r1,0,0.85115576,0.5600000000000002,1,1
slice_management,43,mal--slice_management--star--n4--control_plane_worm--r1,0,0.10220768,0.5600000000000002,0,0
slice_management,43,mal--slice_management--star--n4--control_plane_worm--r6,0,0.94006413,0.5600000000000002,1,1
slice_management,43,mal--slice_management--star--n4--exfiltration_propagation--r4,1,0.8695936,0.5600000000000002,1,1
slice_management,43,mal--slice_management--star--n4--exfiltration_propagation--r4,0,0.006171928,0.5600000000000002,0,0
slice_management,43,mal--slice_management--star--n8--exfiltration_propagation--r2,1,0.9638307,0.5600000000000002,1,1
slice_management,43,mal--slice_management--star--n8--exfiltration_propagation--r2,0,0.47388777,0.5600000000000002,0,0
slice_management,43,mal--slice_management--star--n8--guard_suppression--r2,1,0.85260904,0.5600000000000002,1,1
slice_management,43,mal--slice_management--star--n8--guard_suppression--r2,0,0.33017504,0.5600000000000002,0,0
slice_management,43,mal--slice_management--star--n8--slice_takeover--r6,1,0.9475503,0.5600000000000002,1,1
slice_management,43,mal--slice_management--star--n8--slice_takeover--r6,0,0.46909824,0.5600000000000002,0,0
slice_management,59,benign--slice_management--chain--n10--containment_drill--r2,0,0.0010149301,0.6800000000000002,0,0
slice_management,59,benign--slice_management--chain--n10--containment_drill--r6,0,0.0018985972,0.6800000000000002,0,0
slice_management,59,benign--slice_management--chain--n10--containment_drill--r6,0,0.006228159,0.6800000000000002,0,0
slice_management,59,benign--slice_management--chain--n10--containment_drill--r6,0,0.003700438,0.6800000000000002,0,0
slice_management,59,benign--slice_management--chain--n10--containment_drill--r6,0,0.004471722,0.6800000000000002,0,0
slice_management,59,benign--slice_management--chain--n10--maintenance_notice--r4,0,0.013530902,0.6800000000000002,0,0
slice_management,59,benign--slice_management--chain--n10--quoted_attack_review--r5,0,0.00846348,0.6800000000000002,0,0
slice_management,59,benign--slice_management--chain--n10--quoted_attack_review--r5,0,0.0035027012,0.6800000000000002,0,0
slice_management,59,benign--slice_management--chain--n10--routine_update--r3,0,0.019197121,0.6800000000000002,0,0
slice_management,59,benign--slice_management--chain--n10--routine_update--r3,0,0.01865535,0.6800000000000002,0,0
slice_management,59,benign--slice_management--chain--n15--containment_drill--r4,0,0.004186987,0.6800000000000002,0,0
slice_management,59,benign--slice_management--chain--n15--containment_drill--r4,0,0.0012566408,0.6800000000000002,0,0
slice_management,59,benign--slice_management--chain--n15--maintenance_notice--r2,0,0.0211517,0.6800000000000002,0,0
slice_management,59,benign--slice_management--chain--n15--maintenance_notice--r6,0,0.01625426,0.6800000000000002,0,0
slice_management,59,benign--slice_management--chain--n15--maintenance_notice--r6,0,0.0021837146,0.6800000000000002,0,0
slice_management,59,benign--slice_management--chain--n15--maintenance_notice--r6,0,0.0145113915,0.6800000000000002,0,0
slice_management,59,benign--slice_management--chain--n15--routine_update--r1,0,0.010349913,0.6800000000000002,0,0
slice_management,59,benign--slice_management--chain--n15--routine_update--r5,0,0.02448901,0.6800000000000002,0,0
slice_management,59,benign--slice_management--chain--n15--routine_update--r5,0,0.039074864,0.6800000000000002,0,0
slice_management,59,benign--slice_management--chain--n15--routine_update--r5,0,0.02683397,0.6800000000000002,0,0
slice_management,59,benign--slice_management--chain--n15--routine_update--r5,0,0.119652405,0.6800000000000002,0,0
slice_management,59,benign--slice_management--chain--n15--routine_update--r5,0,0.034077935,0.6800000000000002,0,0
slice_management,59,benign--slice_management--chain--n20--containment_drill--r2,0,0.001171462,0.6800000000000002,0,0
slice_management,59,benign--slice_management--chain--n20--maintenance_notice--r4,0,0.06821794,0.6800000000000002,0,0
slice_management,59,benign--slice_management--chain--n20--maintenance_notice--r4,0,0.12978429,0.6800000000000002,0,0
slice_management,59,benign--slice_management--chain--n20--quoted_attack_review--r5,0,0.0016092546,0.6800000000000002,0,0
slice_management,59,benign--slice_management--chain--n4--containment_drill--r2,0,0.0018801589,0.6800000000000002,0,0
slice_management,59,benign--slice_management--chain--n4--containment_drill--r2,0,0.0013496946,0.6800000000000002,0,0
slice_management,59,benign--slice_management--chain--n4--containment_drill--r2,0,0.0028645152,0.6800000000000002,0,0
slice_management,59,benign--slice_management--chain--n4--containment_drill--r2,0,0.0013888426,0.6800000000000002,0,0
slice_management,59,benign--slice_management--chain--n4--containment_drill--r6,0,0.0010554865,0.6800000000000002,0,0
slice_management,59,benign--slice_management--chain--n4--quoted_attack_review--r1,0,0.09798174,0.6800000000000002,0,0
slice_management,59,benign--slice_management--chain--n4--quoted_attack_review--r1,0,0.0011258026,0.6800000000000002,0,0
slice_management,59,benign--slice_management--chain--n4--quoted_attack_review--r5,0,0.09798174,0.6800000000000002,0,0
slice_management,59,benign--slice_management--chain--n4--quoted_attack_review--r5,0,0.0030450602,0.6800000000000002,0,0
slice_management,59,benign--slice_management--chain--n4--routine_update--r3,0,0.019283205,0.6800000000000002,0,0
slice_management,59,benign--slice_management--chain--n8--containment_drill--r4,0,0.0010789478,0.6800000000000002,0,0
slice_management,59,benign--slice_management--chain--n8--maintenance_notice--r2,0,0.0020490268,0.6800000000000002,0,0
slice_management,59,benign--slice_management--chain--n8--routine_update--r1,0,0.0059304787,0.6800000000000002,0,0
slice_management,59,benign--slice_management--chain--n8--routine_update--r5,0,0.011309594,0.6800000000000002,0,0
slice_management,59,benign--slice_management--chain--n8--routine_update--r5,0,0.005759149,0.6800000000000002,0,0
slice_management,59,benign--slice_management--mesh_lite--n10--containment_drill--r4,0,0.0033274451,0.6800000000000002,0,0
slice_management,59,benign--slice_management--mesh_lite--n10--containment_drill--r4,0,0.0025296984,0.6800000000000002,0,0
slice_management,59,benign--slice_management--mesh_lite--n10--containment_drill--r4,0,0.0026820605,0.6800000000000002,0,0
slice_management,59,benign--slice_management--mesh_lite--n10--containment_drill--r4,0,0.0021037043,0.6800000000000002,0,0
slice_management,59,benign--slice_management--mesh_lite--n10--containment_drill--r4,0,0.002101181,0.6800000000000002,0,0
slice_management,59,benign--slice_management--mesh_lite--n10--containment_drill--r4,0,0.003457732,0.6800000000000002,0,0
slice_management,59,benign--slice_management--mesh_lite--n10--containment_drill--r4,0,0.0041578864,0.6800000000000002,0,0
slice_management,59,benign--slice_management--mesh_lite--n10--containment_drill--r4,0,0.002569026,0.6800000000000002,0,0
slice_management,59,benign--slice_management--mesh_lite--n10--containment_drill--r4,0,0.0014661339,0.6800000000000002,0,0
slice_management,59,benign--slice_management--mesh_lite--n10--maintenance_notice--r2,0,0.0025987246,0.6800000000000002,0,0
slice_management,59,benign--slice_management--mesh_lite--n10--quoted_attack_review--r3,0,0.031037232,0.6800000000000002,0,0
slice_management,59,benign--slice_management--mesh_lite--n10--quoted_attack_review--r3,0,0.0063019632,0.6800000000000002,0,0
slice_management,59,benign--slice_management--mesh_lite--n10--quoted_attack_review--r3,0,0.02522171,0.6800000000000002,0,0
slice_management,59,benign--slice_management--mesh_lite--n10--quoted_attack_review--r3,0,0.00450494,0.6800000000000002,0,0
slice_management,59,benign--slice_management--mesh_lite--n10--quoted_attack_review--r3,0,0.003053176,0.6800000000000002,0,0
slice_management,59,benign--slice_management--mesh_lite--n10--quoted_attack_review--r3,0,0.08185633,0.6800000000000002,0,0
slice_management,59,benign--slice_management--mesh_lite--n10--quoted_attack_review--r3,0,0.029840283,0.6800000000000002,0,0
slice_management,59,benign--slice_management--mesh_lite--n10--quoted_attack_review--r3,0,0.02594741,0.6800000000000002,0,0
slice_management,59,benign--slice_management--mesh_lite--n10--quoted_attack_review--r3,0,0.1421854,0.6800000000000002,0,0
slice_management,59,benign--slice_management--mesh_lite--n10--routine_update--r1,0,0.0060257204,0.6800000000000002,0,0
slice_management,59,benign--slice_management--mesh_lite--n15--containment_drill--r2,0,0.001103805,0.6800000000000002,0,0
slice_management,59,benign--slice_management--mesh_lite--n15--containment_drill--r6,0,0.0026997752,0.6800000000000002,0,0
slice_management,59,benign--slice_management--mesh_lite--n15--quoted_attack_review--r1,0,0.026304595,0.6800000000000002,0,0
slice_management,59,benign--slice_management--mesh_lite--n15--quoted_attack_review--r5,0,0.002570511,0.6800000000000002,0,0
slice_management,59,benign--slice_management--mesh_lite--n20--containment_drill--r4,0,0.0082577,0.6800000000000002,0,0
slice_management,59,benign--slice_management--mesh_lite--n20--containment_drill--r4,0,0.0019240681,0.6800000000000002,0,0
slice_management,59,benign--slice_management--mesh_lite--n20--containment_drill--r4,0,0.0010984825,0.6800000000000002,0,0
slice_management,59,benign--slice_management--mesh_lite--n20--maintenance_notice--r2,0,0.037330247,0.6800000000000002,0,0
slice_management,59,benign--slice_management--mesh_lite--n20--maintenance_notice--r2,0,0.00647787,0.6800000000000002,0,0
slice_management,59,benign--slice_management--mesh_lite--n20--maintenance_notice--r6,0,0.015515456,0.6800000000000002,0,0
slice_management,59,benign--slice_management--mesh_lite--n20--maintenance_notice--r6,0,0.016253153,0.6800000000000002,0,0
slice_management,59,benign--slice_management--mesh_lite--n20--quoted_attack_review--r3,0,0.013520308,0.6800000000000002,0,0
slice_management,59,benign--slice_management--mesh_lite--n20--quoted_attack_review--r3,0,0.0014770031,0.6800000000000002,0,0
slice_management,59,benign--slice_management--mesh_lite--n20--quoted_attack_review--r3,0,0.00622556,0.6800000000000002,0,0
slice_management,59,benign--slice_management--mesh_lite--n20--routine_update--r1,0,0.01315855,0.6800000000000002,0,0
slice_management,59,benign--slice_management--mesh_lite--n20--routine_update--r1,0,0.06214549,0.6800000000000002,0,0
slice_management,59,benign--slice_management--mesh_lite--n20--routine_update--r1,0,0.07704943,0.6800000000000002,0,0
slice_management,59,benign--slice_management--mesh_lite--n20--routine_update--r1,0,0.03420163,0.6800000000000002,0,0
slice_management,59,benign--slice_management--mesh_lite--n20--routine_update--r1,0,0.009046262,0.6800000000000002,0,0
slice_management,59,benign--slice_management--mesh_lite--n20--routine_update--r1,0,0.0027987303,0.6800000000000002,0,0
slice_management,59,benign--slice_management--mesh_lite--n4--maintenance_notice--r2,0,0.008616342,0.6800000000000002,0,0
slice_management,59,benign--slice_management--mesh_lite--n4--maintenance_notice--r2,0,0.0033163056,0.6800000000000002,0,0
slice_management,59,benign--slice_management--mesh_lite--n4--maintenance_notice--r2,0,0.005737192,0.6800000000000002,0,0
slice_management,59,benign--slice_management--mesh_lite--n4--maintenance_notice--r2,0,0.0027602685,0.6800000000000002,0,0
slice_management,59,benign--slice_management--mesh_lite--n4--maintenance_notice--r6,0,0.0060931304,0.6800000000000002,0,0
slice_management,59,benign--slice_management--mesh_lite--n4--routine_update--r1,0,0.0047994675,0.6800000000000002,0,0
slice_management,59,benign--slice_management--mesh_lite--n4--routine_update--r5,0,0.011008632,0.6800000000000002,0,0
slice_management,59,benign--slice_management--mesh_lite--n8--containment_drill--r2,0,0.0015615768,0.6800000000000002,0,0
slice_management,59,benign--slice_management--mesh_lite--n8--routine_update--r3,0,0.00323264,0.6800000000000002,0,0
slice_management,59,benign--slice_management--mesh_lite--n8--routine_update--r3,0,0.008729583,0.6800000000000002,0,0
slice_management,59,benign--slice_management--mesh_lite--n8--routine_update--r3,0,0.024229782,0.6800000000000002,0,0
slice_management,59,benign--slice_management--mesh_lite--n8--routine_update--r3,0,0.007999596,0.6800000000000002,0,0
slice_management,59,benign--slice_management--mesh_lite--n8--routine_update--r3,0,0.032252558,0.6800000000000002,0,0
slice_management,59,benign--slice_management--mesh_lite--n8--routine_update--r3,0,0.0010294925,0.6800000000000002,0,0
slice_management,59,benign--slice_management--mesh_lite--n8--routine_update--r3,0,0.008128698,0.6800000000000002,0,0
slice_management,59,benign--slice_management--random_min_degree--n10--containment_drill--r2,0,0.0011508267,0.6800000000000002,0,0
slice_management,59,benign--slice_management--random_min_degree--n10--containment_drill--r6,0,0.0017367227,0.6800000000000002,0,0
slice_management,59,benign--slice_management--random_min_degree--n10--quoted_attack_review--r1,0,0.026304595,0.6800000000000002,0,0
slice_management,59,benign--slice_management--random_min_degree--n10--quoted_attack_review--r5,0,0.0010926089,0.6800000000000002,0,0
slice_management,59,benign--slice_management--random_min_degree--n10--routine_update--r3,0,0.01648915,0.6800000000000002,0,0
slice_management,59,benign--slice_management--random_min_degree--n15--maintenance_notice--r2,0,0.013104586,0.6800000000000002,0,0
slice_management,59,benign--slice_management--random_min_degree--n15--maintenance_notice--r2,0,0.0070450674,0.6800000000000002,0,0
slice_management,59,benign--slice_management--random_min_degree--n15--maintenance_notice--r2,0,0.023748225,0.6800000000000002,0,0
slice_management,59,benign--slice_management--random_min_degree--n15--routine_update--r1,0,0.012625859,0.6800000000000002,0,0
slice_management,59,benign--slice_management--random_min_degree--n15--routine_update--r5,0,0.028750341,0.6800000000000002,0,0
slice_management,59,benign--slice_management--random_min_degree--n20--containment_drill--r2,0,0.0009766011,0.6800000000000002,0,0
slice_management,59,benign--slice_management--random_min_degree--n20--maintenance_notice--r4,0,0.0064792424,0.6800000000000002,0,0
slice_management,59,benign--slice_management--random_min_degree--n20--maintenance_notice--r4,0,0.0057406393,0.6800000000000002,0,0
slice_management,59,benign--slice_management--random_min_degree--n20--maintenance_notice--r4,0,0.0066639264,0.6800000000000002,0,0
slice_management,59,benign--slice_management--random_min_degree--n20--quoted_attack_review--r1,0,0.026304595,0.6800000000000002,0,0
slice_management,59,benign--slice_management--random_min_degree--n20--routine_update--r3,0,0.011388107,0.6800000000000002,0,0
slice_management,59,benign--slice_management--random_min_degree--n4--containment_drill--r2,0,0.0018260456,0.6800000000000002,0,0
slice_management,59,benign--slice_management--random_min_degree--n4--quoted_attack_review--r1,0,0.017977284,0.6800000000000002,0,0
slice_management,59,benign--slice_management--random_min_degree--n4--quoted_attack_review--r5,0,0.017977284,0.6800000000000002,0,0
slice_management,59,benign--slice_management--random_min_degree--n8--containment_drill--r4,0,0.004186987,0.6800000000000002,0,0
slice_management,59,benign--slice_management--random_min_degree--n8--containment_drill--r4,0,0.0023485783,0.6800000000000002,0,0
slice_management,59,benign--slice_management--random_min_degree--n8--containment_drill--r4,0,0.00072194386,0.6800000000000002,0,0
slice_management,59,benign--slice_management--random_min_degree--n8--maintenance_notice--r2,0,0.0018813009,0.6800000000000002,0,0
slice_management,59,benign--slice_management--random_min_degree--n8--quoted_attack_review--r3,0,0.009343114,0.6800000000000002,0,0
slice_management,59,benign--slice_management--random_min_degree--n8--routine_update--r1,0,0.009907485,0.6800000000000002,0,0
slice_management,59,benign--slice_management--random_min_degree--n8--routine_update--r5,0,0.026193447,0.6800000000000002,0,0
slice_management,59,benign--slice_management--random_min_degree--n8--routine_update--r5,0,0.005144658,0.6800000000000002,0,0
slice_management,59,benign--slice_management--ring--n10--containment_drill--r2,0,0.0011222268,0.6800000000000002,0,0
slice_management,59,benign--slice_management--ring--n10--containment_drill--r6,0,0.00307442,0.6800000000000002,0,0
slice_management,59,benign--slice_management--ring--n10--containment_drill--r6,0,0.0045948797,0.6800000000000002,0,0
slice_management,59,benign--slice_management--ring--n10--containment_drill--r6,0,0.004416082,0.6800000000000002,0,0
slice_management,59,benign--slice_management--ring--n10--quoted_attack_review--r1,0,0.026304595,0.6800000000000002,0,0
slice_management,59,benign--slice_management--ring--n10--quoted_attack_review--r5,0,0.005193552,0.6800000000000002,0,0
slice_management,59,benign--slice_management--ring--n10--quoted_attack_review--r5,0,0.01742543,0.6800000000000002,0,0
slice_management,59,benign--slice_management--ring--n10--quoted_attack_review--r5,0,0.0104348445,0.6800000000000002,0,0
slice_management,59,benign--slice_management--ring--n10--routine_update--r3,0,0.0049649323,0.6800000000000002,0,0
slice_management,59,benign--slice_management--ring--n15--containment_drill--r4,0,0.0013095596,0.6800000000000002,0,0
slice_management,59,benign--slice_management--ring--n15--routine_update--r1,0,0.009726124,0.6800000000000002,0,0
slice_management,59,benign--slice_management--ring--n20--containment_drill--r2,0,0.0011431937,0.6800000000000002,0,0
slice_management,59,benign--slice_management--ring--n20--quoted_attack_review--r1,0,0.026304595,0.6800000000000002,0,0
slice_management,59,benign--slice_management--ring--n20--quoted_attack_review--r5,0,0.0024095408,0.6800000000000002,0,0
slice_management,59,benign--slice_management--ring--n20--routine_update--r3,0,0.012920035,0.6800000000000002,0,0
slice_management,59,benign--slice_management--ring--n20--routine_update--r3,0,0.0021639892,0.6800000000000002,0,0
slice_management,59,benign--slice_management--ring--n4--containment_drill--r2,0,0.0011196139,0.6800000000000002,0,0
slice_management,59,benign--slice_management--ring--n4--containment_drill--r6,0,0.0042326506,0.6800000000000002,0,0
slice_management,59,benign--slice_management--ring--n4--quoted_attack_review--r1,0,0.026304595,0.6800000000000002,0,0
slice_management,59,benign--slice_management--ring--n4--quoted_attack_review--r5,0,0.026304595,0.6800000000000002,0,0
slice_management,59,benign--slice_management--ring--n4--routine_update--r3,0,0.012194524,0.6800000000000002,0,0
slice_management,59,benign--slice_management--ring--n8--containment_drill--r4,0,0.0011326758,0.6800000000000002,0,0
slice_management,59,benign--slice_management--ring--n8--maintenance_notice--r2,0,0.0031504028,0.6800000000000002,0,0
slice_management,59,benign--slice_management--ring--n8--maintenance_notice--r6,0,0.00859108,0.6800000000000002,0,0
slice_management,59,benign--slice_management--ring--n8--quoted_attack_review--r3,0,0.0074769147,0.6800000000000002,0,0
slice_management,59,benign--slice_management--ring--n8--quoted_attack_review--r3,0,0.15983564,0.6800000000000002,0,0
slice_management,59,benign--slice_management--ring--n8--quoted_attack_review--r3,0,0.01284695,0.6800000000000002,0,0
slice_management,59,benign--slice_management--ring--n8--quoted_attack_review--r3,0,0.14772075,0.6800000000000002,0,0
slice_management,59,benign--slice_management--ring--n8--quoted_attack_review--r3,0,0.06280296,0.6800000000000002,0,0
slice_management,59,benign--slice_management--ring--n8--quoted_attack_review--r3,0,0.18048075,0.6800000000000002,0,0
slice_management,59,benign--slice_management--ring--n8--quoted_attack_review--r3,0,0.0032158329,0.6800000000000002,0,0
slice_management,59,benign--slice_management--ring--n8--routine_update--r1,0,0.0027101468,0.6800000000000002,0,0
slice_management,59,benign--slice_management--ring--n8--routine_update--r1,0,0.049225584,0.6800000000000002,0,0
slice_management,59,benign--slice_management--ring--n8--routine_update--r5,0,0.004888573,0.6800000000000002,0,0
slice_management,59,benign--slice_management--star--n10--containment_drill--r4,0,0.0010504248,0.6800000000000002,0,0
slice_management,59,benign--slice_management--star--n10--maintenance_notice--r6,0,0.016290866,0.6800000000000002,0,0
slice_management,59,benign--slice_management--star--n10--maintenance_notice--r6,0,0.015696783,0.6800000000000002,0,0
slice_management,59,benign--slice_management--star--n10--quoted_attack_review--r3,0,0.008190904,0.6800000000000002,0,0
slice_management,59,benign--slice_management--star--n10--quoted_attack_review--r3,0,0.0028167644,0.6800000000000002,0,0
slice_management,59,benign--slice_management--star--n10--routine_update--r1,0,0.0085500805,0.6800000000000002,0,0
slice_management,59,benign--slice_management--star--n15--containment_drill--r2,0,0.0014973747,0.6800000000000002,0,0
slice_management,59,benign--slice_management--star--n15--maintenance_notice--r4,0,0.027440585,0.6800000000000002,0,0
slice_management,59,benign--slice_management--star--n15--maintenance_notice--r4,0,0.0057313363,0.6800000000000002,0,0
slice_management,59,benign--slice_management--star--n20--maintenance_notice--r2,0,0.004684036,0.6800000000000002,0,0
slice_management,59,benign--slice_management--star--n20--quoted_attack_review--r3,0,0.0041915006,0.6800000000000002,0,0
slice_management,59,benign--slice_management--star--n20--routine_update--r1,0,0.007264287,0.6800000000000002,0,0
slice_management,59,benign--slice_management--star--n20--routine_update--r5,0,0.012315377,0.6800000000000002,0,0
slice_management,59,benign--slice_management--star--n20--routine_update--r5,0,0.0030215788,0.6800000000000002,0,0
slice_management,59,benign--slice_management--star--n4--containment_drill--r4,0,0.0031024462,0.6800000000000002,0,0
slice_management,59,benign--slice_management--star--n4--containment_drill--r4,0,0.0013103443,0.6800000000000002,0,0
slice_management,59,benign--slice_management--star--n4--maintenance_notice--r2,0,0.003363336,0.6800000000000002,0,0
slice_management,59,benign--slice_management--star--n4--quoted_attack_review--r3,0,0.008090167,0.6800000000000002,0,0
slice_management,59,benign--slice_management--star--n4--routine_update--r1,0,0.004225526,0.6800000000000002,0,0
slice_management,59,benign--slice_management--star--n4--routine_update--r5,0,0.005585725,0.6800000000000002,0,0
slice_management,59,benign--slice_management--star--n4--routine_update--r5,0,0.005799364,0.6800000000000002,0,0
slice_management,59,benign--slice_management--star--n8--containment_drill--r6,0,0.0021206825,0.6800000000000002,0,0
slice_management,59,benign--slice_management--star--n8--containment_drill--r6,0,0.003234696,0.6800000000000002,0,0
slice_management,59,benign--slice_management--star--n8--maintenance_notice--r4,0,0.07250628,0.6800000000000002,0,0
slice_management,59,benign--slice_management--star--n8--maintenance_notice--r4,0,0.010695488,0.6800000000000002,0,0
slice_management,59,benign--slice_management--star--n8--quoted_attack_review--r1,0,0.045103274,0.6800000000000002,0,0
slice_management,59,benign--slice_management--star--n8--quoted_attack_review--r1,0,0.043530017,0.6800000000000002,0,0
slice_management,59,benign--slice_management--star--n8--quoted_attack_review--r5,0,0.01588049,0.6800000000000002,0,0
slice_management,59,benign--slice_management--star--n8--quoted_attack_review--r5,0,0.005553721,0.6800000000000002,0,0
slice_management,59,mal--slice_management--chain--n10--control_plane_worm--r4,1,0.5630248,0.6800000000000002,0,1
slice_management,59,mal--slice_management--chain--n10--control_plane_worm--r4,1,0.85256356,0.6800000000000002,1,1
slice_management,59,mal--slice_management--chain--n10--control_plane_worm--r4,0,0.03291026,0.6800000000000002,0,0
slice_management,59,mal--slice_management--chain--n10--control_plane_worm--r4,1,0.3923903,0.6800000000000002,0,0
slice_management,59,mal--slice_management--chain--n10--control_plane_worm--r4,0,0.15039174,0.6800000000000002,0,0
slice_management,59,mal--slice_management--chain--n10--guard_suppression--r6,1,0.9900232,0.6800000000000002,1,1
slice_management,59,mal--slice_management--chain--n10--guard_suppression--r6,0,0.4471422,0.6800000000000002,0,0
slice_management,59,mal--slice_management--chain--n10--recovery_poisoning--r1,1,0.13765265,0.6800000000000002,0,0
slice_management,59,mal--slice_management--chain--n10--recovery_poisoning--r1,1,0.20076421,0.6800000000000002,0,0
slice_management,59,mal--slice_management--chain--n10--recovery_poisoning--r1,0,0.2536348,0.6800000000000002,0,0
slice_management,59,mal--slice_management--chain--n10--recovery_poisoning--r1,0,0.010104705,0.6800000000000002,0,0
slice_management,59,mal--slice_management--chain--n10--slice_takeover--r5,1,0.9934202,0.6800000000000002,1,1
slice_management,59,mal--slice_management--chain--n10--slice_takeover--r5,1,0.9878785,0.6800000000000002,1,1
slice_management,59,mal--slice_management--chain--n15--exfiltration_propagation--r6,1,0.9101746,0.6800000000000002,1,1
slice_management,59,mal--slice_management--chain--n15--exfiltration_propagation--r6,1,0.9893171,0.6800000000000002,1,1
slice_management,59,mal--slice_management--chain--n15--exfiltration_propagation--r6,1,0.6662481,0.6800000000000002,0,1
slice_management,59,mal--slice_management--chain--n15--guard_suppression--r5,1,0.89927393,0.6800000000000002,1,1
slice_management,59,mal--slice_management--chain--n15--guard_suppression--r5,0,0.0077590304,0.6800000000000002,0,0
slice_management,59,mal--slice_management--chain--n15--guard_suppression--r5,0,0.00847429,0.6800000000000002,0,0
slice_management,59,mal--slice_management--chain--n15--guard_suppression--r5,1,0.9327265,0.6800000000000002,1,1
slice_management,59,mal--slice_management--chain--n15--guard_suppression--r5,1,0.9193507,0.6800000000000002,1,1
slice_management,59,mal--slice_management--chain--n15--guard_suppression--r5,1,0.74882275,0.6800000000000002,1,1
slice_management,59,mal--slice_management--chain--n15--slice_takeover--r4,1,0.9541425,0.6800000000000002,1,1
slice_management,59,mal--slice_management--chain--n15--slice_takeover--r4,0,0.0070264824,0.6800000000000002,0,0
slice_management,59,mal--slice_management--chain--n15--slice_takeover--r4,0,0.1047697,0.6800000000000002,0,0
slice_management,59,mal--slice_management--chain--n15--slice_takeover--r4,0,0.0062078605,0.6800000000000002,0,0
slice_management,59,mal--slice_management--chain--n15--slice_takeover--r4,0,0.0031561358,0.6800000000000002,0,0
slice_management,59,mal--slice_management--chain--n20--control_plane_worm--r2,1,0.99354374,0.6800000000000002,1,1
slice_management,59,mal--slice_management--chain--n20--control_plane_worm--r2,1,0.8068743,0.6800000000000002,1,1
slice_management,59,mal--slice_management--chain--n20--control_plane_worm--r2,1,0.5773825,0.6800000000000002,0,1
slice_management,59,mal--slice_management--chain--n20--control_plane_worm--r2,1,0.9432926,0.6800000000000002,1,1
slice_management,59,mal--slice_management--chain--n20--recovery_poisoning--r2,1,0.8445021,0.6800000000000002,1,1
slice_management,59,mal--slice_management--chain--n20--recovery_poisoning--r2,0,0.16970722,0.6800000000000002,0,0
slice_management,59,mal--slice_management--chain--n20--recovery_poisoning--r6,1,0.5348723,0.6800000000000002,0,1
slice_management,59,mal--slice_management--chain--n20--recovery_poisoning--r6,1,0.13818899,0.6800000000000002,0,0
slice_management,59,mal--slice_management--chain--n20--recovery_poisoning--r6,1,0.36755326,0.6800000000000002,0,0
slice_management,59,mal--slice_management--chain--n4--exfiltration_propagation--r4,1,0.9133914,0.6800000000000002,1,1
slice_management,59,mal--slice_management--chain--n4--exfiltration_propagation--r4,1,0.7875116,0.6800000000000002,1,1
slice_management,59,mal--slice_management--chain--n4--exfiltration_propagation--r4,0,0.06652392,0.6800000000000002,0,0
slice_management,59,mal--slice_management--chain--n4--exfiltration_propagation--r4,0,0.2768095,0.6800000000000002,0,0
slice_management,59,mal--slice_management--chain--n4--guard_suppression--r3,1,0.6308888,0.6800000000000002,0,1
slice_management,59,mal--slice_management--chain--n4--guard_suppression--r3,0,0.6725038,0.6800000000000002,0,1
slice_management,59,mal--slice_management--chain--n8--control_plane_worm--r5,1,0.99494714,0.6800000000000002,1,1
slice_management,59,mal--slice_management--chain--n8--control_plane_worm--r5,1,0.89612687,0.6800000000000002,1,1
slice_management,59,mal--slice_management--chain--n8--control_plane_worm--r5,0,0.0063553723,0.6800000000000002,0,0
slice_management,59,mal--slice_management--chain--n8--exfiltration_propagation--r2,1,0.9390452,0.6800000000000002,1,1
slice_management,59,mal--slice_management--chain--n8--exfiltration_propagation--r2,0,0.5551771,0.6800000000000002,0,1
slice_management,59,mal--slice_management--chain--n8--exfiltration_propagation--r3,1,0.8750003,0.6800000000000002,1,1
slice_management,59,mal--slice_management--chain--n8--exfiltration_propagation--r3,0,0.007342316,0.6800000000000002,0,0
slice_management,59,mal--slice_management--chain--n8--guard_suppression--r2,1,0.95360506,0.6800000000000002,1,1
slice_management,59,mal--slice_management--chain--n8--guard_suppression--r2,1,0.82977265,0.6800000000000002,1,1
slice_management,59,mal--slice_management--chain--n8--guard_suppression--r2,0,0.003707945,0.6800000000000002,0,0
slice_management,59,mal--slice_management--chain--n8--recovery_poisoning--r4,1,0.992964,0.6800000000000002,1,1
slice_management,59,mal--slice_management--chain--n8--recovery_poisoning--r4,1,0.98608613,0.6800000000000002,1,1
slice_management,59,mal--slice_management--chain--n8--recovery_poisoning--r4,1,0.95121443,0.6800000000000002,1,1
slice_management,59,mal--slice_management--mesh_lite--n10--exfiltration_propagation--r2,1,0.914173,0.6800000000000002,1,1
slice_management,59,mal--slice_management--mesh_lite--n10--exfiltration_propagation--r2,1,0.94438976,0.6800000000000002,1,1
slice_management,59,mal--slice_management--mesh_lite--n10--guard_suppression--r6,1,0.96354496,0.6800000000000002,1,1
slice_management,59,mal--slice_management--mesh_lite--n10--guard_suppression--r6,0,0.1618627,0.6800000000000002,0,0
slice_management,59,mal--slice_management--mesh_lite--n10--guard_suppression--r6,1,0.95653826,0.6800000000000002,1,1
slice_management,59,mal--slice_management--mesh_lite--n10--guard_suppression--r6,0,0.4603596,0.6800000000000002,0,0
slice_management,59,mal--slice_management--mesh_lite--n10--guard_suppression--r6,0,0.7277826,0.6800000000000002,1,1
slice_management,59,mal--slice_management--mesh_lite--n10--guard_suppression--r6,0,0.017426793,0.6800000000000002,0,0
slice_management,59,mal--slice_management--mesh_lite--n10--guard_suppression--r6,1,0.9535635,0.6800000000000002,1,1
slice_management,59,mal--slice_management--mesh_lite--n10--guard_suppression--r6,1,0.9799222,0.6800000000000002,1,1
slice_management,59,mal--slice_management--mesh_lite--n10--guard_suppression--r6,0,0.39671686,0.6800000000000002,0,0
slice_management,59,mal--slice_management--mesh_lite--n10--guard_suppression--r6,1,0.5088387,0.6800000000000002,0,1
slice_management,59,mal--slice_management--mesh_lite--n10--recovery_poisoning--r3,1,0.83892727,0.6800000000000002,1,1
slice_management,59,mal--slice_management--mesh_lite--n10--recovery_poisoning--r3,0,0.19194321,0.6800000000000002,0,0
slice_management,59,mal--slice_management--mesh_lite--n10--recovery_poisoning--r3,0,0.009748888,0.6800000000000002,0,0
slice_management,59,mal--slice_management--mesh_lite--n15--guard_suppression--r2,1,0.97012335,0.6800000000000002,1,1
slice_management,59,mal--slice_management--mesh_lite--n15--guard_suppression--r2,0,0.019081539,0.6800000000000002,0,0
slice_management,59,mal--slice_management--mesh_lite--n15--guard_suppression--r2,0,0.24876127,0.6800000000000002,0,0
slice_management,59,mal--slice_management--mesh_lite--n15--recovery_poisoning--r2,1,0.90739185,0.6800000000000002,1,1
slice_management,59,mal--slice_management--mesh_lite--n15--recovery_poisoning--r2,1,0.61876,0.6800000000000002,0,1
slice_management,59,mal--slice_management--mesh_lite--n15--recovery_poisoning--r2,0,0.041244145,0.6800000000000002,0,0
slice_management,59,mal--slice_management--mesh_lite--n15--recovery_poisoning--r2,1,0.67957425,0.6800000000000002,0,1
slice_management,59,mal--slice_management--mesh_lite--n15--recovery_poisoning--r2,0,0.46561188,0.6800000000000002,0,0
slice_management,59,mal--slice_management--mesh_lite--n15--recovery_poisoning--r2,1,0.6268014,0.6800000000000002,0,1
slice_management,59,mal--slice_management--mesh_lite--n15--slice_takeover--r4,1,0.9904117,0.6800000000000002,1,1
slice_management,59,mal--slice_management--mesh_lite--n15--slice_takeover--r4,0,0.029508835,0.6800000000000002,0,0
slice_management,59,mal--slice_management--mesh_lite--n15--slice_takeover--r4,0,0.5884614,0.6800000000000002,0,1
slice_management,59,mal--slice_management--mesh_lite--n15--slice_takeover--r4,1,0.99177176,0.6800000000000002,1,1
slice_management,59,mal--slice_management--mesh_lite--n15--slice_takeover--r4,0,0.014320907,0.6800000000000002,0,0
slice_management,59,mal--slice_management--mesh_lite--n15--slice_takeover--r4,1,0.96467376,0.6800000000000002,1,1
slice_management,59,mal--slice_management--mesh_lite--n20--control_plane_worm--r2,1,0.99636275,0.6800000000000002,1,1
slice_management,59,mal--slice_management--mesh_lite--n20--control_plane_worm--r2,0,0.029923048,0.6800000000000002,0,0
slice_management,59,mal--slice_management--mesh_lite--n20--control_plane_worm--r2,1,0.99490345,0.6800000000000002,1,1
slice_management,59,mal--slice_management--mesh_lite--n20--control_plane_worm--r2,1,0.8402248,0.6800000000000002,1,1
slice_management,59,mal--slice_management--mesh_lite--n20--control_plane_worm--r2,1,0.7638896,0.6800000000000002,1,1
slice_management,59,mal--slice_management--mesh_lite--n20--control_plane_worm--r2,1,0.07852906,0.6800000000000002,0,0
slice_management,59,mal--slice_management--mesh_lite--n20--control_plane_worm--r2,1,0.9796124,0.6800000000000002,1,1
slice_management,59,mal--slice_management--mesh_lite--n20--recovery_poisoning--r2,0,0.025607679,0.6800000000000002,0,0
slice_management,59,mal--slice_management--mesh_lite--n20--recovery_poisoning--r2,0,0.06679024,0.6800000000000002,0,0
slice_management,59,mal--slice_management--mesh_lite--n20--recovery_poisoning--r2,0,0.02476546,0.6800000000000002,0,0
slice_management,59,mal--slice_management--mesh_lite--n20--recovery_poisoning--r2,0,0.2518463,0.6800000000000002,0,0
slice_management,59,mal--slice_management--mesh_lite--n20--recovery_poisoning--r2,0,0.28665337,0.6800000000000002,0,0
slice_management,59,mal--slice_management--mesh_lite--n20--recovery_poisoning--r2,0,0.50339645,0.6800000000000002,0,1
slice_management,59,mal--slice_management--mesh_lite--n20--recovery_poisoning--r2,0,0.024097808,0.6800000000000002,0,0
slice_management,59,mal--slice_management--mesh_lite--n20--recovery_poisoning--r2,0,0.17622955,0.6800000000000002,0,0
slice_management,59,mal--slice_management--mesh_lite--n20--recovery_poisoning--r6,0,0.07101545,0.6800000000000002,0,0
slice_management,59,mal--slice_management--mesh_lite--n20--recovery_poisoning--r6,1,0.7587919,0.6800000000000002,1,1
slice_management,59,mal--slice_management--mesh_lite--n20--recovery_poisoning--r6,0,0.25962996,0.6800000000000002,0,0
slice_management,59,mal--slice_management--mesh_lite--n20--recovery_poisoning--r6,0,0.05190914,0.6800000000000002,0,0
slice_management,59,mal--slice_management--mesh_lite--n20--recovery_poisoning--r6,0,0.119673595,0.6800000000000002,0,0
slice_management,59,mal--slice_management--mesh_lite--n20--recovery_poisoning--r6,0,0.2871148,0.6800000000000002,0,0
slice_management,59,mal--slice_management--mesh_lite--n20--slice_takeover--r3,1,0.98192585,0.6800000000000002,1,1
slice_management,59,mal--slice_management--mesh_lite--n20--slice_takeover--r3,1,0.9518278,0.6800000000000002,1,1
slice_management,59,mal--slice_management--mesh_lite--n20--slice_takeover--r3,1,0.73620486,0.6800000000000002,1,1
slice_management,59,mal--slice_management--mesh_lite--n20--slice_takeover--r3,1,0.07101951,0.6800000000000002,0,0
slice_management,59,mal--slice_management--mesh_lite--n20--slice_takeover--r3,0,0.02706696,0.6800000000000002,0,0
slice_management,59,mal--slice_management--mesh_lite--n4--control_plane_worm--r6,0,0.094365865,0.6800000000000002,0,0
slice_management,59,mal--slice_management--mesh_lite--n4--control_plane_worm--r6,0,0.012982381,0.6800000000000002,0,0
slice_management,59,mal--slice_management--mesh_lite--n4--exfiltration_propagation--r4,1,0.32899025,0.6800000000000002,0,0
slice_management,59,mal--slice_management--mesh_lite--n4--exfiltration_propagation--r4,0,0.014414838,0.6800000000000002,0,0
slice_management,59,mal--slice_management--mesh_lite--n4--exfiltration_propagation--r4,1,0.1952237,0.6800000000000002,0,0
slice_management,59,mal--slice_management--mesh_lite--n4--exfiltration_propagation--r4,0,0.010153778,0.6800000000000002,0,0
slice_management,59,mal--slice_management--mesh_lite--n4--exfiltration_propagation--r4,1,0.31238145,0.6800000000000002,0,0
slice_management,59,mal--slice_management--mesh_lite--n4--exfiltration_propagation--r4,1,0.048578583,0.6800000000000002,0,0
slice_management,59,mal--slice_management--mesh_lite--n4--exfiltration_propagation--r4,1,0.29546115,0.6800000000000002,0,0
slice_management,59,mal--slice_management--mesh_lite--n8--control_plane_worm--r5,0,0.49384516,0.6800000000000002,0,0
slice_management,59,mal--slice_management--mesh_lite--n8--control_plane_worm--r5,0,0.026074588,0.6800000000000002,0,0
slice_management,59,mal--slice_management--mesh_lite--n8--control_plane_worm--r5,1,0.88891,0.6800000000000002,1,1
slice_management,59,mal--slice_management--mesh_lite--n8--control_plane_worm--r5,1,0.9114214,0.6800000000000002,1,1
slice_management,59,mal--slice_management--mesh_lite--n8--control_plane_worm--r5,0,0.105829604,0.6800000000000002,0,0
slice_management,59,mal--slice_management--mesh_lite--n8--control_plane_worm--r5,1,0.88384014,0.6800000000000002,1,1
slice_management,59,mal--slice_management--mesh_lite--n8--control_plane_worm--r5,1,0.8714421,0.6800000000000002,1,1
slice_management,59,mal--slice_management--mesh_lite--n8--control_plane_worm--r5,1,0.17072156,0.6800000000000002,0,0
slice_management,59,mal--slice_management--mesh_lite--n8--exfiltration_propagation--r3,1,0.86113846,0.6800000000000002,1,1
slice_management,59,mal--slice_management--mesh_lite--n8--exfiltration_propagation--r3,0,0.14268047,0.6800000000000002,0,0
slice_management,59,mal--slice_management--mesh_lite--n8--exfiltration_propagation--r3,0,0.0067529874,0.6800000000000002,0,0
slice_management,59,mal--slice_management--mesh_lite--n8--guard_suppression--r2,1,0.96098566,0.6800000000000002,1,1
slice_management,59,mal--slice_management--mesh_lite--n8--guard_suppression--r2,1,0.85865206,0.6800000000000002,1,1
slice_management,59,mal--slice_management--mesh_lite--n8--guard_suppression--r2,0,0.06561637,0.6800000000000002,0,0
slice_management,59,mal--slice_management--mesh_lite--n8--guard_suppression--r2,1,0.9830589,0.6800000000000002,1,1
slice_management,59,mal--slice_management--mesh_lite--n8--guard_suppression--r2,0,0.01962004,0.6800000000000002,0,0
slice_management,59,mal--slice_management--mesh_lite--n8--guard_suppression--r2,1,0.993586,0.6800000000000002,1,1
slice_management,59,mal--slice_management--mesh_lite--n8--guard_suppression--r2,0,0.93297017,0.6800000000000002,1,1
slice_management,59,mal--slice_management--mesh_lite--n8--guard_suppression--r2,1,0.9817307,0.6800000000000002,1,1
slice_management,59,mal--slice_management--mesh_lite--n8--guard_suppression--r2,1,0.5618378,0.6800000000000002,0,1
slice_management,59,mal--slice_management--mesh_lite--n8--slice_takeover--r1,1,0.7996002,0.6800000000000002,1,1
slice_management,59,mal--slice_management--mesh_lite--n8--slice_takeover--r1,1,0.026897967,0.6800000000000002,0,0
slice_management,59,mal--slice_management--mesh_lite--n8--slice_takeover--r1,1,0.23058113,0.6800000000000002,0,0
slice_management,59,mal--slice_management--mesh_lite--n8--slice_takeover--r1,1,0.21095379,0.6800000000000002,0,0
slice_management,59,mal--slice_management--mesh_lite--n8--slice_takeover--r1,1,0.0039850096,0.6800000000000002,0,0
slice_management,59,mal--slice_management--mesh_lite--n8--slice_takeover--r1,1,0.067506656,0.6800000000000002,0,0
slice_management,59,mal--slice_management--mesh_lite--n8--slice_takeover--r1,1,0.0049632834,0.6800000000000002,0,0
slice_management,59,mal--slice_management--mesh_lite--n8--slice_takeover--r1,1,0.007800344,0.6800000000000002,0,0
slice_management,59,mal--slice_management--random_min_degree--n10--control_plane_worm--r4,1,0.5554417,0.6800000000000002,0,1
slice_management,59,mal--slice_management--random_min_degree--n10--control_plane_worm--r4,1,0.45609763,0.6800000000000002,0,0
slice_management,59,mal--slice_management--random_min_degree--n10--control_plane_worm--r4,0,0.33513,0.6800000000000002,0,0
slice_management,59,mal--slice_management--random_min_degree--n10--guard_suppression--r6,1,0.85987395,0.6800000000000002,1,1
slice_management,59,mal--slice_management--random_min_degree--n10--guard_suppression--r6,0,0.4106185,0.6800000000000002,0,0
slice_management,59,mal--slice_management--random_min_degree--n10--guard_suppression--r6,0,0.0072848415,0.6800000000000002,0,0
slice_management,59,mal--slice_management--random_min_degree--n10--guard_suppression--r6,0,0.001909767,0.6800000000000002,0,0
slice_management,59,mal--slice_management--random_min_degree--n10--recovery_poisoning--r3,1,0.455251,0.6800000000000002,0,0
slice_management,59,mal--slice_management--random_min_degree--n10--recovery_poisoning--r3,0,0.029587245,0.6800000000000002,0,0
slice_management,59,mal--slice_management--random_min_degree--n10--recovery_poisoning--r3,0,0.03197362,0.6800000000000002,0,0
slice_management,59,mal--slice_management--random_min_degree--n10--recovery_poisoning--r3,0,0.018403305,0.6800000000000002,0,0
slice_management,59,mal--slice_management--random_min_degree--n10--recovery_poisoning--r3,0,0.01064231,0.6800000000000002,0,0
slice_management,59,mal--slice_management--random_min_degree--n15--guard_suppression--r2,1,0.8859183,0.6800000000000002,1,1
slice_management,59,mal--slice_management--random_min_degree--n15--guard_suppression--r2,1,0.22231919,0.6800000000000002,0,0
slice_management,59,mal--slice_management--random_min_degree--n15--guard_suppression--r2,0,0.09280022,0.6800000000000002,0,0
slice_management,59,mal--slice_management--random_min_degree--n15--guard_suppression--r2,1,0.9875979,0.6800000000000002,1,1
slice_management,59,mal--slice_management--random_min_degree--n15--guard_suppression--r2,0,0.841775,0.6800000000000002,1,1
slice_management,59,mal--slice_management--random_min_degree--n15--guard_suppression--r5,1,0.89927393,0.6800000000000002,1,1
slice_management,59,mal--slice_management--random_min_degree--n15--guard_suppression--r5,1,0.8718736,0.6800000000000002,1,1
slice_management,59,mal--slice_management--random_min_degree--n15--guard_suppression--r5,0,0.20757486,0.6800000000000002,0,0
slice_management,59,mal--slice_management--random_min_degree--n15--recovery_poisoning--r2,1,0.9964212,0.6800000000000002,1,1
slice_management,59,mal--slice_management--random_min_degree--n15--recovery_poisoning--r2,0,0.89135796,0.6800000000000002,1,1
slice_management,59,mal--slice_management--random_min_degree--n15--recovery_poisoning--r2,0,0.010666767,0.6800000000000002,0,0
slice_management,59,mal--slice_management--random_min_degree--n15--recovery_poisoning--r2,0,0.04019263,0.6800000000000002,0,0
slice_management,59,mal--slice_management--random_min_degree--n15--recovery_poisoning--r2,0,0.0029912684,0.6800000000000002,0,0
slice_management,59,mal--slice_management--random_min_degree--n15--recovery_poisoning--r2,0,0.23682028,0.6800000000000002,0,0
slice_management,59,mal--slice_management--random_min_degree--n20--control_plane_worm--r2,0,0.48480913,0.6800000000000002,0,0
slice_management,59,mal--slice_management--random_min_degree--n20--control_plane_worm--r2,0,0.012918624,0.6800000000000002,0,0
slice_management,59,mal--slice_management--random_min_degree--n20--recovery_poisoning--r2,1,0.9788998,0.6800000000000002,1,1
slice_management,59,mal--slice_management--random_min_degree--n20--recovery_poisoning--r2,1,0.9737255,0.6800000000000002,1,1
slice_management,59,mal--slice_management--random_min_degree--n20--recovery_poisoning--r2,0,0.0063737067,0.6800000000000002,0,0
slice_management,59,mal--slice_management--random_min_degree--n20--recovery_poisoning--r2,1,0.87977207,0.6800000000000002,1,1
slice_management,59,mal--slice_management--random_min_degree--n20--recovery_poisoning--r2,1,0.78839517,0.6800000000000002,1,1
slice_management,59,mal--slice_management--random_min_degree--n20--recovery_poisoning--r2,1,0.401476,0.6800000000000002,0,0
slice_management,59,mal--slice_management--random_min_degree--n20--recovery_poisoning--r2,0,0.013185854,0.6800000000000002,0,0
slice_management,59,mal--slice_management--random_min_degree--n20--recovery_poisoning--r6,1,0.9761412,0.6800000000000002,1,1
slice_management,59,mal--slice_management--random_min_degree--n20--recovery_poisoning--r6,1,0.9748273,0.6800000000000002,1,1
slice_management,59,mal--slice_management--random_min_degree--n20--recovery_poisoning--r6,0,0.31250402,0.6800000000000002,0,0
slice_management,59,mal--slice_management--random_min_degree--n4--control_plane_worm--r6,0,0.7158201,0.6800000000000002,1,1
slice_management,59,mal--slice_management--random_min_degree--n4--slice_takeover--r2,1,0.9443285,0.6800000000000002,1,1
slice_management,59,mal--slice_management--random_min_degree--n4--slice_takeover--r2,0,0.014111377,0.6800000000000002,0,0
slice_management,59,mal--slice_management--random_min_degree--n4--slice_takeover--r2,1,0.87074757,0.6800000000000002,1,1
slice_management,59,mal--slice_management--random_min_degree--n4--slice_takeover--r2,0,0.039636187,0.6800000000000002,0,0
slice_management,59,mal--slice_management--random_min_degree--n4--slice_takeover--r2,1,0.70101047,0.6800000000000002,1,1
slice_management,59,mal--slice_management--random_min_degree--n8--control_plane_worm--r5,1,0.9898699,0.6800000000000002,1,1
slice_management,59,mal--slice_management--random_min_degree--n8--control_plane_worm--r5,0,0.19854876,0.6800000000000002,0,0
slice_management,59,mal--slice_management--random_min_degree--n8--control_plane_worm--r5,1,0.6332749,0.6800000000000002,0,1
slice_management,59,mal--slice_management--random_min_degree--n8--control_plane_worm--r5,0,0.0099683115,0.6800000000000002,0,0
slice_management,59,mal--slice_management--random_min_degree--n8--exfiltration_propagation--r2,1,0.94601774,0.6800000000000002,1,1
slice_management,59,mal--slice_management--random_min_degree--n8--exfiltration_propagation--r2,1,0.9029011,0.6800000000000002,1,1
slice_management,59,mal--slice_management--random_min_degree--n8--exfiltration_propagation--r2,0,0.043070346,0.6800000000000002,0,0
slice_management,59,mal--slice_management--random_min_degree--n8--exfiltration_propagation--r2,1,0.78282547,0.6800000000000002,1,1
slice_management,59,mal--slice_management--random_min_degree--n8--exfiltration_propagation--r2,0,0.099253125,0.6800000000000002,0,0
slice_management,59,mal--slice_management--ring--n10--recovery_poisoning--r1,0,0.50170106,0.6800000000000002,0,1
slice_management,59,mal--slice_management--ring--n10--recovery_poisoning--r1,0,0.3642159,0.6800000000000002,0,0
slice_management,59,mal--slice_management--ring--n10--recovery_poisoning--r1,0,0.0325255,0.6800000000000002,0,0
slice_management,59,mal--slice_management--ring--n10--recovery_poisoning--r3,1,0.8756619,0.6800000000000002,1,1
slice_management,59,mal--slice_management--ring--n10--recovery_poisoning--r3,1,0.95471597,0.6800000000000002,1,1
slice_management,59,mal--slice_management--ring--n10--recovery_poisoning--r3,0,0.016720532,0.6800000000000002,0,0
slice_management,59,mal--slice_management--ring--n15--guard_suppression--r2,1,0.84596556,0.6800000000000002,1,1
slice_management,59,mal--slice_management--ring--n15--guard_suppression--r2,1,0.59537435,0.6800000000000002,0,1
slice_management,59,mal--slice_management--ring--n15--guard_suppression--r2,0,0.048617594,0.6800000000000002,0,0
slice_management,59,mal--slice_management--ring--n15--guard_suppression--r2,0,0.029447835,0.6800000000000002,0,0
slice_management,59,mal--slice_management--ring--n15--guard_suppression--r2,0,0.024246203,0.6800000000000002,0,0
slice_management,59,mal--slice_management--ring--n15--recovery_poisoning--r2,1,0.9640776,0.6800000000000002,1,1
slice_management,59,mal--slice_management--ring--n15--recovery_poisoning--r2,0,0.0054390533,0.6800000000000002,0,0
slice_management,59,mal--slice_management--ring--n15--recovery_poisoning--r2,0,0.0086400965,0.6800000000000002,0,0
slice_management,59,mal--slice_management--ring--n15--recovery_poisoning--r2,0,0.0032820515,0.6800000000000002,0,0
slice_management,59,mal--slice_management--ring--n15--slice_takeover--r4,1,0.97289485,0.6800000000000002,1,1
slice_management,59,mal--slice_management--ring--n15--slice_takeover--r4,1,0.9307607,0.6800000000000002,1,1
slice_management,59,mal--slice_management--ring--n15--slice_takeover--r4,1,0.9809483,0.6800000000000002,1,1
slice_management,59,mal--slice_management--ring--n15--slice_takeover--r4,0,0.15291218,0.6800000000000002,0,0
slice_management,59,mal--slice_management--ring--n15--slice_takeover--r4,0,0.048090573,0.6800000000000002,0,0
slice_management,59,mal--slice_management--ring--n20--control_plane_worm--r2,0,0.9260765,0.6800000000000002,1,1
slice_management,59,mal--slice_management--ring--n20--control_plane_worm--r2,0,0.013251285,0.6800000000000002,0,0
slice_management,59,mal--slice_management--ring--n20--recovery_poisoning--r6,0,0.045832753,0.6800000000000002,0,0
slice_management,59,mal--slice_management--ring--n20--slice_takeover--r3,1,0.92527163,0.6800000000000002,1,1
slice_management,59,mal--slice_management--ring--n20--slice_takeover--r3,1,0.9800149,0.6800000000000002,1,1
slice_management,59,mal--slice_management--ring--n20--slice_takeover--r3,1,0.94837767,0.6800000000000002,1,1
slice_management,59,mal--slice_management--ring--n20--slice_takeover--r3,1,0.9112421,0.6800000000000002,1,1
slice_management,59,mal--slice_management--ring--n20--slice_takeover--r3,0,0.19435626,0.6800000000000002,0,0
slice_management,59,mal--slice_management--ring--n4--slice_takeover--r2,1,0.2797191,0.6800000000000002,0,0
slice_management,59,mal--slice_management--ring--n4--slice_takeover--r2,0,0.05069249,0.6800000000000002,0,0
slice_management,59,mal--slice_management--ring--n4--slice_takeover--r2,1,0.41798142,0.6800000000000002,0,0
slice_management,59,mal--slice_management--ring--n4--slice_takeover--r2,0,0.11527667,0.6800000000000002,0,0
slice_management,59,mal--slice_management--ring--n8--control_plane_worm--r5,0,0.46806183,0.6800000000000002,0,0
slice_management,59,mal--slice_management--ring--n8--control_plane_worm--r5,1,0.7885424,0.6800000000000002,1,1
slice_management,59,mal--slice_management--ring--n8--control_plane_worm--r5,0,0.076475985,0.6800000000000002,0,0
slice_management,59,mal--slice_management--ring--n8--guard_suppression--r2,1,0.95360506,0.6800000000000002,1,1
slice_management,59,mal--slice_management--ring--n8--guard_suppression--r2,1,0.03331452,0.6800000000000002,0,0
slice_management,59,mal--slice_management--ring--n8--guard_suppression--r2,0,0.0033175633,0.6800000000000002,0,0
slice_management,59,mal--slice_management--ring--n8--guard_suppression--r2,0,0.00522177,0.6800000000000002,0,0
slice_management,59,mal--slice_management--ring--n8--guard_suppression--r2,0,0.005776121,0.6800000000000002,0,0
slice_management,59,mal--slice_management--ring--n8--slice_takeover--r1,1,0.94821095,0.6800000000000002,1,1
slice_management,59,mal--slice_management--ring--n8--slice_takeover--r1,1,0.7197354,0.6800000000000002,1,1
slice_management,59,mal--slice_management--ring--n8--slice_takeover--r1,1,0.7060294,0.6800000000000002,1,1
slice_management,59,mal--slice_management--ring--n8--slice_takeover--r1,1,0.9076191,0.6800000000000002,1,1
slice_management,59,mal--slice_management--ring--n8--slice_takeover--r1,0,0.14518704,0.6800000000000002,0,0
slice_management,59,mal--slice_management--ring--n8--slice_takeover--r1,1,0.79628116,0.6800000000000002,1,1
slice_management,59,mal--slice_management--ring--n8--slice_takeover--r6,1,0.99052036,0.6800000000000002,1,1
slice_management,59,mal--slice_management--ring--n8--slice_takeover--r6,0,0.053235833,0.6800000000000002,0,0
slice_management,59,mal--slice_management--ring--n8--slice_takeover--r6,1,0.9889783,0.6800000000000002,1,1
slice_management,59,mal--slice_management--ring--n8--slice_takeover--r6,0,0.06533544,0.6800000000000002,0,0
slice_management,59,mal--slice_management--ring--n8--slice_takeover--r6,0,0.0022084108,0.6800000000000002,0,0
slice_management,59,mal--slice_management--star--n10--control_plane_worm--r4,1,0.90390354,0.6800000000000002,1,1
slice_management,59,mal--slice_management--star--n10--control_plane_worm--r4,0,0.038783215,0.6800000000000002,0,0
slice_management,59,mal--slice_management--star--n10--recovery_poisoning--r1,1,0.66705143,0.6800000000000002,0,1
slice_management,59,mal--slice_management--star--n10--recovery_poisoning--r1,0,0.039032917,0.6800000000000002,0,0
slice_management,59,mal--slice_management--star--n10--recovery_poisoning--r3,1,0.87183285,0.6800000000000002,1,1
slice_management,59,mal--slice_management--star--n10--recovery_poisoning--r3,0,0.022069827,0.6800000000000002,0,0
slice_management,59,mal--slice_management--star--n15--guard_suppression--r2,1,0.61502177,0.6800000000000002,0,1
slice_management,59,mal--slice_management--star--n15--guard_suppression--r2,0,0.19431542,0.6800000000000002,0,0
slice_management,59,mal--slice_management--star--n15--recovery_poisoning--r2,1,0.7204759,0.6800000000000002,1,1
slice_management,59,mal--slice_management--star--n15--recovery_poisoning--r2,0,0.008799149,0.6800000000000002,0,0
slice_management,59,mal--slice_management--star--n15--slice_takeover--r1,1,0.4396023,0.6800000000000002,0,0
slice_management,59,mal--slice_management--star--n15--slice_takeover--r1,0,0.043340072,0.6800000000000002,0,0
slice_management,59,mal--slice_management--star--n15--slice_takeover--r4,1,0.74469966,0.6800000000000002,1,1
slice_management,59,mal--slice_management--star--n15--slice_takeover--r4,0,0.1136878,0.6800000000000002,0,0
slice_management,59,mal--slice_management--star--n20--exfiltration_propagation--r1,1,0.7831217,0.6800000000000002,1,1
slice_management,59,mal--slice_management--star--n20--exfiltration_propagation--r1,0,0.04717584,0.6800000000000002,0,0
slice_management,59,mal--slice_management--star--n20--exfiltration_propagation--r5,1,0.9802279,0.6800000000000002,1,1
slice_management,59,mal--slice_management--star--n20--exfiltration_propagation--r5,0,0.06859288,0.6800000000000002,0,0
slice_management,59,mal--slice_management--star--n20--recovery_poisoning--r2,1,0.9944607,0.6800000000000002,1,1
slice_management,59,mal--slice_management--star--n20--recovery_poisoning--r2,0,0.18675122,0.6800000000000002,0,0
slice_management,59,mal--slice_management--star--n4--control_plane_worm--r1,0,0.8386981,0.6800000000000002,1,1
slice_management,59,mal--slice_management--star--n4--control_plane_worm--r1,0,0.06751204,0.6800000000000002,0,0
slice_management,59,mal--slice_management--star--n4--control_plane_worm--r6,0,0.87707204,0.6800000000000002,1,1
slice_management,59,mal--slice_management--star--n4--exfiltration_propagation--r4,1,0.9608193,0.6800000000000002,1,1
slice_management,59,mal--slice_management--star--n4--exfiltration_propagation--r4,0,0.0034547774,0.6800000000000002,0,0
slice_management,59,mal--slice_management--star--n8--exfiltration_propagation--r2,1,0.9905592,0.6800000000000002,1,1
slice_management,59,mal--slice_management--star--n8--exfiltration_propagation--r2,0,0.84006673,0.6800000000000002,1,1
slice_management,59,mal--slice_management--star--n8--guard_suppression--r2,1,0.8012893,0.6800000000000002,1,1
slice_management,59,mal--slice_management--star--n8--guard_suppression--r2,0,0.33284125,0.6800000000000002,0,0
slice_management,59,mal--slice_management--star--n8--slice_takeover--r6,1,0.98545766,0.6800000000000002,1,1
slice_management,59,mal--slice_management--star--n8--slice_takeover--r6,0,0.42243817,0.6800000000000002,0,0
assurance_triage,7,benign--assurance_triage--chain--n10--containment_drill--r4,0,0.0054335203,0.5500000000000002,0,0
assurance_triage,7,benign--assurance_triage--chain--n10--maintenance_notice--r2,0,0.0026713377,0.5500000000000002,0,0
assurance_triage,7,benign--assurance_triage--chain--n10--maintenance_notice--r2,0,0.0035429392,0.5500000000000002,0,0
assurance_triage,7,benign--assurance_triage--chain--n10--maintenance_notice--r2,0,0.007908186,0.5500000000000002,0,0
assurance_triage,7,benign--assurance_triage--chain--n10--maintenance_notice--r2,0,0.006694388,0.5500000000000002,0,0
assurance_triage,7,benign--assurance_triage--chain--n10--maintenance_notice--r2,0,0.003540257,0.5500000000000002,0,0
assurance_triage,7,benign--assurance_triage--chain--n10--routine_update--r1,0,0.06228299,0.5500000000000002,0,0
assurance_triage,7,benign--assurance_triage--chain--n10--routine_update--r1,0,0.095738016,0.5500000000000002,0,0
assurance_triage,7,benign--assurance_triage--chain--n15--containment_drill--r2,0,0.0011042851,0.5500000000000002,0,0
assurance_triage,7,benign--assurance_triage--chain--n15--maintenance_notice--r4,0,0.00095550844,0.5500000000000002,0,0
assurance_triage,7,benign--assurance_triage--chain--n20--quoted_attack_review--r3,0,0.002447033,0.5500000000000002,0,0
assurance_triage,7,benign--assurance_triage--chain--n20--quoted_attack_review--r3,0,0.0036496748,0.5500000000000002,0,0
assurance_triage,7,benign--assurance_triage--chain--n20--quoted_attack_review--r3,0,0.0021036991,0.5500000000000002,0,0
assurance_triage,7,benign--assurance_triage--chain--n20--quoted_attack_review--r3,0,0.0082159275,0.5500000000000002,0,0
assurance_triage,7,benign--assurance_triage--chain--n20--routine_update--r1,0,0.005795242,0.5500000000000002,0,0
assurance_triage,7,benign--assurance_triage--chain--n4--maintenance_notice--r6,0,0.0031465327,0.5500000000000002,0,0
assurance_triage,7,benign--assurance_triage--chain--n4--quoted_attack_review--r3,0,0.0068083727,0.5500000000000002,0,0
assurance_triage,7,benign--assurance_triage--chain--n4--quoted_attack_review--r3,0,0.005790285,0.5500000000000002,0,0
assurance_triage,7,benign--assurance_triage--chain--n4--quoted_attack_review--r3,0,0.0011064247,0.5500000000000002,0,0
assurance_triage,7,benign--assurance_triage--chain--n4--routine_update--r1,0,0.009254984,0.5500000000000002,0,0
assurance_triage,7,benign--assurance_triage--chain--n4--routine_update--r1,0,0.168183,0.5500000000000002,0,0
assurance_triage,7,benign--assurance_triage--chain--n8--containment_drill--r2,0,0.0011066931,0.5500000000000002,0,0
assurance_triage,7,benign--assurance_triage--chain--n8--maintenance_notice--r4,0,0.0018376347,0.5500000000000002,0,0
assurance_triage,7,benign--assurance_triage--chain--n8--maintenance_notice--r4,0,0.007006462,0.5500000000000002,0,0
assurance_triage,7,benign--assurance_triage--chain--n8--maintenance_notice--r4,0,0.0008605373,0.5500000000000002,0,0
assurance_triage,7,benign--assurance_triage--chain--n8--routine_update--r3,0,0.0021691457,0.5500000000000002,0,0
assurance_triage,7,benign--assurance_triage--mesh_lite--n10--containment_drill--r6,0,0.0023629195,0.5500000000000002,0,0
assurance_triage,7,benign--assurance_triage--mesh_lite--n10--containment_drill--r6,0,0.0025700221,0.5500000000000002,0,0
assurance_triage,7,benign--assurance_triage--mesh_lite--n10--containment_drill--r6,0,0.0021088868,0.5500000000000002,0,0
assurance_triage,7,benign--assurance_triage--mesh_lite--n10--maintenance_notice--r4,0,0.0037940843,0.5500000000000002,0,0
assurance_triage,7,benign--assurance_triage--mesh_lite--n15--containment_drill--r4,0,0.008425553,0.5500000000000002,0,0
assurance_triage,7,benign--assurance_triage--mesh_lite--n15--containment_drill--r4,0,0.016749846,0.5500000000000002,0,0
assurance_triage,7,benign--assurance_triage--mesh_lite--n15--containment_drill--r4,0,0.0057356283,0.5500000000000002,0,0
assurance_triage,7,benign--assurance_triage--mesh_lite--n15--containment_drill--r4,0,0.0034093263,0.5500000000000002,0,0
assurance_triage,7,benign--assurance_triage--mesh_lite--n15--containment_drill--r4,0,0.002205686,0.5500000000000002,0,0
assurance_triage,7,benign--assurance_triage--mesh_lite--n15--maintenance_notice--r2,0,0.0024279396,0.5500000000000002,0,0
assurance_triage,7,benign--assurance_triage--mesh_lite--n15--maintenance_notice--r2,0,0.09091596,0.5500000000000002,0,0
assurance_triage,7,benign--assurance_triage--mesh_lite--n15--maintenance_notice--r2,0,0.29990023,0.5500000000000002,0,0
assurance_triage,7,benign--assurance_triage--mesh_lite--n15--maintenance_notice--r2,0,0.49392635,0.5500000000000002,0,0
assurance_triage,7,benign--assurance_triage--mesh_lite--n15--maintenance_notice--r2,0,0.053849816,0.5500000000000002,0,0
assurance_triage,7,benign--assurance_triage--mesh_lite--n15--maintenance_notice--r2,0,0.047128025,0.5500000000000002,0,0
assurance_triage,7,benign--assurance_triage--mesh_lite--n15--routine_update--r5,0,0.0023388357,0.5500000000000002,0,0
assurance_triage,7,benign--assurance_triage--mesh_lite--n15--routine_update--r5,0,0.113643885,0.5500000000000002,0,0
assurance_triage,7,benign--assurance_triage--mesh_lite--n15--routine_update--r5,0,0.0008026961,0.5500000000000002,0,0
assurance_triage,7,benign--assurance_triage--mesh_lite--n15--routine_update--r5,0,0.0059166783,0.5500000000000002,0,0
assurance_triage,7,benign--assurance_triage--mesh_lite--n15--routine_update--r5,0,0.013050766,0.5500000000000002,0,0
assurance_triage,7,benign--assurance_triage--mesh_lite--n15--routine_update--r5,0,0.014847403,0.5500000000000002,0,0
assurance_triage,7,benign--assurance_triage--mesh_lite--n20--containment_drill--r6,0,0.002226608,0.5500000000000002,0,0
assurance_triage,7,benign--assurance_triage--mesh_lite--n20--containment_drill--r6,0,0.0016266211,0.5500000000000002,0,0
assurance_triage,7,benign--assurance_triage--mesh_lite--n20--quoted_attack_review--r5,0,0.0013440376,0.5500000000000002,0,0
assurance_triage,7,benign--assurance_triage--mesh_lite--n20--quoted_attack_review--r5,0,0.009100315,0.5500000000000002,0,0
assurance_triage,7,benign--assurance_triage--mesh_lite--n20--quoted_attack_review--r5,0,0.0028707108,0.5500000000000002,0,0
assurance_triage,7,benign--assurance_triage--mesh_lite--n20--quoted_attack_review--r5,0,0.012630621,0.5500000000000002,0,0
assurance_triage,7,benign--assurance_triage--mesh_lite--n20--routine_update--r3,0,0.004133458,0.5500000000000002,0,0
assurance_triage,7,benign--assurance_triage--mesh_lite--n4--containment_drill--r2,0,0.0011457835,0.5500000000000002,0,0
assurance_triage,7,benign--assurance_triage--mesh_lite--n4--containment_drill--r6,0,0.00085782626,0.5500000000000002,0,0
assurance_triage,7,benign--assurance_triage--mesh_lite--n4--routine_update--r3,0,0.0043629725,0.5500000000000002,0,0
assurance_triage,7,benign--assurance_triage--mesh_lite--n8--containment_drill--r4,0,0.0005787158,0.5500000000000002,0,0
assurance_triage,7,benign--assurance_triage--mesh_lite--n8--maintenance_notice--r2,0,0.0021961075,0.5500000000000002,0,0
assurance_triage,7,benign--assurance_triage--mesh_lite--n8--routine_update--r1,0,0.012833326,0.5500000000000002,0,0
assurance_triage,7,benign--assurance_triage--mesh_lite--n8--routine_update--r1,0,0.30140546,0.5500000000000002,0,0
assurance_triage,7,benign--assurance_triage--mesh_lite--n8--routine_update--r1,0,0.16372761,0.5500000000000002,0,0
assurance_triage,7,benign--assurance_triage--mesh_lite--n8--routine_update--r1,0,0.0029008025,0.5500000000000002,0,0
assurance_triage,7,benign--assurance_triage--mesh_lite--n8--routine_update--r1,0,0.0039161867,0.5500000000000002,0,0
assurance_triage,7,benign--assurance_triage--random_min_degree--n10--maintenance_notice--r6,0,0.0010097149,0.5500000000000002,0,0
assurance_triage,7,benign--assurance_triage--random_min_degree--n10--maintenance_notice--r6,0,0.0026840102,0.5500000000000002,0,0
assurance_triage,7,benign--assurance_triage--random_min_degree--n10--maintenance_notice--r6,0,0.001926797,0.5500000000000002,0,0
assurance_triage,7,benign--assurance_triage--random_min_degree--n10--quoted_attack_review--r3,0,0.0030936482,0.5500000000000002,0,0
assurance_triage,7,benign--assurance_triage--random_min_degree--n10--quoted_attack_review--r3,0,0.05716955,0.5500000000000002,0,0
assurance_triage,7,benign--assurance_triage--random_min_degree--n10--quoted_attack_review--r3,0,0.001553693,0.5500000000000002,0,0
assurance_triage,7,benign--assurance_triage--random_min_degree--n10--routine_update--r1,0,0.0015530776,0.5500000000000002,0,0
assurance_triage,7,benign--assurance_triage--random_min_degree--n15--containment_drill--r2,0,0.0014498616,0.5500000000000002,0,0
assurance_triage,7,benign--assurance_triage--random_min_degree--n15--maintenance_notice--r4,0,0.0067825625,0.5500000000000002,0,0
assurance_triage,7,benign--assurance_triage--random_min_degree--n15--maintenance_notice--r4,0,0.039731573,0.5500000000000002,0,0
assurance_triage,7,benign--assurance_triage--random_min_degree--n15--maintenance_notice--r4,0,0.011509321,0.5500000000000002,0,0
assurance_triage,7,benign--assurance_triage--random_min_degree--n15--maintenance_notice--r4,0,0.0047948193,0.5500000000000002,0,0
assurance_triage,7,benign--assurance_triage--random_min_degree--n15--maintenance_notice--r4,0,0.0019467144,0.5500000000000002,0,0
assurance_triage,7,benign--assurance_triage--random_min_degree--n15--quoted_attack_review--r1,0,0.0009507495,0.5500000000000002,0,0
assurance_triage,7,benign--assurance_triage--random_min_degree--n15--routine_update--r3,0,0.0069994093,0.5500000000000002,0,0
assurance_triage,7,benign--assurance_triage--random_min_degree--n15--routine_update--r3,0,0.0036463612,0.5500000000000002,0,0
assurance_triage,7,benign--assurance_triage--random_min_degree--n15--routine_update--r3,0,0.0068218024,0.5500000000000002,0,0
assurance_triage,7,benign--assurance_triage--random_min_degree--n20--containment_drill--r4,0,0.0027993678,0.5500000000000002,0,0
assurance_triage,7,benign--assurance_triage--random_min_degree--n20--maintenance_notice--r2,0,0.0009263588,0.5500000000000002,0,0
assurance_triage,7,benign--assurance_triage--random_min_degree--n20--maintenance_notice--r6,0,0.0009958924,0.5500000000000002,0,0
assurance_triage,7,benign--assurance_triage--random_min_degree--n20--maintenance_notice--r6,0,0.002509874,0.5500000000000002,0,0
assurance_triage,7,benign--assurance_triage--random_min_degree--n20--maintenance_notice--r6,0,0.0011635072,0.5500000000000002,0,0
assurance_triage,7,benign--assurance_triage--random_min_degree--n20--routine_update--r1,0,0.003233986,0.5500000000000002,0,0
assurance_triage,7,benign--assurance_triage--random_min_degree--n4--maintenance_notice--r2,0,0.00096030807,0.5500000000000002,0,0
assurance_triage,7,benign--assurance_triage--random_min_degree--n4--maintenance_notice--r6,0,0.0042298175,0.5500000000000002,0,0
assurance_triage,7,benign--assurance_triage--random_min_degree--n4--maintenance_notice--r6,0,0.010344249,0.5500000000000002,0,0
assurance_triage,7,benign--assurance_triage--random_min_degree--n4--quoted_attack_review--r3,0,0.0039011121,0.5500000000000002,0,0
assurance_triage,7,benign--assurance_triage--random_min_degree--n4--quoted_attack_review--r3,0,0.0026156637,0.5500000000000002,0,0
assurance_triage,7,benign--assurance_triage--random_min_degree--n4--quoted_attack_review--r3,0,0.04788862,0.5500000000000002,0,0
assurance_triage,7,benign--assurance_triage--random_min_degree--n4--quoted_attack_review--r3,0,0.004692712,0.5500000000000002,0,0
assurance_triage,7,benign--assurance_triage--random_min_degree--n4--quoted_attack_review--r3,0,0.0015602732,0.5500000000000002,0,0
assurance_triage,7,benign--assurance_triage--random_min_degree--n4--quoted_attack_review--r3,0,0.0031507292,0.5500000000000002,0,0
assurance_triage,7,benign--assurance_triage--random_min_degree--n4--routine_update--r1,0,0.0014628599,0.5500000000000002,0,0
assurance_triage,7,benign--assurance_triage--random_min_degree--n4--routine_update--r5,0,0.0043226024,0.5500000000000002,0,0
assurance_triage,7,benign--assurance_triage--random_min_degree--n8--containment_drill--r6,0,0.0015195003,0.5500000000000002,0,0
assurance_triage,7,benign--assurance_triage--random_min_degree--n8--routine_update--r3,0,0.0034846792,0.5500000000000002,0,0
assurance_triage,7,benign--assurance_triage--random_min_degree--n8--routine_update--r3,0,0.003083698,0.5500000000000002,0,0
assurance_triage,7,benign--assurance_triage--ring--n10--containment_drill--r4,0,0.008582081,0.5500000000000002,0,0
assurance_triage,7,benign--assurance_triage--ring--n10--containment_drill--r4,0,0.010578296,0.5500000000000002,0,0
assurance_triage,7,benign--assurance_triage--ring--n10--containment_drill--r4,0,0.0430977,0.5500000000000002,0,0
assurance_triage,7,benign--assurance_triage--ring--n10--containment_drill--r4,0,0.0032211398,0.5500000000000002,0,0
assurance_triage,7,benign--assurance_triage--ring--n10--containment_drill--r4,0,0.0034399882,0.5500000000000002,0,0
assurance_triage,7,benign--assurance_triage--ring--n10--containment_drill--r4,0,0.0028234462,0.5500000000000002,0,0
assurance_triage,7,benign--assurance_triage--ring--n10--routine_update--r1,0,0.002380589,0.5500000000000002,0,0
assurance_triage,7,benign--assurance_triage--ring--n10--routine_update--r5,0,0.0048769726,0.5500000000000002,0,0
assurance_triage,7,benign--assurance_triage--ring--n10--routine_update--r5,0,0.016079297,0.5500000000000002,0,0
assurance_triage,7,benign--assurance_triage--ring--n15--containment_drill--r2,0,0.0013397703,0.5500000000000002,0,0
assurance_triage,7,benign--assurance_triage--ring--n15--maintenance_notice--r4,0,0.0018887357,0.5500000000000002,0,0
assurance_triage,7,benign--assurance_triage--ring--n15--routine_update--r3,0,0.002247553,0.5500000000000002,0,0
assurance_triage,7,benign--assurance_triage--ring--n20--containment_drill--r4,0,0.0053456384,0.5500000000000002,0,0
assurance_triage,7,benign--assurance_triage--ring--n20--containment_drill--r4,0,0.0031806417,0.5500000000000002,0,0
assurance_triage,7,benign--assurance_triage--ring--n20--containment_drill--r4,0,0.0070978496,0.5500000000000002,0,0
assurance_triage,7,benign--assurance_triage--ring--n20--maintenance_notice--r6,0,0.00096225296,0.5500000000000002,0,0
assurance_triage,7,benign--assurance_triage--ring--n20--maintenance_notice--r6,0,0.002933621,0.5500000000000002,0,0
assurance_triage,7,benign--assurance_triage--ring--n20--maintenance_notice--r6,0,0.0015851393,0.5500000000000002,0,0
assurance_triage,7,benign--assurance_triage--ring--n20--quoted_attack_review--r3,0,0.0030994066,0.5500000000000002,0,0
assurance_triage,7,benign--assurance_triage--ring--n20--quoted_attack_review--r3,0,0.0040921527,0.5500000000000002,0,0
assurance_triage,7,benign--assurance_triage--ring--n20--quoted_attack_review--r3,0,0.008305993,0.5500000000000002,0,0
assurance_triage,7,benign--assurance_triage--ring--n20--routine_update--r1,0,0.0044889986,0.5500000000000002,0,0
assurance_triage,7,benign--assurance_triage--ring--n20--routine_update--r1,0,0.003506361,0.5500000000000002,0,0
assurance_triage,7,benign--assurance_triage--ring--n20--routine_update--r1,0,0.06553096,0.5500000000000002,0,0
assurance_triage,7,benign--assurance_triage--ring--n20--routine_update--r1,0,0.002558852,0.5500000000000002,0,0
assurance_triage,7,benign--assurance_triage--ring--n20--routine_update--r5,0,0.001779444,0.5500000000000002,0,0
assurance_triage,7,benign--assurance_triage--ring--n20--routine_update--r5,0,0.0022893536,0.5500000000000002,0,0
assurance_triage,7,benign--assurance_triage--ring--n20--routine_update--r5,0,0.001351041,0.5500000000000002,0,0
assurance_triage,7,benign--assurance_triage--ring--n4--quoted_attack_review--r3,0,0.026916739,0.5500000000000002,0,0
assurance_triage,7,benign--assurance_triage--ring--n4--quoted_attack_review--r3,0,0.0043281657,0.5500000000000002,0,0
assurance_triage,7,benign--assurance_triage--ring--n4--routine_update--r1,0,0.0019029431,0.5500000000000002,0,0
assurance_triage,7,benign--assurance_triage--ring--n4--routine_update--r5,0,0.0016753536,0.5500000000000002,0,0
assurance_triage,7,benign--assurance_triage--ring--n8--containment_drill--r2,0,0.0007001237,0.5500000000000002,0,0
assurance_triage,7,benign--assurance_triage--ring--n8--containment_drill--r6,0,0.003603596,0.5500000000000002,0,0
assurance_triage,7,benign--assurance_triage--ring--n8--containment_drill--r6,0,0.0073325285,0.5500000000000002,0,0
assurance_triage,7,benign--assurance_triage--ring--n8--containment_drill--r6,0,0.0055321893,0.5500000000000002,0,0
assurance_triage,7,benign--assurance_triage--ring--n8--quoted_attack_review--r5,0,0.0029518744,0.5500000000000002,0,0
assurance_triage,7,benign--assurance_triage--ring--n8--quoted_attack_review--r5,0,0.003125459,0.5500000000000002,0,0
assurance_triage,7,benign--assurance_triage--ring--n8--quoted_attack_review--r5,0,0.011408456,0.5500000000000002,0,0
assurance_triage,7,benign--assurance_triage--ring--n8--quoted_attack_review--r5,0,0.01530805,0.5500000000000002,0,0
assurance_triage,7,benign--assurance_triage--ring--n8--quoted_attack_review--r5,0,0.011572093,0.5500000000000002,0,0
assurance_triage,7,benign--assurance_triage--ring--n8--routine_update--r3,0,0.0015955757,0.5500000000000002,0,0
assurance_triage,7,benign--assurance_triage--star--n10--containment_drill--r2,0,0.001733367,0.5500000000000002,0,0
assurance_triage,7,benign--assurance_triage--star--n10--containment_drill--r2,0,0.0011342284,0.5500000000000002,0,0
assurance_triage,7,benign--assurance_triage--star--n10--quoted_attack_review--r1,0,0.0025683064,0.5500000000000002,0,0
assurance_triage,7,benign--assurance_triage--star--n10--quoted_attack_review--r5,0,0.0012636725,0.5500000000000002,0,0
assurance_triage,7,benign--assurance_triage--star--n10--routine_update--r3,0,0.0036164585,0.5500000000000002,0,0
assurance_triage,7,benign--assurance_triage--star--n15--maintenance_notice--r6,0,0.0014857939,0.5500000000000002,0,0
assurance_triage,7,benign--assurance_triage--star--n15--maintenance_notice--r6,0,0.0014767704,0.5500000000000002,0,0
assurance_triage,7,benign--assurance_triage--star--n15--routine_update--r1,0,0.035411984,0.5500000000000002,0,0
assurance_triage,7,benign--assurance_triage--star--n15--routine_update--r5,0,0.0011871628,0.5500000000000002,0,0
assurance_triage,7,benign--assurance_triage--star--n15--routine_update--r5,0,0.0015344986,0.5500000000000002,0,0
assurance_triage,7,benign--assurance_triage--star--n20--containment_drill--r2,0,0.0050930004,0.5500000000000002,0,0
assurance_triage,7,benign--assurance_triage--star--n20--containment_drill--r2,0,0.0036639925,0.5500000000000002,0,0
assurance_triage,7,benign--assurance_triage--star--n20--containment_drill--r2,0,0.0010946342,0.5500000000000002,0,0
assurance_triage,7,benign--assurance_triage--star--n20--containment_drill--r6,0,0.002344679,0.5500000000000002,0,0
assurance_triage,7,benign--assurance_triage--star--n20--containment_drill--r6,0,0.0031195916,0.5500000000000002,0,0
assurance_triage,7,benign--assurance_triage--star--n20--maintenance_notice--r4,0,0.002009181,0.5500000000000002,0,0
assurance_triage,7,benign--assurance_triage--star--n20--maintenance_notice--r4,0,0.0019584135,0.5500000000000002,0,0
assurance_triage,7,benign--assurance_triage--star--n20--quoted_attack_review--r5,0,0.00079504936,0.5500000000000002,0,0
assurance_triage,7,benign--assurance_triage--star--n20--routine_update--r3,0,0.0020088875,0.5500000000000002,0,0
assurance_triage,7,benign--assurance_triage--star--n20--routine_update--r3,0,0.0017051769,0.5500000000000002,0,0
assurance_triage,7,benign--assurance_triage--star--n4--containment_drill--r6,0,0.0011056593,0.5500000000000002,0,0
assurance_triage,7,benign--assurance_triage--star--n8--containment_drill--r4,0,0.0012082447,0.5500000000000002,0,0
assurance_triage,7,benign--assurance_triage--star--n8--maintenance_notice--r2,0,0.0015110631,0.5500000000000002,0,0
assurance_triage,7,benign--assurance_triage--star--n8--maintenance_notice--r6,0,0.0011261662,0.5500000000000002,0,0
assurance_triage,7,benign--assurance_triage--star--n8--maintenance_notice--r6,0,0.0026491876,0.5500000000000002,0,0
assurance_triage,7,benign--assurance_triage--star--n8--quoted_attack_review--r3,0,0.0017195375,0.5500000000000002,0,0
assurance_triage,7,benign--assurance_triage--star--n8--routine_update--r1,0,0.00504227,0.5500000000000002,0,0
assurance_triage,7,benign--assurance_triage--star--n8--routine_update--r1,0,0.010779202,0.5500000000000002,0,0
assurance_triage,7,benign--assurance_triage--star--n8--routine_update--r5,0,0.012590823,0.5500000000000002,0,0
assurance_triage,7,benign--assurance_triage--star--n8--routine_update--r5,0,0.15255585,0.5500000000000002,0,0
assurance_triage,7,mal--assurance_triage--chain--n10--control_plane_worm--r4,1,0.29879555,0.5500000000000002,0,0
assurance_triage,7,mal--assurance_triage--chain--n10--control_plane_worm--r4,1,0.009080024,0.5500000000000002,0,0
assurance_triage,7,mal--assurance_triage--chain--n10--control_plane_worm--r4,0,0.0027902073,0.5500000000000002,0,0
assurance_triage,7,mal--assurance_triage--chain--n10--exfiltration_propagation--r2,0,0.2437597,0.5500000000000002,0,0
assurance_triage,7,mal--assurance_triage--chain--n10--recovery_poisoning--r1,1,0.48128346,0.5500000000000002,0,0
assurance_triage,7,mal--assurance_triage--chain--n10--recovery_poisoning--r1,0,0.558587,0.5500000000000002,1,1
assurance_triage,7,mal--assurance_triage--chain--n10--recovery_poisoning--r1,0,0.023964785,0.5500000000000002,0,0
assurance_triage,7,mal--assurance_triage--chain--n15--exfiltration_propagation--r1,1,0.9546111,0.5500000000000002,1,1
assurance_triage,7,mal--assurance_triage--chain--n15--exfiltration_propagation--r1,1,0.7305756,0.5500000000000002,1,1
assurance_triage,7,mal--assurance_triage--chain--n15--exfiltration_propagation--r1,0,0.07017157,0.5500000000000002,0,0
assurance_triage,7,mal--assurance_triage--chain--n15--exfiltration_propagation--r1,0,0.008425417,0.5500000000000002,0,0
assurance_triage,7,mal--assurance_triage--chain--n15--guard_suppression--r2,1,0.9644843,0.5500000000000002,1,1
assurance_triage,7,mal--assurance_triage--chain--n15--guard_suppression--r2,1,0.88653624,0.5500000000000002,1,1
assurance_triage,7,mal--assurance_triage--chain--n15--guard_suppression--r2,1,0.8445964,0.5500000000000002,1,1
assurance_triage,7,mal--assurance_triage--chain--n15--guard_suppression--r2,1,0.8508917,0.5500000000000002,1,1
assurance_triage,7,mal--assurance_triage--chain--n15--guard_suppression--r2,0,0.0077090957,0.5500000000000002,0,0
assurance_triage,7,mal--assurance_triage--chain--n15--guard_suppression--r5,1,0.12765223,0.5500000000000002,0,0
assurance_triage,7,mal--assurance_triage--chain--n15--guard_suppression--r5,0,0.0022518826,0.5500000000000002,0,0
assurance_triage,7,mal--assurance_triage--chain--n15--guard_suppression--r5,0,0.030344618,0.5500000000000002,0,0
assurance_triage,7,mal--assurance_triage--chain--n15--slice_takeover--r1,1,0.8994327,0.5500000000000002,1,1
assurance_triage,7,mal--assurance_triage--chain--n15--slice_takeover--r1,1,0.9772953,0.5500000000000002,1,1
assurance_triage,7,mal--assurance_triage--chain--n15--slice_takeover--r1,1,0.16002364,0.5500000000000002,0,0
assurance_triage,7,mal--assurance_triage--chain--n15--slice_takeover--r1,0,0.012148806,0.5500000000000002,0,0
assurance_triage,7,mal--assurance_triage--chain--n15--slice_takeover--r4,1,0.9266084,0.5500000000000002,1,1
assurance_triage,7,mal--assurance_triage--chain--n15--slice_takeover--r4,1,0.71034044,0.5500000000000002,1,1
assurance_triage,7,mal--assurance_triage--chain--n15--slice_takeover--r4,1,0.6737886,0.5500000000000002,1,1
assurance_triage,7,mal--assurance_triage--chain--n20--control_plane_worm--r2,1,0.79822236,0.5500000000000002,1,1
assurance_triage,7,mal--assurance_triage--chain--n20--control_plane_worm--r2,0,0.003693478,0.5500000000000002,0,0
assurance_triage,7,mal--assurance_triage--chain--n20--exfiltration_propagation--r1,1,0.9546111,0.5500000000000002,1,1
assurance_triage,7,mal--assurance_triage--chain--n20--exfiltration_propagation--r1,1,0.9704753,0.5500000000000002,1,1
assurance_triage,7,mal--assurance_triage--chain--n20--exfiltration_propagation--r1,0,0.39110652,0.5500000000000002,0,0
assurance_triage,7,mal--assurance_triage--chain--n20--exfiltration_propagation--r1,0,0.030356867,0.5500000000000002,0,0
assurance_triage,7,mal--assurance_triage--chain--n20--guard_suppression--r4,1,0.9801373,0.5500000000000002,1,1
assurance_triage,7,mal--assurance_triage--chain--n20--recovery_poisoning--r6,1,0.557251,0.5500000000000002,1,1
assurance_triage,7,mal--assurance_triage--chain--n20--recovery_poisoning--r6,0,0.010921492,0.5500000000000002,0,0
assurance_triage,7,mal--assurance_triage--chain--n20--recovery_poisoning--r6,1,0.09370272,0.5500000000000002,0,0
assurance_triage,7,mal--assurance_triage--chain--n20--slice_takeover--r3,1,0.9608966,0.5500000000000002,1,1
assurance_triage,7,mal--assurance_triage--chain--n20--slice_takeover--r3,1,0.9848562,0.5500000000000002,1,1
assurance_triage,7,mal--assurance_triage--chain--n20--slice_takeover--r3,1,0.92864764,0.5500000000000002,1,1
assurance_triage,7,mal--assurance_triage--chain--n20--slice_takeover--r3,1,0.93546724,0.5500000000000002,1,1
assurance_triage,7,mal--assurance_triage--chain--n20--slice_takeover--r3,1,0.86656284,0.5500000000000002,1,1
assurance_triage,7,mal--assurance_triage--chain--n4--control_plane_worm--r1,1,0.13635378,0.5500000000000002,0,0
assurance_triage,7,mal--assurance_triage--chain--n4--slice_takeover--r2,1,0.64025325,0.5500000000000002,1,1
assurance_triage,7,mal--assurance_triage--chain--n4--slice_takeover--r2,0,0.22302523,0.5500000000000002,0,0
assurance_triage,7,mal--assurance_triage--chain--n8--control_plane_worm--r5,1,0.9088427,0.5500000000000002,1,1
assurance_triage,7,mal--assurance_triage--chain--n8--control_plane_worm--r5,0,0.004384226,0.5500000000000002,0,0
assurance_triage,7,mal--assurance_triage--chain--n8--exfiltration_propagation--r2,1,0.92058194,0.5500000000000002,1,1
assurance_triage,7,mal--assurance_triage--chain--n8--exfiltration_propagation--r2,0,0.010303164,0.5500000000000002,0,0
assurance_triage,7,mal--assurance_triage--chain--n8--exfiltration_propagation--r2,0,0.578546,0.5500000000000002,1,1
assurance_triage,7,mal--assurance_triage--chain--n8--guard_suppression--r1,1,0.83128726,0.5500000000000002,1,1
assurance_triage,7,mal--assurance_triage--chain--n8--guard_suppression--r1,1,0.91915303,0.5500000000000002,1,1
assurance_triage,7,mal--assurance_triage--chain--n8--guard_suppression--r1,0,0.030820716,0.5500000000000002,0,0
assurance_triage,7,mal--assurance_triage--chain--n8--guard_suppression--r1,0,0.011887042,0.5500000000000002,0,0
assurance_triage,7,mal--assurance_triage--chain--n8--guard_suppression--r1,0,0.0031970614,0.5500000000000002,0,0
assurance_triage,7,mal--assurance_triage--chain--n8--guard_suppression--r2,1,0.89100546,0.5500000000000002,1,1
assurance_triage,7,mal--assurance_triage--chain--n8--guard_suppression--r2,0,0.009270795,0.5500000000000002,0,0
assurance_triage,7,mal--assurance_triage--chain--n8--guard_suppression--r2,0,0.004317153,0.5500000000000002,0,0
assurance_triage,7,mal--assurance_triage--chain--n8--recovery_poisoning--r4,1,0.6006029,0.5500000000000002,1,1
assurance_triage,7,mal--assurance_triage--mesh_lite--n10--control_plane_worm--r2,1,0.52640533,0.5500000000000002,0,1
assurance_triage,7,mal--assurance_triage--mesh_lite--n10--control_plane_worm--r2,0,0.01628587,0.5500000000000002,0,0
assurance_triage,7,mal--assurance_triage--mesh_lite--n10--control_plane_worm--r2,0,0.030496407,0.5500000000000002,0,0
assurance_triage,7,mal--assurance_triage--mesh_lite--n10--control_plane_worm--r2,0,0.0059182798,0.5500000000000002,0,0
assurance_triage,7,mal--assurance_triage--mesh_lite--n10--control_plane_worm--r2,0,0.0682906,0.5500000000000002,0,0
assurance_triage,7,mal--assurance_triage--mesh_lite--n10--control_plane_worm--r2,0,0.049435664,0.5500000000000002,0,0
assurance_triage,7,mal--assurance_triage--mesh_lite--n10--control_plane_worm--r2,0,0.7820934,0.5500000000000002,1,1
assurance_triage,7,mal--assurance_triage--mesh_lite--n10--control_plane_worm--r2,0,0.003547995,0.5500000000000002,0,0
assurance_triage,7,mal--assurance_triage--mesh_lite--n10--control_plane_worm--r2,0,0.004131519,0.5500000000000002,0,0
assurance_triage,7,mal--assurance_triage--mesh_lite--n10--exfiltration_propagation--r2,1,0.85255927,0.5500000000000002,1,1
assurance_triage,7,mal--assurance_triage--mesh_lite--n10--exfiltration_propagation--r2,1,0.9890932,0.5500000000000002,1,1
assurance_triage,7,mal--assurance_triage--mesh_lite--n10--exfiltration_propagation--r2,1,0.95238286,0.5500000000000002,1,1
assurance_triage,7,mal--assurance_triage--mesh_lite--n10--exfiltration_propagation--r2,1,0.9230343,0.5500000000000002,1,1
assurance_triage,7,mal--assurance_triage--mesh_lite--n10--exfiltration_propagation--r2,0,0.010549573,0.5500000000000002,0,0
assurance_triage,7,mal--assurance_triage--mesh_lite--n10--exfiltration_propagation--r2,0,0.77517694,0.5500000000000002,1,1
assurance_triage,7,mal--assurance_triage--mesh_lite--n10--exfiltration_propagation--r2,0,0.071790494,0.5500000000000002,0,0
assurance_triage,7,mal--assurance_triage--mesh_lite--n15--exfiltration_propagation--r1,1,0.5356825,0.5500000000000002,0,1
assurance_triage,7,mal--assurance_triage--mesh_lite--n15--exfiltration_propagation--r1,0,0.003478166,0.5500000000000002,0,0
assurance_triage,7,mal--assurance_triage--mesh_lite--n15--recovery_poisoning--r2,1,0.9909643,0.5500000000000002,1,1
assurance_triage,7,mal--assurance_triage--mesh_lite--n15--recovery_poisoning--r2,0,0.21347642,0.5500000000000002,0,0
assurance_triage,7,mal--assurance_triage--mesh_lite--n15--recovery_poisoning--r2,0,0.0034465033,0.5500000000000002,0,0
assurance_triage,7,mal--assurance_triage--mesh_lite--n20--recovery_poisoning--r1,1,0.15068983,0.5500000000000002,0,0
assurance_triage,7,mal--assurance_triage--mesh_lite--n20--recovery_poisoning--r2,1,0.95599854,0.5500000000000002,1,1
assurance_triage,7,mal--assurance_triage--mesh_lite--n20--recovery_poisoning--r2,0,0.03811611,0.5500000000000002,0,0
assurance_triage,7,mal--assurance_triage--mesh_lite--n20--recovery_poisoning--r2,0,0.0026613087,0.5500000000000002,0,0
assurance_triage,7,mal--assurance_triage--mesh_lite--n20--recovery_poisoning--r2,1,0.9846,0.5500000000000002,1,1
assurance_triage,7,mal--assurance_triage--mesh_lite--n20--recovery_poisoning--r2,0,0.0027009798,0.5500000000000002,0,0
assurance_triage,7,mal--assurance_triage--mesh_lite--n20--recovery_poisoning--r2,1,0.882104,0.5500000000000002,1,1
assurance_triage,7,mal--assurance_triage--mesh_lite--n20--recovery_poisoning--r2,1,0.31631938,0.5500000000000002,0,0
assurance_triage,7,mal--assurance_triage--mesh_lite--n20--recovery_poisoning--r2,0,0.0012690562,0.5500000000000002,0,0
assurance_triage,7,mal--assurance_triage--mesh_lite--n20--recovery_poisoning--r2,0,0.10346335,0.5500000000000002,0,0
assurance_triage,7,mal--assurance_triage--mesh_lite--n20--slice_takeover--r3,1,0.98806375,0.5500000000000002,1,1
assurance_triage,7,mal--assurance_triage--mesh_lite--n20--slice_takeover--r3,0,0.007532234,0.5500000000000002,0,0
assurance_triage,7,mal--assurance_triage--mesh_lite--n20--slice_takeover--r3,0,0.11216797,0.5500000000000002,0,0
assurance_triage,7,mal--assurance_triage--mesh_lite--n4--guard_suppression--r3,1,0.9810699,0.5500000000000002,1,1
assurance_triage,7,mal--assurance_triage--mesh_lite--n4--guard_suppression--r3,0,0.01917736,0.5500000000000002,0,0
assurance_triage,7,mal--assurance_triage--mesh_lite--n4--guard_suppression--r3,1,0.9683525,0.5500000000000002,1,1
assurance_triage,7,mal--assurance_triage--mesh_lite--n4--guard_suppression--r3,0,0.8210939,0.5500000000000002,1,1
assurance_triage,7,mal--assurance_triage--mesh_lite--n8--slice_takeover--r6,1,0.55774003,0.5500000000000002,1,1
assurance_triage,7,mal--assurance_triage--mesh_lite--n8--slice_takeover--r6,1,0.0059949686,0.5500000000000002,0,0
assurance_triage,7,mal--assurance_triage--mesh_lite--n8--slice_takeover--r6,1,0.052420136,0.5500000000000002,0,0
assurance_triage,7,mal--assurance_triage--mesh_lite--n8--slice_takeover--r6,1,0.9738998,0.5500000000000002,1,1
assurance_triage,7,mal--assurance_triage--mesh_lite--n8--slice_takeover--r6,0,0.0021685038,0.5500000000000002,0,0
assurance_triage,7,mal--assurance_triage--mesh_lite--n8--slice_takeover--r6,0,0.007643899,0.5500000000000002,0,0
assurance_triage,7,mal--assurance_triage--mesh_lite--n8--slice_takeover--r6,0,0.0038579924,0.5500000000000002,0,0
assurance_triage,7,mal--assurance_triage--mesh_lite--n8--slice_takeover--r6,0,0.0045177676,0.5500000000000002,0,0
assurance_triage,7,mal--assurance_triage--mesh_lite--n8--slice_takeover--r6,0,0.07992645,0.5500000000000002,0,0
assurance_triage,7,mal--assurance_triage--random_min_degree--n10--control_plane_worm--r4,1,0.33461067,0.5500000000000002,0,0
assurance_triage,7,mal--assurance_triage--random_min_degree--n10--control_plane_worm--r4,0,0.01124454,0.5500000000000002,0,0
assurance_triage,7,mal--assurance_triage--random_min_degree--n10--control_plane_worm--r4,0,0.013760545,0.5500000000000002,0,0
assurance_triage,7,mal--assurance_triage--random_min_degree--n10--control_plane_worm--r4,1,0.08360444,0.5500000000000002,0,0
assurance_triage,7,mal--assurance_triage--random_min_degree--n10--control_plane_worm--r4,1,0.7633673,0.5500000000000002,1,1
assurance_triage,7,mal--assurance_triage--random_min_degree--n10--control_plane_worm--r4,1,0.20581432,0.5500000000000002,0,0
assurance_triage,7,mal--assurance_triage--random_min_degree--n10--exfiltration_propagation--r2,1,0.64309025,0.5500000000000002,1,1
assurance_triage,7,mal--assurance_triage--random_min_degree--n10--exfiltration_propagation--r2,1,0.9420357,0.5500000000000002,1,1
assurance_triage,7,mal--assurance_triage--random_min_degree--n10--exfiltration_propagation--r2,1,0.5763769,0.5500000000000002,1,1
assurance_triage,7,mal--assurance_triage--random_min_degree--n10--exfiltration_propagation--r2,1,0.90606314,0.5500000000000002,1,1
assurance_triage,7,mal--assurance_triage--random_min_degree--n10--guard_suppression--r1,1,0.6408019,0.5500000000000002,1,1
assurance_triage,7,mal--assurance_triage--random_min_degree--n15--exfiltration_propagation--r6,0,0.8728715,0.5500000000000002,1,1
assurance_triage,7,mal--assurance_triage--random_min_degree--n15--guard_suppression--r2,1,0.967844,0.5500000000000002,1,1
assurance_triage,7,mal--assurance_triage--random_min_degree--n15--guard_suppression--r2,1,0.7485159,0.5500000000000002,1,1
assurance_triage,7,mal--assurance_triage--random_min_degree--n15--guard_suppression--r2,1,0.24682139,0.5500000000000002,0,0
assurance_triage,7,mal--assurance_triage--random_min_degree--n15--guard_suppression--r2,0,0.06448519,0.5500000000000002,0,0
assurance_triage,7,mal--assurance_triage--random_min_degree--n15--guard_suppression--r5,1,0.82022005,0.5500000000000002,1,1
assurance_triage,7,mal--assurance_triage--random_min_degree--n15--guard_suppression--r5,1,0.8474843,0.5500000000000002,1,1
assurance_triage,7,mal--assurance_triage--random_min_degree--n15--guard_suppression--r5,0,0.0058755013,0.5500000000000002,0,0
assurance_triage,7,mal--assurance_triage--random_min_degree--n15--recovery_poisoning--r2,0,0.0063172975,0.5500000000000002,0,0
assurance_triage,7,mal--assurance_triage--random_min_degree--n15--recovery_poisoning--r2,1,0.31267428,0.5500000000000002,0,0
assurance_triage,7,mal--assurance_triage--random_min_degree--n15--recovery_poisoning--r2,1,0.520971,0.5500000000000002,0,1
assurance_triage,7,mal--assurance_triage--random_min_degree--n15--recovery_poisoning--r2,0,0.32913244,0.5500000000000002,0,0
assurance_triage,7,mal--assurance_triage--random_min_degree--n20--control_plane_worm--r2,1,0.43076512,0.5500000000000002,0,0
assurance_triage,7,mal--assurance_triage--random_min_degree--n20--control_plane_worm--r2,0,0.010109828,0.5500000000000002,0,0
assurance_triage,7,mal--assurance_triage--random_min_degree--n20--control_plane_worm--r2,1,0.012782418,0.5500000000000002,0,0
assurance_triage,7,mal--assurance_triage--random_min_degree--n20--guard_suppression--r4,1,0.9792788,0.5500000000000002,1,1
assurance_triage,7,mal--assurance_triage--random_min_degree--n20--guard_suppression--r4,0,0.009878246,0.5500000000000002,0,0
assurance_triage,7,mal--assurance_triage--random_min_degree--n20--guard_suppression--r4,0,0.008042555,0.5500000000000002,0,0
assurance_triage,7,mal--assurance_triage--random_min_degree--n20--guard_suppression--r4,0,0.0043556048,0.5500000000000002,0,0
assurance_triage,7,mal--assurance_triage--random_min_degree--n20--guard_suppression--r4,0,0.009537659,0.5500000000000002,0,0
assurance_triage,7,mal--assurance_triage--random_min_degree--n20--guard_suppression--r4,0,0.0044093323,0.5500000000000002,0,0
assurance_triage,7,mal--assurance_triage--random_min_degree--n20--recovery_poisoning--r6,1,0.9887937,0.5500000000000002,1,1
assurance_triage,7,mal--assurance_triage--random_min_degree--n20--recovery_poisoning--r6,1,0.9644781,0.5500000000000002,1,1
assurance_triage,7,mal--assurance_triage--random_min_degree--n20--recovery_poisoning--r6,0,0.054847192,0.5500000000000002,0,0
assurance_triage,7,mal--assurance_triage--random_min_degree--n4--guard_suppression--r3,1,0.95846236,0.5500000000000002,1,1
assurance_triage,7,mal--assurance_triage--random_min_degree--n4--guard_suppression--r3,0,0.03729101,0.5500000000000002,0,0
assurance_triage,7,mal--assurance_triage--random_min_degree--n4--guard_suppression--r3,0,0.037299585,0.5500000000000002,0,0
assurance_triage,7,mal--assurance_triage--random_min_degree--n4--guard_suppression--r3,0,0.0052901865,0.5500000000000002,0,0
assurance_triage,7,mal--assurance_triage--random_min_degree--n8--exfiltration_propagation--r2,1,0.5929247,0.5500000000000002,1,1
assurance_triage,7,mal--assurance_triage--random_min_degree--n8--exfiltration_propagation--r2,0,0.006560935,0.5500000000000002,0,0
assurance_triage,7,mal--assurance_triage--random_min_degree--n8--exfiltration_propagation--r2,0,0.023322312,0.5500000000000002,0,0
assurance_triage,7,mal--assurance_triage--random_min_degree--n8--exfiltration_propagation--r2,0,0.03442267,0.5500000000000002,0,0
assurance_triage,7,mal--assurance_triage--ring--n10--slice_takeover--r5,1,0.87581587,0.5500000000000002,1,1
assurance_triage,7,mal--assurance_triage--ring--n15--control_plane_worm--r3,0,0.022886753,0.5500000000000002,0,0
assurance_triage,7,mal--assurance_triage--ring--n15--control_plane_worm--r3,0,0.0039755595,0.5500000000000002,0,0
assurance_triage,7,mal--assurance_triage--ring--n15--control_plane_worm--r3,0,0.008733181,0.5500000000000002,0,0
assurance_triage,7,mal--assurance_triage--ring--n15--control_plane_worm--r3,0,0.0068633356,0.5500000000000002,0,0
assurance_triage,7,mal--assurance_triage--ring--n15--control_plane_worm--r3,0,0.017070983,0.5500000000000002,0,0
assurance_triage,7,mal--assurance_triage--ring--n15--guard_suppression--r5,1,0.9503192,0.5500000000000002,1,1
assurance_triage,7,mal--assurance_triage--ring--n15--guard_suppression--r5,0,0.004277975,0.5500000000000002,0,0
assurance_triage,7,mal--assurance_triage--ring--n15--guard_suppression--r5,0,0.0068516224,0.5500000000000002,0,0
assurance_triage,7,mal--assurance_triage--ring--n15--guard_suppression--r5,0,0.019098695,0.5500000000000002,0,0
assurance_triage,7,mal--assurance_triage--ring--n15--guard_suppression--r5,0,0.010565094,0.5500000000000002,0,0
assurance_triage,7,mal--assurance_triage--ring--n15--recovery_poisoning--r2,1,0.9663706,0.5500000000000002,1,1
assurance_triage,7,mal--assurance_triage--ring--n15--recovery_poisoning--r2,1,0.698666,0.5500000000000002,1,1
assurance_triage,7,mal--assurance_triage--ring--n15--recovery_poisoning--r2,0,0.0124505805,0.5500000000000002,0,0
assurance_triage,7,mal--assurance_triage--ring--n20--control_plane_worm--r2,1,0.9061584,0.5500000000000002,1,1
assurance_triage,7,mal--assurance_triage--ring--n20--control_plane_worm--r2,0,0.039982807,0.5500000000000002,0,0
assurance_triage,7,mal--assurance_triage--ring--n20--guard_suppression--r4,1,0.97548807,0.5500000000000002,1,1
assurance_triage,7,mal--assurance_triage--ring--n20--guard_suppression--r4,1,0.49321833,0.5500000000000002,0,0
assurance_triage,7,mal--assurance_triage--ring--n20--guard_suppression--r4,1,0.43021053,0.5500000000000002,0,0
assurance_triage,7,mal--assurance_triage--ring--n20--guard_suppression--r4,1,0.46862134,0.5500000000000002,0,0
assurance_triage,7,mal--assurance_triage--ring--n20--guard_suppression--r4,1,0.026430666,0.5500000000000002,0,0
assurance_triage,7,mal--assurance_triage--ring--n20--slice_takeover--r3,0,0.060110707,0.5500000000000002,0,0
assurance_triage,7,mal--assurance_triage--ring--n20--slice_takeover--r3,0,0.005430102,0.5500000000000002,0,0
assurance_triage,7,mal--assurance_triage--ring--n4--exfiltration_propagation--r4,1,0.0051904516,0.5500000000000002,0,0
assurance_triage,7,mal--assurance_triage--ring--n4--exfiltration_propagation--r4,0,0.004560354,0.5500000000000002,0,0
assurance_triage,7,mal--assurance_triage--ring--n4--exfiltration_propagation--r4,0,0.0027078292,0.5500000000000002,0,0
assurance_triage,7,mal--assurance_triage--ring--n4--exfiltration_propagation--r4,0,0.0014457309,0.5500000000000002,0,0
assurance_triage,7,mal--assurance_triage--ring--n4--exfiltration_propagation--r4,0,0.0011218314,0.5500000000000002,0,0
assurance_triage,7,mal--assurance_triage--ring--n4--guard_suppression--r3,1,0.86522186,0.5500000000000002,1,1
assurance_triage,7,mal--assurance_triage--ring--n4--guard_suppression--r3,0,0.31741178,0.5500000000000002,0,0
assurance_triage,7,mal--assurance_triage--ring--n4--guard_suppression--r3,0,0.008627983,0.5500000000000002,0,0
assurance_triage,7,mal--assurance_triage--ring--n8--control_plane_worm--r5,1,0.79233056,0.5500000000000002,1,1
assurance_triage,7,mal--assurance_triage--ring--n8--control_plane_worm--r5,1,0.057878815,0.5500000000000002,0,0
assurance_triage,7,mal--assurance_triage--ring--n8--control_plane_worm--r5,0,0.00481426,0.5500000000000002,0,0
assurance_triage,7,mal--assurance_triage--ring--n8--recovery_poisoning--r4,1,0.50439525,0.5500000000000002,0,1
assurance_triage,7,mal--assurance_triage--ring--n8--recovery_poisoning--r4,1,0.5903181,0.5500000000000002,1,1
assurance_triage,7,mal--assurance_triage--star--n10--control_plane_worm--r4,1,0.31505975,0.5500000000000002,0,0
assurance_triage,7,mal--assurance_triage--star--n10--control_plane_worm--r4,0,0.02809473,0.5500000000000002,0,0
assurance_triage,7,mal--assurance_triage--star--n10--guard_suppression--r1,1,0.7670655,0.5500000000000002,1,1
assurance_triage,7,mal--assurance_triage--star--n10--guard_suppression--r1,0,0.04424075,0.5500000000000002,0,0
assurance_triage,7,mal--assurance_triage--star--n10--guard_suppression--r6,1,0.8474378,0.5500000000000002,1,1
assurance_triage,7,mal--assurance_triage--star--n10--guard_suppression--r6,0,0.034947436,0.5500000000000002,0,0
assurance_triage,7,mal--assurance_triage--star--n10--slice_takeover--r5,1,0.8141081,0.5500000000000002,1,1
assurance_triage,7,mal--assurance_triage--star--n10--slice_takeover--r5,0,0.017038608,0.5500000000000002,0,0
assurance_triage,7,mal--assurance_triage--star--n15--control_plane_worm--r3,1,0.9781034,0.5500000000000002,1,1
assurance_triage,7,mal--assurance_triage--star--n15--control_plane_worm--r3,0,0.2565288,0.5500000000000002,0,0
assurance_triage,7,mal--assurance_triage--star--n15--guard_suppression--r2,1,0.91786283,0.5500000000000002,1,1
assurance_triage,7,mal--assurance_triage--star--n15--guard_suppression--r2,0,0.65945554,0.5500000000000002,1,1
assurance_triage,7,mal--assurance_triage--star--n15--guard_suppression--r5,1,0.22387995,0.5500000000000002,0,0
assurance_triage,7,mal--assurance_triage--star--n15--guard_suppression--r5,0,0.17919895,0.5500000000000002,0,0
assurance_triage,7,mal--assurance_triage--star--n15--recovery_poisoning--r2,1,0.44085285,0.5500000000000002,0,0
assurance_triage,7,mal--assurance_triage--star--n15--recovery_poisoning--r2,0,0.95973885,0.5500000000000002,1,1
assurance_triage,7,mal--assurance_triage--star--n15--recovery_poisoning--r2,0,0.0024464629,0.5500000000000002,0,0
assurance_triage,7,mal--assurance_triage--star--n15--recovery_poisoning--r2,0,0.0023381384,0.5500000000000002,0,0
assurance_triage,7,mal--assurance_triage--star--n15--recovery_poisoning--r2,0,0.013079566,0.5500000000000002,0,0
assurance_triage,7,mal--assurance_triage--star--n15--slice_takeover--r1,1,0.96214265,0.5500000000000002,1,1
assurance_triage,7,mal--assurance_triage--star--n15--slice_takeover--r1,0,0.824879,0.5500000000000002,1,1
assurance_triage,7,mal--assurance_triage--star--n15--slice_takeover--r4,1,0.8445144,0.5500000000000002,1,1
assurance_triage,7,mal--assurance_triage--star--n15--slice_takeover--r4,0,0.05769689,0.5500000000000002,0,0
assurance_triage,7,mal--assurance_triage--star--n20--control_plane_worm--r2,1,0.41815913,0.5500000000000002,0,0
assurance_triage,7,mal--assurance_triage--star--n20--control_plane_worm--r2,0,0.10152051,0.5500000000000002,0,0
assurance_triage,7,mal--assurance_triage--star--n20--exfiltration_propagation--r5,0,0.019900184,0.5500000000000002,0,0
assurance_triage,7,mal--assurance_triage--star--n20--guard_suppression--r4,1,0.7903326,0.5500000000000002,1,1
assurance_triage,7,mal--assurance_triage--star--n20--guard_suppression--r4,0,0.36697057,0.5500000000000002,0,0
assurance_triage,7,mal--assurance_triage--star--n20--recovery_poisoning--r6,1,0.6761797,0.5500000000000002,1,1
assurance_triage,7,mal--assurance_triage--star--n20--recovery_poisoning--r6,1,0.954688,0.5500000000000002,1,1
assurance_triage,7,mal--assurance_triage--star--n20--recovery_poisoning--r6,0,0.10251589,0.5500000000000002,0,0
assurance_triage,7,mal--assurance_triage--star--n20--recovery_poisoning--r6,0,0.0048746564,0.5500000000000002,0,0
assurance_triage,7,mal--assurance_triage--star--n20--slice_takeover--r3,1,0.62450135,0.5500000000000002,1,1
assurance_triage,7,mal--assurance_triage--star--n20--slice_takeover--r3,0,0.31237572,0.5500000000000002,0,0
assurance_triage,7,mal--assurance_triage--star--n4--exfiltration_propagation--r4,1,0.14885657,0.5500000000000002,0,0
assurance_triage,7,mal--assurance_triage--star--n4--exfiltration_propagation--r4,0,0.07218909,0.5500000000000002,0,0
assurance_triage,7,mal--assurance_triage--star--n4--exfiltration_propagation--r4,0,0.059604436,0.5500000000000002,0,0
assurance_triage,7,mal--assurance_triage--star--n4--recovery_poisoning--r5,1,0.96761954,0.5500000000000002,1,1
assurance_triage,7,mal--assurance_triage--star--n4--recovery_poisoning--r5,0,0.015229616,0.5500000000000002,0,0
assurance_triage,7,mal--assurance_triage--star--n4--recovery_poisoning--r5,0,0.037473302,0.5500000000000002,0,0
assurance_triage,7,mal--assurance_triage--star--n8--exfiltration_propagation--r2,0,0.61688066,0.5500000000000002,1,1
assurance_triage,7,mal--assurance_triage--star--n8--guard_suppression--r1,1,0.7452257,0.5500000000000002,1,1
assurance_triage,7,mal--assurance_triage--star--n8--guard_suppression--r1,0,0.060062654,0.5500000000000002,0,0
assurance_triage,7,mal--assurance_triage--star--n8--guard_suppression--r2,1,0.82617235,0.5500000000000002,1,1
assurance_triage,7,mal--assurance_triage--star--n8--guard_suppression--r2,0,0.009010575,0.5500000000000002,0,0
assurance_triage,19,benign--assurance_triage--chain--n10--containment_drill--r4,0,0.0033299536,0.7800000000000001,0,0
assurance_triage,19,benign--assurance_triage--chain--n10--maintenance_notice--r2,0,0.0033803806,0.7800000000000001,0,0
assurance_triage,19,benign--assurance_triage--chain--n10--maintenance_notice--r2,0,0.0011740129,0.7800000000000001,0,0
assurance_triage,19,benign--assurance_triage--chain--n10--maintenance_notice--r2,0,0.0108918175,0.7800000000000001,0,0
assurance_triage,19,benign--assurance_triage--chain--n10--maintenance_notice--r2,0,0.0041665668,0.7800000000000001,0,0
assurance_triage,19,benign--assurance_triage--chain--n10--maintenance_notice--r2,0,0.003908742,0.7800000000000001,0,0
assurance_triage,19,benign--assurance_triage--chain--n10--routine_update--r1,0,0.01766024,0.7800000000000001,0,0
assurance_triage,19,benign--assurance_triage--chain--n10--routine_update--r1,0,0.06128274,0.7800000000000001,0,0
assurance_triage,19,benign--assurance_triage--chain--n15--containment_drill--r2,0,0.0011624043,0.7800000000000001,0,0
assurance_triage,19,benign--assurance_triage--chain--n15--maintenance_notice--r4,0,0.0006730824,0.7800000000000001,0,0
assurance_triage,19,benign--assurance_triage--chain--n20--quoted_attack_review--r3,0,0.0023998453,0.7800000000000001,0,0
assurance_triage,19,benign--assurance_triage--chain--n20--quoted_attack_review--r3,0,0.0018235745,0.7800000000000001,0,0
assurance_triage,19,benign--assurance_triage--chain--n20--quoted_attack_review--r3,0,0.0013090825,0.7800000000000001,0,0
assurance_triage,19,benign--assurance_triage--chain--n20--quoted_attack_review--r3,0,0.0034215525,0.7800000000000001,0,0
assurance_triage,19,benign--assurance_triage--chain--n20--routine_update--r1,0,0.009670107,0.7800000000000001,0,0
assurance_triage,19,benign--assurance_triage--chain--n4--maintenance_notice--r6,0,0.002498315,0.7800000000000001,0,0
assurance_triage,19,benign--assurance_triage--chain--n4--quoted_attack_review--r3,0,0.0059546554,0.7800000000000001,0,0
assurance_triage,19,benign--assurance_triage--chain--n4--quoted_attack_review--r3,0,0.0033001786,0.7800000000000001,0,0
assurance_triage,19,benign--assurance_triage--chain--n4--quoted_attack_review--r3,0,0.0009031452,0.7800000000000001,0,0
assurance_triage,19,benign--assurance_triage--chain--n4--routine_update--r1,0,0.0065000067,0.7800000000000001,0,0
assurance_triage,19,benign--assurance_triage--chain--n4--routine_update--r1,0,0.16040565,0.7800000000000001,0,0
assurance_triage,19,benign--assurance_triage--chain--n8--containment_drill--r2,0,0.0013342852,0.7800000000000001,0,0
assurance_triage,19,benign--assurance_triage--chain--n8--maintenance_notice--r4,0,0.0025942433,0.7800000000000001,0,0
assurance_triage,19,benign--assurance_triage--chain--n8--maintenance_notice--r4,0,0.0025748622,0.7800000000000001,0,0
assurance_triage,19,benign--assurance_triage--chain--n8--maintenance_notice--r4,0,0.0005830445,0.7800000000000001,0,0
assurance_triage,19,benign--assurance_triage--chain--n8--routine_update--r3,0,0.004044407,0.7800000000000001,0,0
assurance_triage,19,benign--assurance_triage--mesh_lite--n10--containment_drill--r6,0,0.0031835686,0.7800000000000001,0,0
assurance_triage,19,benign--assurance_triage--mesh_lite--n10--containment_drill--r6,0,0.0035960758,0.7800000000000001,0,0
assurance_triage,19,benign--assurance_triage--mesh_lite--n10--containment_drill--r6,0,0.002467457,0.7800000000000001,0,0
assurance_triage,19,benign--assurance_triage--mesh_lite--n10--maintenance_notice--r4,0,0.003538782,0.7800000000000001,0,0
assurance_triage,19,benign--assurance_triage--mesh_lite--n15--containment_drill--r4,0,0.004804225,0.7800000000000001,0,0
assurance_triage,19,benign--assurance_triage--mesh_lite--n15--containment_drill--r4,0,0.0059457375,0.7800000000000001,0,0
assurance_triage,19,benign--assurance_triage--mesh_lite--n15--containment_drill--r4,0,0.004367032,0.7800000000000001,0,0
assurance_triage,19,benign--assurance_triage--mesh_lite--n15--containment_drill--r4,0,0.0024558406,0.7800000000000001,0,0
assurance_triage,19,benign--assurance_triage--mesh_lite--n15--containment_drill--r4,0,0.0027811748,0.7800000000000001,0,0
assurance_triage,19,benign--assurance_triage--mesh_lite--n15--maintenance_notice--r2,0,0.0027382036,0.7800000000000001,0,0
assurance_triage,19,benign--assurance_triage--mesh_lite--n15--maintenance_notice--r2,0,0.03257565,0.7800000000000001,0,0
assurance_triage,19,benign--assurance_triage--mesh_lite--n15--maintenance_notice--r2,0,0.3695194,0.7800000000000001,0,0
assurance_triage,19,benign--assurance_triage--mesh_lite--n15--maintenance_notice--r2,0,0.757287,0.7800000000000001,0,1
assurance_triage,19,benign--assurance_triage--mesh_lite--n15--maintenance_notice--r2,0,0.06120376,0.7800000000000001,0,0
assurance_triage,19,benign--assurance_triage--mesh_lite--n15--maintenance_notice--r2,0,0.0349707,0.7800000000000001,0,0
assurance_triage,19,benign--assurance_triage--mesh_lite--n15--routine_update--r5,0,0.006413583,0.7800000000000001,0,0
assurance_triage,19,benign--assurance_triage--mesh_lite--n15--routine_update--r5,0,0.054668013,0.7800000000000001,0,0
assurance_triage,19,benign--assurance_triage--mesh_lite--n15--routine_update--r5,0,0.0014187387,0.7800000000000001,0,0
assurance_triage,19,benign--assurance_triage--mesh_lite--n15--routine_update--r5,0,0.0068062,0.7800000000000001,0,0
assurance_triage,19,benign--assurance_triage--mesh_lite--n15--routine_update--r5,0,0.014844809,0.7800000000000001,0,0
assurance_triage,19,benign--assurance_triage--mesh_lite--n15--routine_update--r5,0,0.039552826,0.7800000000000001,0,0
assurance_triage,19,benign--assurance_triage--mesh_lite--n20--containment_drill--r6,0,0.003963083,0.7800000000000001,0,0
assurance_triage,19,benign--assurance_triage--mesh_lite--n20--containment_drill--r6,0,0.003081223,0.7800000000000001,0,0
assurance_triage,19,benign--assurance_triage--mesh_lite--n20--quoted_attack_review--r5,0,0.0021850378,0.7800000000000001,0,0
assurance_triage,19,benign--assurance_triage--mesh_lite--n20--quoted_attack_review--r5,0,0.0144938305,0.7800000000000001,0,0
assurance_triage,19,benign--assurance_triage--mesh_lite--n20--quoted_attack_review--r5,0,0.0052096895,0.7800000000000001,0,0
assurance_triage,19,benign--assurance_triage--mesh_lite--n20--quoted_attack_review--r5,0,0.018217096,0.7800000000000001,0,0
assurance_triage,19,benign--assurance_triage--mesh_lite--n20--routine_update--r3,0,0.0035476764,0.7800000000000001,0,0
assurance_triage,19,benign--assurance_triage--mesh_lite--n4--containment_drill--r2,0,0.0018110573,0.7800000000000001,0,0
assurance_triage,19,benign--assurance_triage--mesh_lite--n4--containment_drill--r6,0,0.0009806027,0.7800000000000001,0,0
assurance_triage,19,benign--assurance_triage--mesh_lite--n4--routine_update--r3,0,0.008169281,0.7800000000000001,0,0
assurance_triage,19,benign--assurance_triage--mesh_lite--n8--containment_drill--r4,0,0.0008369432,0.7800000000000001,0,0
assurance_triage,19,benign--assurance_triage--mesh_lite--n8--maintenance_notice--r2,0,0.0021956102,0.7800000000000001,0,0
assurance_triage,19,benign--assurance_triage--mesh_lite--n8--routine_update--r1,0,0.027221566,0.7800000000000001,0,0
assurance_triage,19,benign--assurance_triage--mesh_lite--n8--routine_update--r1,0,0.4290862,0.7800000000000001,0,0
assurance_triage,19,benign--assurance_triage--mesh_lite--n8--routine_update--r1,0,0.12819488,0.7800000000000001,0,0
assurance_triage,19,benign--assurance_triage--mesh_lite--n8--routine_update--r1,0,0.004409322,0.7800000000000001,0,0
assurance_triage,19,benign--assurance_triage--mesh_lite--n8--routine_update--r1,0,0.003753962,0.7800000000000001,0,0
assurance_triage,19,benign--assurance_triage--random_min_degree--n10--maintenance_notice--r6,0,0.0015337404,0.7800000000000001,0,0
assurance_triage,19,benign--assurance_triage--random_min_degree--n10--maintenance_notice--r6,0,0.0032680256,0.7800000000000001,0,0
assurance_triage,19,benign--assurance_triage--random_min_degree--n10--maintenance_notice--r6,0,0.002227105,0.7800000000000001,0,0
assurance_triage,19,benign--assurance_triage--random_min_degree--n10--quoted_attack_review--r3,0,0.002131073,0.7800000000000001,0,0
assurance_triage,19,benign--assurance_triage--random_min_degree--n10--quoted_attack_review--r3,0,0.026336303,0.7800000000000001,0,0
assurance_triage,19,benign--assurance_triage--random_min_degree--n10--quoted_attack_review--r3,0,0.0030249574,0.7800000000000001,0,0
assurance_triage,19,benign--assurance_triage--random_min_degree--n10--routine_update--r1,0,0.0013956551,0.7800000000000001,0,0
assurance_triage,19,benign--assurance_triage--random_min_degree--n15--containment_drill--r2,0,0.0013546098,0.7800000000000001,0,0
assurance_triage,19,benign--assurance_triage--random_min_degree--n15--maintenance_notice--r4,0,0.009170268,0.7800000000000001,0,0
assurance_triage,19,benign--assurance_triage--random_min_degree--n15--maintenance_notice--r4,0,0.041010138,0.7800000000000001,0,0
assurance_triage,19,benign--assurance_triage--random_min_degree--n15--maintenance_notice--r4,0,0.012777557,0.7800000000000001,0,0
assurance_triage,19,benign--assurance_triage--random_min_degree--n15--maintenance_notice--r4,0,0.0076472494,0.7800000000000001,0,0
assurance_triage,19,benign--assurance_triage--random_min_degree--n15--maintenance_notice--r4,0,0.0043024207,0.7800000000000001,0,0
assurance_triage,19,benign--assurance_triage--random_min_degree--n15--quoted_attack_review--r1,0,0.0011488277,0.7800000000000001,0,0
assurance_triage,19,benign--assurance_triage--random_min_degree--n15--routine_update--r3,0,0.0034448137,0.7800000000000001,0,0
assurance_triage,19,benign--assurance_triage--random_min_degree--n15--routine_update--r3,0,0.001542067,0.7800000000000001,0,0
assurance_triage,19,benign--assurance_triage--random_min_degree--n15--routine_update--r3,0,0.00366041,0.7800000000000001,0,0
assurance_triage,19,benign--assurance_triage--random_min_degree--n20--containment_drill--r4,0,0.0020616024,0.7800000000000001,0,0
assurance_triage,19,benign--assurance_triage--random_min_degree--n20--maintenance_notice--r2,0,0.0007226982,0.7800000000000001,0,0
assurance_triage,19,benign--assurance_triage--random_min_degree--n20--maintenance_notice--r6,0,0.0014585569,0.7800000000000001,0,0
assurance_triage,19,benign--assurance_triage--random_min_degree--n20--maintenance_notice--r6,0,0.0035452007,0.7800000000000001,0,0
assurance_triage,19,benign--assurance_triage--random_min_degree--n20--maintenance_notice--r6,0,0.0010036635,0.7800000000000001,0,0
assurance_triage,19,benign--assurance_triage--random_min_degree--n20--routine_update--r1,0,0.005243023,0.7800000000000001,0,0
assurance_triage,19,benign--assurance_triage--random_min_degree--n4--maintenance_notice--r2,0,0.0014069142,0.7800000000000001,0,0
assurance_triage,19,benign--assurance_triage--random_min_degree--n4--maintenance_notice--r6,0,0.0035062046,0.7800000000000001,0,0
assurance_triage,19,benign--assurance_triage--random_min_degree--n4--maintenance_notice--r6,0,0.00668627,0.7800000000000001,0,0
assurance_triage,19,benign--assurance_triage--random_min_degree--n4--quoted_attack_review--r3,0,0.002165796,0.7800000000000001,0,0
assurance_triage,19,benign--assurance_triage--random_min_degree--n4--quoted_attack_review--r3,0,0.0011070658,0.7800000000000001,0,0
assurance_triage,19,benign--assurance_triage--random_min_degree--n4--quoted_attack_review--r3,0,0.05777658,0.7800000000000001,0,0
assurance_triage,19,benign--assurance_triage--random_min_degree--n4--quoted_attack_review--r3,0,0.017062798,0.7800000000000001,0,0
assurance_triage,19,benign--assurance_triage--random_min_degree--n4--quoted_attack_review--r3,0,0.0010014633,0.7800000000000001,0,0
assurance_triage,19,benign--assurance_triage--random_min_degree--n4--quoted_attack_review--r3,0,0.003357162,0.7800000000000001,0,0
assurance_triage,19,benign--assurance_triage--random_min_degree--n4--routine_update--r1,0,0.0050157974,0.7800000000000001,0,0
assurance_triage,19,benign--assurance_triage--random_min_degree--n4--routine_update--r5,0,0.0051156,0.7800000000000001,0,0
assurance_triage,19,benign--assurance_triage--random_min_degree--n8--containment_drill--r6,0,0.001651912,0.7800000000000001,0,0
assurance_triage,19,benign--assurance_triage--random_min_degree--n8--routine_update--r3,0,0.0054355953,0.7800000000000001,0,0
assurance_triage,19,benign--assurance_triage--random_min_degree--n8--routine_update--r3,0,0.0022820549,0.7800000000000001,0,0
assurance_triage,19,benign--assurance_triage--ring--n10--containment_drill--r4,0,0.00614481,0.7800000000000001,0,0
assurance_triage,19,benign--assurance_triage--ring--n10--containment_drill--r4,0,0.0052125417,0.7800000000000001,0,0
assurance_triage,19,benign--assurance_triage--ring--n10--containment_drill--r4,0,0.014509811,0.7800000000000001,0,0
assurance_triage,19,benign--assurance_triage--ring--n10--containment_drill--r4,0,0.002023838,0.7800000000000001,0,0
assurance_triage,19,benign--assurance_triage--ring--n10--containment_drill--r4,0,0.0030821636,0.7800000000000001,0,0
assurance_triage,19,benign--assurance_triage--ring--n10--containment_drill--r4,0,0.010567905,0.7800000000000001,0,0
assurance_triage,19,benign--assurance_triage--ring--n10--routine_update--r1,0,0.002525158,0.7800000000000001,0,0
assurance_triage,19,benign--assurance_triage--ring--n10--routine_update--r5,0,0.010601393,0.7800000000000001,0,0
assurance_triage,19,benign--assurance_triage--ring--n10--routine_update--r5,0,0.014657504,0.7800000000000001,0,0
assurance_triage,19,benign--assurance_triage--ring--n15--containment_drill--r2,0,0.0015473961,0.7800000000000001,0,0
assurance_triage,19,benign--assurance_triage--ring--n15--maintenance_notice--r4,0,0.0016435158,0.7800000000000001,0,0
assurance_triage,19,benign--assurance_triage--ring--n15--routine_update--r3,0,0.004287406,0.7800000000000001,0,0
assurance_triage,19,benign--assurance_triage--ring--n20--containment_drill--r4,0,0.0026907593,0.7800000000000001,0,0
assurance_triage,19,benign--assurance_triage--ring--n20--containment_drill--r4,0,0.0035570948,0.7800000000000001,0,0
assurance_triage,19,benign--assurance_triage--ring--n20--containment_drill--r4,0,0.005381203,0.7800000000000001,0,0
assurance_triage,19,benign--assurance_triage--ring--n20--maintenance_notice--r6,0,0.002078648,0.7800000000000001,0,0
assurance_triage,19,benign--assurance_triage--ring--n20--maintenance_notice--r6,0,0.0011000382,0.7800000000000001,0,0
assurance_triage,19,benign--assurance_triage--ring--n20--maintenance_notice--r6,0,0.001091801,0.7800000000000001,0,0
assurance_triage,19,benign--assurance_triage--ring--n20--quoted_attack_review--r3,0,0.0022360045,0.7800000000000001,0,0
assurance_triage,19,benign--assurance_triage--ring--n20--quoted_attack_review--r3,0,0.0076667382,0.7800000000000001,0,0
assurance_triage,19,benign--assurance_triage--ring--n20--quoted_attack_review--r3,0,0.011225433,0.7800000000000001,0,0
assurance_triage,19,benign--assurance_triage--ring--n20--routine_update--r1,0,0.0054473835,0.7800000000000001,0,0
assurance_triage,19,benign--assurance_triage--ring--n20--routine_update--r1,0,0.0021087134,0.7800000000000001,0,0
assurance_triage,19,benign--assurance_triage--ring--n20--routine_update--r1,0,0.056306776,0.7800000000000001,0,0
assurance_triage,19,benign--assurance_triage--ring--n20--routine_update--r1,0,0.0035276532,0.7800000000000001,0,0
assurance_triage,19,benign--assurance_triage--ring--n20--routine_update--r5,0,0.0067765,0.7800000000000001,0,0
assurance_triage,19,benign--assurance_triage--ring--n20--routine_update--r5,0,0.004309283,0.7800000000000001,0,0
assurance_triage,19,benign--assurance_triage--ring--n20--routine_update--r5,0,0.0015932787,0.7800000000000001,0,0
assurance_triage,19,benign--assurance_triage--ring--n4--quoted_attack_review--r3,0,0.012392599,0.7800000000000001,0,0
assurance_triage,19,benign--assurance_triage--ring--n4--quoted_attack_review--r3,0,0.0018115083,0.7800000000000001,0,0
assurance_triage,19,benign--assurance_triage--ring--n4--routine_update--r1,0,0.003121998,0.7800000000000001,0,0
assurance_triage,19,benign--assurance_triage--ring--n4--routine_update--r5,0,0.0018195775,0.7800000000000001,0,0
assurance_triage,19,benign--assurance_triage--ring--n8--containment_drill--r2,0,0.00079353247,0.7800000000000001,0,0
assurance_triage,19,benign--assurance_triage--ring--n8--containment_drill--r6,0,0.0029483177,0.7800000000000001,0,0
assurance_triage,19,benign--assurance_triage--ring--n8--containment_drill--r6,0,0.053345483,0.7800000000000001,0,0
assurance_triage,19,benign--assurance_triage--ring--n8--containment_drill--r6,0,0.01647325,0.7800000000000001,0,0
assurance_triage,19,benign--assurance_triage--ring--n8--quoted_attack_review--r5,0,0.0033549117,0.7800000000000001,0,0
assurance_triage,19,benign--assurance_triage--ring--n8--quoted_attack_review--r5,0,0.021810584,0.7800000000000001,0,0
assurance_triage,19,benign--assurance_triage--ring--n8--quoted_attack_review--r5,0,0.004394589,0.7800000000000001,0,0
assurance_triage,19,benign--assurance_triage--ring--n8--quoted_attack_review--r5,0,0.010744428,0.7800000000000001,0,0
assurance_triage,19,benign--assurance_triage--ring--n8--quoted_attack_review--r5,0,0.022571078,0.7800000000000001,0,0
assurance_triage,19,benign--assurance_triage--ring--n8--routine_update--r3,0,0.0031496405,0.7800000000000001,0,0
assurance_triage,19,benign--assurance_triage--star--n10--containment_drill--r2,0,0.0015545423,0.7800000000000001,0,0
assurance_triage,19,benign--assurance_triage--star--n10--containment_drill--r2,0,0.0028276313,0.7800000000000001,0,0
assurance_triage,19,benign--assurance_triage--star--n10--quoted_attack_review--r1,0,0.0016219282,0.7800000000000001,0,0
assurance_triage,19,benign--assurance_triage--star--n10--quoted_attack_review--r5,0,0.0016821151,0.7800000000000001,0,0
assurance_triage,19,benign--assurance_triage--star--n10--routine_update--r3,0,0.009206112,0.7800000000000001,0,0
assurance_triage,19,benign--assurance_triage--star--n15--maintenance_notice--r6,0,0.0012870474,0.7800000000000001,0,0
assurance_triage,19,benign--assurance_triage--star--n15--maintenance_notice--r6,0,0.0034923954,0.7800000000000001,0,0
assurance_triage,19,benign--assurance_triage--star--n15--routine_update--r1,0,0.022774357,0.7800000000000001,0,0
assurance_triage,19,benign--assurance_triage--star--n15--routine_update--r5,0,0.0062942016,0.7800000000000001,0,0
assurance_triage,19,benign--assurance_triage--star--n15--routine_update--r5,0,0.0029994324,0.7800000000000001,0,0
assurance_triage,19,benign--assurance_triage--star--n20--containment_drill--r2,0,0.002969293,0.7800000000000001,0,0
assurance_triage,19,benign--assurance_triage--star--n20--containment_drill--r2,0,0.0034210063,0.7800000000000001,0,0
assurance_triage,19,benign--assurance_triage--star--n20--containment_drill--r2,0,0.0014835466,0.7800000000000001,0,0
assurance_triage,19,benign--assurance_triage--star--n20--containment_drill--r6,0,0.0022449358,0.7800000000000001,0,0
assurance_triage,19,benign--assurance_triage--star--n20--containment_drill--r6,0,0.007180297,0.7800000000000001,0,0
assurance_triage,19,benign--assurance_triage--star--n20--maintenance_notice--r4,0,0.002718983,0.7800000000000001,0,0
assurance_triage,19,benign--assurance_triage--star--n20--maintenance_notice--r4,0,0.0008886492,0.7800000000000001,0,0
assurance_triage,19,benign--assurance_triage--star--n20--quoted_attack_review--r5,0,0.00093421014,0.7800000000000001,0,0
assurance_triage,19,benign--assurance_triage--star--n20--routine_update--r3,0,0.00556497,0.7800000000000001,0,0
assurance_triage,19,benign--assurance_triage--star--n20--routine_update--r3,0,0.0034308266,0.7800000000000001,0,0
assurance_triage,19,benign--assurance_triage--star--n4--containment_drill--r6,0,0.0011963295,0.7800000000000001,0,0
assurance_triage,19,benign--assurance_triage--star--n8--containment_drill--r4,0,0.0007996206,0.7800000000000001,0,0
assurance_triage,19,benign--assurance_triage--star--n8--maintenance_notice--r2,0,0.0014889118,0.7800000000000001,0,0
assurance_triage,19,benign--assurance_triage--star--n8--maintenance_notice--r6,0,0.0013303295,0.7800000000000001,0,0
assurance_triage,19,benign--assurance_triage--star--n8--maintenance_notice--r6,0,0.0052565993,0.7800000000000001,0,0
assurance_triage,19,benign--assurance_triage--star--n8--quoted_attack_review--r3,0,0.001883263,0.7800000000000001,0,0
assurance_triage,19,benign--assurance_triage--star--n8--routine_update--r1,0,0.0057360907,0.7800000000000001,0,0
assurance_triage,19,benign--assurance_triage--star--n8--routine_update--r1,0,0.029506555,0.7800000000000001,0,0
assurance_triage,19,benign--assurance_triage--star--n8--routine_update--r5,0,0.030570261,0.7800000000000001,0,0
assurance_triage,19,benign--assurance_triage--star--n8--routine_update--r5,0,0.11176316,0.7800000000000001,0,0
assurance_triage,19,mal--assurance_triage--chain--n10--control_plane_worm--r4,1,0.56574595,0.7800000000000001,0,1
assurance_triage,19,mal--assurance_triage--chain--n10--control_plane_worm--r4,1,0.011473917,0.7800000000000001,0,0
assurance_triage,19,mal--assurance_triage--chain--n10--control_plane_worm--r4,0,0.0051925643,0.7800000000000001,0,0
assurance_triage,19,mal--assurance_triage--chain--n10--exfiltration_propagation--r2,0,0.1395337,0.7800000000000001,0,0
assurance_triage,19,mal--assurance_triage--chain--n10--recovery_poisoning--r1,1,0.61166185,0.7800000000000001,0,1
assurance_triage,19,mal--assurance_triage--chain--n10--recovery_poisoning--r1,0,0.6614021,0.7800000000000001,0,1
assurance_triage,19,mal--assurance_triage--chain--n10--recovery_poisoning--r1,0,0.05346302,0.7800000000000001,0,0
assurance_triage,19,mal--assurance_triage--chain--n15--exfiltration_propagation--r1,1,0.9699421,0.7800000000000001,1,1
assurance_triage,19,mal--assurance_triage--chain--n15--exfiltration_propagation--r1,1,0.6326589,0.7800000000000001,0,1
assurance_triage,19,mal--assurance_triage--chain--n15--exfiltration_propagation--r1,0,0.033052534,0.7800000000000001,0,0
assurance_triage,19,mal--assurance_triage--chain--n15--exfiltration_propagation--r1,0,0.005234254,0.7800000000000001,0,0
assurance_triage,19,mal--assurance_triage--chain--n15--guard_suppression--r2,1,0.973251,0.7800000000000001,1,1
assurance_triage,19,mal--assurance_triage--chain--n15--guard_suppression--r2,1,0.95068663,0.7800000000000001,1,1
assurance_triage,19,mal--assurance_triage--chain--n15--guard_suppression--r2,1,0.809908,0.7800000000000001,1,1
assurance_triage,19,mal--assurance_triage--chain--n15--guard_suppression--r2,1,0.8113253,0.7800000000000001,1,1
assurance_triage,19,mal--assurance_triage--chain--n15--guard_suppression--r2,0,0.0065461486,0.7800000000000001,0,0
assurance_triage,19,mal--assurance_triage--chain--n15--guard_suppression--r5,1,0.3420692,0.7800000000000001,0,0
assurance_triage,19,mal--assurance_triage--chain--n15--guard_suppression--r5,0,0.0016048775,0.7800000000000001,0,0
assurance_triage,19,mal--assurance_triage--chain--n15--guard_suppression--r5,0,0.017090002,0.7800000000000001,0,0
assurance_triage,19,mal--assurance_triage--chain--n15--slice_takeover--r1,1,0.95676744,0.7800000000000001,1,1
assurance_triage,19,mal--assurance_triage--chain--n15--slice_takeover--r1,1,0.9731907,0.7800000000000001,1,1
assurance_triage,19,mal--assurance_triage--chain--n15--slice_takeover--r1,1,0.08181484,0.7800000000000001,0,0
assurance_triage,19,mal--assurance_triage--chain--n15--slice_takeover--r1,0,0.0054982184,0.7800000000000001,0,0
assurance_triage,19,mal--assurance_triage--chain--n15--slice_takeover--r4,1,0.98660463,0.7800000000000001,1,1
assurance_triage,19,mal--assurance_triage--chain--n15--slice_takeover--r4,1,0.76671356,0.7800000000000001,0,1
assurance_triage,19,mal--assurance_triage--chain--n15--slice_takeover--r4,1,0.82216865,0.7800000000000001,1,1
assurance_triage,19,mal--assurance_triage--chain--n20--control_plane_worm--r2,1,0.8521137,0.7800000000000001,1,1
assurance_triage,19,mal--assurance_triage--chain--n20--control_plane_worm--r2,0,0.004482331,0.7800000000000001,0,0
assurance_triage,19,mal--assurance_triage--chain--n20--exfiltration_propagation--r1,1,0.9699421,0.7800000000000001,1,1
assurance_triage,19,mal--assurance_triage--chain--n20--exfiltration_propagation--r1,1,0.8655608,0.7800000000000001,1,1
assurance_triage,19,mal--assurance_triage--chain--n20--exfiltration_propagation--r1,0,0.29683942,0.7800000000000001,0,0
assurance_triage,19,mal--assurance_triage--chain--n20--exfiltration_propagation--r1,0,0.015647123,0.7800000000000001,0,0
assurance_triage,19,mal--assurance_triage--chain--n20--guard_suppression--r4,1,0.9866475,0.7800000000000001,1,1
assurance_triage,19,mal--assurance_triage--chain--n20--recovery_poisoning--r6,1,0.6071208,0.7800000000000001,0,1
assurance_triage,19,mal--assurance_triage--chain--n20--recovery_poisoning--r6,0,0.0083124675,0.7800000000000001,0,0
assurance_triage,19,mal--assurance_triage--chain--n20--recovery_poisoning--r6,1,0.08886395,0.7800000000000001,0,0
assurance_triage,19,mal--assurance_triage--chain--n20--slice_takeover--r3,1,0.97402024,0.7800000000000001,1,1
assurance_triage,19,mal--assurance_triage--chain--n20--slice_takeover--r3,1,0.985899,0.7800000000000001,1,1
assurance_triage,19,mal--assurance_triage--chain--n20--slice_takeover--r3,1,0.9786114,0.7800000000000001,1,1
assurance_triage,19,mal--assurance_triage--chain--n20--slice_takeover--r3,1,0.9505964,0.7800000000000001,1,1
assurance_triage,19,mal--assurance_triage--chain--n20--slice_takeover--r3,1,0.9324543,0.7800000000000001,1,1
assurance_triage,19,mal--assurance_triage--chain--n4--control_plane_worm--r1,1,0.22640684,0.7800000000000001,0,0
assurance_triage,19,mal--assurance_triage--chain--n4--slice_takeover--r2,1,0.86328626,0.7800000000000001,1,1
assurance_triage,19,mal--assurance_triage--chain--n4--slice_takeover--r2,0,0.2155801,0.7800000000000001,0,0
assurance_triage,19,mal--assurance_triage--chain--n8--control_plane_worm--r5,1,0.99090475,0.7800000000000001,1,1
assurance_triage,19,mal--assurance_triage--chain--n8--control_plane_worm--r5,0,0.010187491,0.7800000000000001,0,0
assurance_triage,19,mal--assurance_triage--chain--n8--exfiltration_propagation--r2,1,0.94678766,0.7800000000000001,1,1
assurance_triage,19,mal--assurance_triage--chain--n8--exfiltration_propagation--r2,0,0.0117929755,0.7800000000000001,0,0
assurance_triage,19,mal--assurance_triage--chain--n8--exfiltration_propagation--r2,0,0.7220425,0.7800000000000001,0,1
assurance_triage,19,mal--assurance_triage--chain--n8--guard_suppression--r1,1,0.8609076,0.7800000000000001,1,1
assurance_triage,19,mal--assurance_triage--chain--n8--guard_suppression--r1,1,0.80815035,0.7800000000000001,1,1
assurance_triage,19,mal--assurance_triage--chain--n8--guard_suppression--r1,0,0.045970578,0.7800000000000001,0,0
assurance_triage,19,mal--assurance_triage--chain--n8--guard_suppression--r1,0,0.008344612,0.7800000000000001,0,0
assurance_triage,19,mal--assurance_triage--chain--n8--guard_suppression--r1,0,0.0068218578,0.7800000000000001,0,0
assurance_triage,19,mal--assurance_triage--chain--n8--guard_suppression--r2,1,0.9373944,0.7800000000000001,1,1
assurance_triage,19,mal--assurance_triage--chain--n8--guard_suppression--r2,0,0.01177276,0.7800000000000001,0,0
assurance_triage,19,mal--assurance_triage--chain--n8--guard_suppression--r2,0,0.021536428,0.7800000000000001,0,0
assurance_triage,19,mal--assurance_triage--chain--n8--recovery_poisoning--r4,1,0.65773505,0.7800000000000001,0,1
assurance_triage,19,mal--assurance_triage--mesh_lite--n10--control_plane_worm--r2,1,0.4742122,0.7800000000000001,0,0
assurance_triage,19,mal--assurance_triage--mesh_lite--n10--control_plane_worm--r2,0,0.0058174906,0.7800000000000001,0,0
assurance_triage,19,mal--assurance_triage--mesh_lite--n10--control_plane_worm--r2,0,0.06000571,0.7800000000000001,0,0
assurance_triage,19,mal--assurance_triage--mesh_lite--n10--control_plane_worm--r2,0,0.0041188914,0.7800000000000001,0,0
assurance_triage,19,mal--assurance_triage--mesh_lite--n10--control_plane_worm--r2,0,0.05183773,0.7800000000000001,0,0
assurance_triage,19,mal--assurance_triage--mesh_lite--n10--control_plane_worm--r2,0,0.032942034,0.7800000000000001,0,0
assurance_triage,19,mal--assurance_triage--mesh_lite--n10--control_plane_worm--r2,0,0.8558445,0.7800000000000001,1,1
assurance_triage,19,mal--assurance_triage--mesh_lite--n10--control_plane_worm--r2,0,0.0042577414,0.7800000000000001,0,0
assurance_triage,19,mal--assurance_triage--mesh_lite--n10--control_plane_worm--r2,0,0.0033129547,0.7800000000000001,0,0
assurance_triage,19,mal--assurance_triage--mesh_lite--n10--exfiltration_propagation--r2,1,0.90636015,0.7800000000000001,1,1
assurance_triage,19,mal--assurance_triage--mesh_lite--n10--exfiltration_propagation--r2,1,0.9906791,0.7800000000000001,1,1
assurance_triage,19,mal--assurance_triage--mesh_lite--n10--exfiltration_propagation--r2,1,0.91311884,0.7800000000000001,1,1
assurance_triage,19,mal--assurance_triage--mesh_lite--n10--exfiltration_propagation--r2,1,0.8490626,0.7800000000000001,1,1
assurance_triage,19,mal--assurance_triage--mesh_lite--n10--exfiltration_propagation--r2,0,0.01310976,0.7800000000000001,0,0
assurance_triage,19,mal--assurance_triage--mesh_lite--n10--exfiltration_propagation--r2,0,0.85347795,0.7800000000000001,1,1
assurance_triage,19,mal--assurance_triage--mesh_lite--n10--exfiltration_propagation--r2,0,0.06872345,0.7800000000000001,0,0
assurance_triage,19,mal--assurance_triage--mesh_lite--n15--exfiltration_propagation--r1,1,0.41090268,0.7800000000000001,0,0
assurance_triage,19,mal--assurance_triage--mesh_lite--n15--exfiltration_propagation--r1,0,0.006510096,0.7800000000000001,0,0
assurance_triage,19,mal--assurance_triage--mesh_lite--n15--recovery_poisoning--r2,1,0.9894924,0.7800000000000001,1,1
assurance_triage,19,mal--assurance_triage--mesh_lite--n15--recovery_poisoning--r2,0,0.15818828,0.7800000000000001,0,0
assurance_triage,19,mal--assurance_triage--mesh_lite--n15--recovery_poisoning--r2,0,0.003932158,0.7800000000000001,0,0
assurance_triage,19,mal--assurance_triage--mesh_lite--n20--recovery_poisoning--r1,1,0.13050342,0.7800000000000001,0,0
assurance_triage,19,mal--assurance_triage--mesh_lite--n20--recovery_poisoning--r2,1,0.9084727,0.7800000000000001,1,1
assurance_triage,19,mal--assurance_triage--mesh_lite--n20--recovery_poisoning--r2,0,0.044245206,0.7800000000000001,0,0
assurance_triage,19,mal--assurance_triage--mesh_lite--n20--recovery_poisoning--r2,0,0.0015353997,0.7800000000000001,0,0
assurance_triage,19,mal--assurance_triage--mesh_lite--n20--recovery_poisoning--r2,1,0.9875208,0.7800000000000001,1,1
assurance_triage,19,mal--assurance_triage--mesh_lite--n20--recovery_poisoning--r2,0,0.0049278503,0.7800000000000001,0,0
assurance_triage,19,mal--assurance_triage--mesh_lite--n20--recovery_poisoning--r2,1,0.96630144,0.7800000000000001,1,1
assurance_triage,19,mal--assurance_triage--mesh_lite--n20--recovery_poisoning--r2,1,0.34119698,0.7800000000000001,0,0
assurance_triage,19,mal--assurance_triage--mesh_lite--n20--recovery_poisoning--r2,0,0.0018644867,0.7800000000000001,0,0
assurance_triage,19,mal--assurance_triage--mesh_lite--n20--recovery_poisoning--r2,0,0.33661416,0.7800000000000001,0,0
assurance_triage,19,mal--assurance_triage--mesh_lite--n20--slice_takeover--r3,1,0.9940843,0.7800000000000001,1,1
assurance_triage,19,mal--assurance_triage--mesh_lite--n20--slice_takeover--r3,0,0.030479986,0.7800000000000001,0,0
assurance_triage,19,mal--assurance_triage--mesh_lite--n20--slice_takeover--r3,0,0.1577927,0.7800000000000001,0,0
assurance_triage,19,mal--assurance_triage--mesh_lite--n4--guard_suppression--r3,1,0.9770612,0.7800000000000001,1,1
assurance_triage,19,mal--assurance_triage--mesh_lite--n4--guard_suppression--r3,0,0.3903261,0.7800000000000001,0,0
assurance_triage,19,mal--assurance_triage--mesh_lite--n4--guard_suppression--r3,1,0.9507585,0.7800000000000001,1,1
assurance_triage,19,mal--assurance_triage--mesh_lite--n4--guard_suppression--r3,0,0.9292539,0.7800000000000001,1,1
assurance_triage,19,mal--assurance_triage--mesh_lite--n8--slice_takeover--r6,1,0.6113816,0.7800000000000001,0,1
assurance_triage,19,mal--assurance_triage--mesh_lite--n8--slice_takeover--r6,1,0.0076804664,0.7800000000000001,0,0
assurance_triage,19,mal--assurance_triage--mesh_lite--n8--slice_takeover--r6,1,0.027255982,0.7800000000000001,0,0
assurance_triage,19,mal--assurance_triage--mesh_lite--n8--slice_takeover--r6,1,0.8912105,0.7800000000000001,1,1
assurance_triage,19,mal--assurance_triage--mesh_lite--n8--slice_takeover--r6,0,0.00361353,0.7800000000000001,0,0
assurance_triage,19,mal--assurance_triage--mesh_lite--n8--slice_takeover--r6,0,0.005919758,0.7800000000000001,0,0
assurance_triage,19,mal--assurance_triage--mesh_lite--n8--slice_takeover--r6,0,0.0027712397,0.7800000000000001,0,0
assurance_triage,19,mal--assurance_triage--mesh_lite--n8--slice_takeover--r6,0,0.006265543,0.7800000000000001,0,0
assurance_triage,19,mal--assurance_triage--mesh_lite--n8--slice_takeover--r6,0,0.057203878,0.7800000000000001,0,0
assurance_triage,19,mal--assurance_triage--random_min_degree--n10--control_plane_worm--r4,1,0.3812359,0.7800000000000001,0,0
assurance_triage,19,mal--assurance_triage--random_min_degree--n10--control_plane_worm--r4,0,0.0033876577,0.7800000000000001,0,0
assurance_triage,19,mal--assurance_triage--random_min_degree--n10--control_plane_worm--r4,0,0.017995464,0.7800000000000001,0,0
assurance_triage,19,mal--assurance_triage--random_min_degree--n10--control_plane_worm--r4,1,0.023733426,0.7800000000000001,0,0
assurance_triage,19,mal--assurance_triage--random_min_degree--n10--control_plane_worm--r4,1,0.4926828,0.7800000000000001,0,0
assurance_triage,19,mal--assurance_triage--random_min_degree--n10--control_plane_worm--r4,1,0.17401004,0.7800000000000001,0,0
assurance_triage,19,mal--assurance_triage--random_min_degree--n10--exfiltration_propagation--r2,1,0.6388006,0.7800000000000001,0,1
assurance_triage,19,mal--assurance_triage--random_min_degree--n10--exfiltration_propagation--r2,1,0.9108537,0.7800000000000001,1,1
assurance_triage,19,mal--assurance_triage--random_min_degree--n10--exfiltration_propagation--r2,1,0.41037998,0.7800000000000001,0,0
assurance_triage,19,mal--assurance_triage--random_min_degree--n10--exfiltration_propagation--r2,1,0.95152724,0.7800000000000001,1,1
assurance_triage,19,mal--assurance_triage--random_min_degree--n10--guard_suppression--r1,1,0.7751412,0.7800000000000001,0,1
assurance_triage,19,mal--assurance_triage--random_min_degree--n15--exfiltration_propagation--r6,0,0.90396374,0.7800000000000001,1,1
assurance_triage,19,mal--assurance_triage--random_min_degree--n15--guard_suppression--r2,1,0.9638297,0.7800000000000001,1,1
assurance_triage,19,mal--assurance_triage--random_min_degree--n15--guard_suppression--r2,1,0.6105493,0.7800000000000001,0,1
assurance_triage,19,mal--assurance_triage--random_min_degree--n15--guard_suppression--r2,1,0.19617566,0.7800000000000001,0,0
assurance_triage,19,mal--assurance_triage--random_min_degree--n15--guard_suppression--r2,0,0.050664112,0.7800000000000001,0,0
assurance_triage,19,mal--assurance_triage--random_min_degree--n15--guard_suppression--r5,1,0.8932518,0.7800000000000001,1,1
assurance_triage,19,mal--assurance_triage--random_min_degree--n15--guard_suppression--r5,1,0.91481394,0.7800000000000001,1,1
assurance_triage,19,mal--assurance_triage--random_min_degree--n15--guard_suppression--r5,0,0.007255795,0.7800000000000001,0,0
assurance_triage,19,mal--assurance_triage--random_min_degree--n15--recovery_poisoning--r2,0,0.012288221,0.7800000000000001,0,0
assurance_triage,19,mal--assurance_triage--random_min_degree--n15--recovery_poisoning--r2,1,0.28546762,0.7800000000000001,0,0
assurance_triage,19,mal--assurance_triage--random_min_degree--n15--recovery_poisoning--r2,1,0.7348116,0.7800000000000001,0,1
assurance_triage,19,mal--assurance_triage--random_min_degree--n15--recovery_poisoning--r2,0,0.15983538,0.7800000000000001,0,0
assurance_triage,19,mal--assurance_triage--random_min_degree--n20--control_plane_worm--r2,1,0.43715256,0.7800000000000001,0,0
assurance_triage,19,mal--assurance_triage--random_min_degree--n20--control_plane_worm--r2,0,0.01092446,0.7800000000000001,0,0
assurance_triage,19,mal--assurance_triage--random_min_degree--n20--control_plane_worm--r2,1,0.004541699,0.7800000000000001,0,0
assurance_triage,19,mal--assurance_triage--random_min_degree--n20--guard_suppression--r4,1,0.9896898,0.7800000000000001,1,1
assurance_triage,19,mal--assurance_triage--random_min_degree--n20--guard_suppression--r4,0,0.0055614924,0.7800000000000001,0,0
assurance_triage,19,mal--assurance_triage--random_min_degree--n20--guard_suppression--r4,0,0.0038279006,0.7800000000000001,0,0
assurance_triage,19,mal--assurance_triage--random_min_degree--n20--guard_suppression--r4,0,0.001994591,0.7800000000000001,0,0
assurance_triage,19,mal--assurance_triage--random_min_degree--n20--guard_suppression--r4,0,0.008673484,0.7800000000000001,0,0
assurance_triage,19,mal--assurance_triage--random_min_degree--n20--guard_suppression--r4,0,0.0023958473,0.7800000000000001,0,0
assurance_triage,19,mal--assurance_triage--random_min_degree--n20--recovery_poisoning--r6,1,0.98438895,0.7800000000000001,1,1
assurance_triage,19,mal--assurance_triage--random_min_degree--n20--recovery_poisoning--r6,1,0.9692341,0.7800000000000001,1,1
assurance_triage,19,mal--assurance_triage--random_min_degree--n20--recovery_poisoning--r6,0,0.12238742,0.7800000000000001,0,0
assurance_triage,19,mal--assurance_triage--random_min_degree--n4--guard_suppression--r3,1,0.9598031,0.7800000000000001,1,1
assurance_triage,19,mal--assurance_triage--random_min_degree--n4--guard_suppression--r3,0,0.02853277,0.7800000000000001,0,0
assurance_triage,19,mal--assurance_triage--random_min_degree--n4--guard_suppression--r3,0,0.044416312,0.7800000000000001,0,0
assurance_triage,19,mal--assurance_triage--random_min_degree--n4--guard_suppression--r3,0,0.0034156702,0.7800000000000001,0,0
assurance_triage,19,mal--assurance_triage--random_min_degree--n8--exfiltration_propagation--r2,1,0.6373616,0.7800000000000001,0,1
assurance_triage,19,mal--assurance_triage--random_min_degree--n8--exfiltration_propagation--r2,0,0.009810646,0.7800000000000001,0,0
assurance_triage,19,mal--assurance_triage--random_min_degree--n8--exfiltration_propagation--r2,0,0.023962582,0.7800000000000001,0,0
assurance_triage,19,mal--assurance_triage--random_min_degree--n8--exfiltration_propagation--r2,0,0.013895687,0.7800000000000001,0,0
assurance_triage,19,mal--assurance_triage--ring--n10--slice_takeover--r5,1,0.94716,0.7800000000000001,1,1
assurance_triage,19,mal--assurance_triage--ring--n15--control_plane_worm--r3,0,0.013096084,0.7800000000000001,0,0
assurance_triage,19,mal--assurance_triage--ring--n15--control_plane_worm--r3,0,0.004562422,0.7800000000000001,0,0
assurance_triage,19,mal--assurance_triage--ring--n15--control_plane_worm--r3,0,0.0031128812,0.7800000000000001,0,0
assurance_triage,19,mal--assurance_triage--ring--n15--control_plane_worm--r3,0,0.008621316,0.7800000000000001,0,0
assurance_triage,19,mal--assurance_triage--ring--n15--control_plane_worm--r3,0,0.014971256,0.7800000000000001,0,0
assurance_triage,19,mal--assurance_triage--ring--n15--guard_suppression--r5,1,0.95839137,0.7800000000000001,1,1
assurance_triage,19,mal--assurance_triage--ring--n15--guard_suppression--r5,0,0.0055048373,0.7800000000000001,0,0
assurance_triage,19,mal--assurance_triage--ring--n15--guard_suppression--r5,0,0.0052590906,0.7800000000000001,0,0
assurance_triage,19,mal--assurance_triage--ring--n15--guard_suppression--r5,0,0.028492935,0.7800000000000001,0,0
assurance_triage,19,mal--assurance_triage--ring--n15--guard_suppression--r5,0,0.00875774,0.7800000000000001,0,0
assurance_triage,19,mal--assurance_triage--ring--n15--recovery_poisoning--r2,1,0.9321653,0.7800000000000001,1,1
assurance_triage,19,mal--assurance_triage--ring--n15--recovery_poisoning--r2,1,0.805669,0.7800000000000001,1,1
assurance_triage,19,mal--assurance_triage--ring--n15--recovery_poisoning--r2,0,0.019869618,0.7800000000000001,0,0
assurance_triage,19,mal--assurance_triage--ring--n20--control_plane_worm--r2,1,0.97422206,0.7800000000000001,1,1
assurance_triage,19,mal--assurance_triage--ring--n20--control_plane_worm--r2,0,0.048369795,0.7800000000000001,0,0
assurance_triage,19,mal--assurance_triage--ring--n20--guard_suppression--r4,1,0.96513224,0.7800000000000001,1,1
assurance_triage,19,mal--assurance_triage--ring--n20--guard_suppression--r4,1,0.48020715,0.7800000000000001,0,0
assurance_triage,19,mal--assurance_triage--ring--n20--guard_suppression--r4,1,0.46509692,0.7800000000000001,0,0
assurance_triage,19,mal--assurance_triage--ring--n20--guard_suppression--r4,1,0.37336773,0.7800000000000001,0,0
assurance_triage,19,mal--assurance_triage--ring--n20--guard_suppression--r4,1,0.025946941,0.7800000000000001,0,0
assurance_triage,19,mal--assurance_triage--ring--n20--slice_takeover--r3,0,0.03024509,0.7800000000000001,0,0
assurance_triage,19,mal--assurance_triage--ring--n20--slice_takeover--r3,0,0.0028689818,0.7800000000000001,0,0
assurance_triage,19,mal--assurance_triage--ring--n4--exfiltration_propagation--r4,1,0.003485633,0.7800000000000001,0,0
assurance_triage,19,mal--assurance_triage--ring--n4--exfiltration_propagation--r4,0,0.0025812038,0.7800000000000001,0,0
assurance_triage,19,mal--assurance_triage--ring--n4--exfiltration_propagation--r4,0,0.0013567118,0.7800000000000001,0,0
assurance_triage,19,mal--assurance_triage--ring--n4--exfiltration_propagation--r4,0,0.0014028236,0.7800000000000001,0,0
assurance_triage,19,mal--assurance_triage--ring--n4--exfiltration_propagation--r4,0,0.00095668714,0.7800000000000001,0,0
assurance_triage,19,mal--assurance_triage--ring--n4--guard_suppression--r3,1,0.96926886,0.7800000000000001,1,1
assurance_triage,19,mal--assurance_triage--ring--n4--guard_suppression--r3,0,0.3592301,0.7800000000000001,0,0
assurance_triage,19,mal--assurance_triage--ring--n4--guard_suppression--r3,0,0.011506175,0.7800000000000001,0,0
assurance_triage,19,mal--assurance_triage--ring--n8--control_plane_worm--r5,1,0.8488933,0.7800000000000001,1,1
assurance_triage,19,mal--assurance_triage--ring--n8--control_plane_worm--r5,1,0.14820446,0.7800000000000001,0,0
assurance_triage,19,mal--assurance_triage--ring--n8--control_plane_worm--r5,0,0.007552972,0.7800000000000001,0,0
assurance_triage,19,mal--assurance_triage--ring--n8--recovery_poisoning--r4,1,0.5738338,0.7800000000000001,0,1
assurance_triage,19,mal--assurance_triage--ring--n8--recovery_poisoning--r4,1,0.44276583,0.7800000000000001,0,0
assurance_triage,19,mal--assurance_triage--star--n10--control_plane_worm--r4,1,0.35217923,0.7800000000000001,0,0
assurance_triage,19,mal--assurance_triage--star--n10--control_plane_worm--r4,0,0.019044422,0.7800000000000001,0,0
assurance_triage,19,mal--assurance_triage--star--n10--guard_suppression--r1,1,0.93820894,0.7800000000000001,1,1
assurance_triage,19,mal--assurance_triage--star--n10--guard_suppression--r1,0,0.07851814,0.7800000000000001,0,0
assurance_triage,19,mal--assurance_triage--star--n10--guard_suppression--r6,1,0.7837838,0.7800000000000001,1,1
assurance_triage,19,mal--assurance_triage--star--n10--guard_suppression--r6,0,0.077438384,0.7800000000000001,0,0
assurance_triage,19,mal--assurance_triage--star--n10--slice_takeover--r5,1,0.9500243,0.7800000000000001,1,1
assurance_triage,19,mal--assurance_triage--star--n10--slice_takeover--r5,0,0.1327394,0.7800000000000001,0,0
assurance_triage,19,mal--assurance_triage--star--n15--control_plane_worm--r3,1,0.9803129,0.7800000000000001,1,1
assurance_triage,19,mal--assurance_triage--star--n15--control_plane_worm--r3,0,0.41393763,0.7800000000000001,0,0
assurance_triage,19,mal--assurance_triage--star--n15--guard_suppression--r2,1,0.93944407,0.7800000000000001,1,1
assurance_triage,19,mal--assurance_triage--star--n15--guard_suppression--r2,0,0.8539021,0.7800000000000001,1,1
assurance_triage,19,mal--assurance_triage--star--n15--guard_suppression--r5,1,0.220686,0.7800000000000001,0,0
assurance_triage,19,mal--assurance_triage--star--n15--guard_suppression--r5,0,0.09029872,0.7800000000000001,0,0
assurance_triage,19,mal--assurance_triage--star--n15--recovery_poisoning--r2,1,0.40528515,0.7800000000000001,0,0
assurance_triage,19,mal--assurance_triage--star--n15--recovery_poisoning--r2,0,0.9517713,0.7800000000000001,1,1
assurance_triage,19,mal--assurance_triage--star--n15--recovery_poisoning--r2,0,0.0047212993,0.7800000000000001,0,0
assurance_triage,19,mal--assurance_triage--star--n15--recovery_poisoning--r2,0,0.00588687,0.7800000000000001,0,0
assurance_triage,19,mal--assurance_triage--star--n15--recovery_poisoning--r2,0,0.00820882,0.7800000000000001,0,0
assurance_triage,19,mal--assurance_triage--star--n15--slice_takeover--r1,1,0.9613763,0.7800000000000001,1,1
assurance_triage,19,mal--assurance_triage--star--n15--slice_takeover--r1,0,0.7011366,0.7800000000000001,0,1
assurance_triage,19,mal--assurance_triage--star--n15--slice_takeover--r4,1,0.96750057,0.7800000000000001,1,1
assurance_triage,19,mal--assurance_triage--star--n15--slice_takeover--r4,0,0.1640818,0.7800000000000001,0,0
assurance_triage,19,mal--assurance_triage--star--n20--control_plane_worm--r2,1,0.5236997,0.7800000000000001,0,1
assurance_triage,19,mal--assurance_triage--star--n20--control_plane_worm--r2,0,0.059160467,0.7800000000000001,0,0
assurance_triage,19,mal--assurance_triage--star--n20--exfiltration_propagation--r5,0,0.05007556,0.7800000000000001,0,0
assurance_triage,19,mal--assurance_triage--star--n20--guard_suppression--r4,1,0.74248683,0.7800000000000001,0,1
assurance_triage,19,mal--assurance_triage--star--n20--guard_suppression--r4,0,0.4931193,0.7800000000000001,0,0
assurance_triage,19,mal--assurance_triage--star--n20--recovery_poisoning--r6,1,0.7688372,0.7800000000000001,0,1
assurance_triage,19,mal--assurance_triage--star--n20--recovery_poisoning--r6,1,0.9788063,0.7800000000000001,1,1
assurance_triage,19,mal--assurance_triage--star--n20--recovery_poisoning--r6,0,0.18466485,0.7800000000000001,0,0
assurance_triage,19,mal--assurance_triage--star--n20--recovery_poisoning--r6,0,0.005323467,0.7800000000000001,0,0
assurance_triage,19,mal--assurance_triage--star--n20--slice_takeover--r3,1,0.57751,0.7800000000000001,0,1
assurance_triage,19,mal--assurance_triage--star--n20--slice_takeover--r3,0,0.16680709,0.7800000000000001,0,0
assurance_triage,19,mal--assurance_triage--star--n4--exfiltration_propagation--r4,1,0.3375023,0.7800000000000001,0,0
assurance_triage,19,mal--assurance_triage--star--n4--exfiltration_propagation--r4,0,0.06084546,0.7800000000000001,0,0
assurance_triage,19,mal--assurance_triage--star--n4--exfiltration_propagation--r4,0,0.022827039,0.7800000000000001,0,0
assurance_triage,19,mal--assurance_triage--star--n4--recovery_poisoning--r5,1,0.9670136,0.7800000000000001,1,1
assurance_triage,19,mal--assurance_triage--star--n4--recovery_poisoning--r5,0,0.04185234,0.7800000000000001,0,0
assurance_triage,19,mal--assurance_triage--star--n4--recovery_poisoning--r5,0,0.10535479,0.7800000000000001,0,0
assurance_triage,19,mal--assurance_triage--star--n8--exfiltration_propagation--r2,0,0.920881,0.7800000000000001,1,1
assurance_triage,19,mal--assurance_triage--star--n8--guard_suppression--r1,1,0.76097804,0.7800000000000001,0,1
assurance_triage,19,mal--assurance_triage--star--n8--guard_suppression--r1,0,0.11963006,0.7800000000000001,0,0
assurance_triage,19,mal--assurance_triage--star--n8--guard_suppression--r2,1,0.96249866,0.7800000000000001,1,1
assurance_triage,19,mal--assurance_triage--star--n8--guard_suppression--r2,0,0.02354346,0.7800000000000001,0,0
assurance_triage,31,benign--assurance_triage--chain--n10--containment_drill--r4,0,0.0030960743,0.5200000000000001,0,0
assurance_triage,31,benign--assurance_triage--chain--n10--maintenance_notice--r2,0,0.0047483197,0.5200000000000001,0,0
assurance_triage,31,benign--assurance_triage--chain--n10--maintenance_notice--r2,0,0.0010837906,0.5200000000000001,0,0
assurance_triage,31,benign--assurance_triage--chain--n10--maintenance_notice--r2,0,0.0077817547,0.5200000000000001,0,0
assurance_triage,31,benign--assurance_triage--chain--n10--maintenance_notice--r2,0,0.0041757193,0.5200000000000001,0,0
assurance_triage,31,benign--assurance_triage--chain--n10--maintenance_notice--r2,0,0.0026987854,0.5200000000000001,0,0
assurance_triage,31,benign--assurance_triage--chain--n10--routine_update--r1,0,0.022064641,0.5200000000000001,0,0
assurance_triage,31,benign--assurance_triage--chain--n10--routine_update--r1,0,0.042762633,0.5200000000000001,0,0
assurance_triage,31,benign--assurance_triage--chain--n15--containment_drill--r2,0,0.0010920833,0.5200000000000001,0,0
assurance_triage,31,benign--assurance_triage--chain--n15--maintenance_notice--r4,0,0.00045801527,0.5200000000000001,0,0
assurance_triage,31,benign--assurance_triage--chain--n20--quoted_attack_review--r3,0,0.0027989165,0.5200000000000001,0,0
assurance_triage,31,benign--assurance_triage--chain--n20--quoted_attack_review--r3,0,0.0029419789,0.5200000000000001,0,0
assurance_triage,31,benign--assurance_triage--chain--n20--quoted_attack_review--r3,0,0.0013380909,0.5200000000000001,0,0
assurance_triage,31,benign--assurance_triage--chain--n20--quoted_attack_review--r3,0,0.0043472024,0.5200000000000001,0,0
assurance_triage,31,benign--assurance_triage--chain--n20--routine_update--r1,0,0.0071114087,0.5200000000000001,0,0
assurance_triage,31,benign--assurance_triage--chain--n4--maintenance_notice--r6,0,0.002308502,0.5200000000000001,0,0
assurance_triage,31,benign--assurance_triage--chain--n4--quoted_attack_review--r3,0,0.0120871905,0.5200000000000001,0,0
assurance_triage,31,benign--assurance_triage--chain--n4--quoted_attack_review--r3,0,0.005731252,0.5200000000000001,0,0
assurance_triage,31,benign--assurance_triage--chain--n4--quoted_attack_review--r3,0,0.0008202506,0.5200000000000001,0,0
assurance_triage,31,benign--assurance_triage--chain--n4--routine_update--r1,0,0.0054657175,0.5200000000000001,0,0
assurance_triage,31,benign--assurance_triage--chain--n4--routine_update--r1,0,0.29171664,0.5200000000000001,0,0
assurance_triage,31,benign--assurance_triage--chain--n8--containment_drill--r2,0,0.00081838114,0.5200000000000001,0,0
assurance_triage,31,benign--assurance_triage--chain--n8--maintenance_notice--r4,0,0.0017142359,0.5200000000000001,0,0
assurance_triage,31,benign--assurance_triage--chain--n8--maintenance_notice--r4,0,0.004733904,0.5200000000000001,0,0
assurance_triage,31,benign--assurance_triage--chain--n8--maintenance_notice--r4,0,0.0007949724,0.5200000000000001,0,0
assurance_triage,31,benign--assurance_triage--chain--n8--routine_update--r3,0,0.0018731368,0.5200000000000001,0,0
assurance_triage,31,benign--assurance_triage--mesh_lite--n10--containment_drill--r6,0,0.0015042752,0.5200000000000001,0,0
assurance_triage,31,benign--assurance_triage--mesh_lite--n10--containment_drill--r6,0,0.0019869287,0.5200000000000001,0,0
assurance_triage,31,benign--assurance_triage--mesh_lite--n10--containment_drill--r6,0,0.0012523702,0.5200000000000001,0,0
assurance_triage,31,benign--assurance_triage--mesh_lite--n10--maintenance_notice--r4,0,0.0035361063,0.5200000000000001,0,0
assurance_triage,31,benign--assurance_triage--mesh_lite--n15--containment_drill--r4,0,0.004675272,0.5200000000000001,0,0
assurance_triage,31,benign--assurance_triage--mesh_lite--n15--containment_drill--r4,0,0.008587613,0.5200000000000001,0,0
assurance_triage,31,benign--assurance_triage--mesh_lite--n15--containment_drill--r4,0,0.0031428733,0.5200000000000001,0,0
assurance_triage,31,benign--assurance_triage--mesh_lite--n15--containment_drill--r4,0,0.00140357,0.5200000000000001,0,0
assurance_triage,31,benign--assurance_triage--mesh_lite--n15--containment_drill--r4,0,0.0018397919,0.5200000000000001,0,0
assurance_triage,31,benign--assurance_triage--mesh_lite--n15--maintenance_notice--r2,0,0.003414964,0.5200000000000001,0,0
assurance_triage,31,benign--assurance_triage--mesh_lite--n15--maintenance_notice--r2,0,0.058984317,0.5200000000000001,0,0
assurance_triage,31,benign--assurance_triage--mesh_lite--n15--maintenance_notice--r2,0,0.5275535,0.5200000000000001,1,1
assurance_triage,31,benign--assurance_triage--mesh_lite--n15--maintenance_notice--r2,0,0.69417435,0.5200000000000001,1,1
assurance_triage,31,benign--assurance_triage--mesh_lite--n15--maintenance_notice--r2,0,0.10761201,0.5200000000000001,0,0
assurance_triage,31,benign--assurance_triage--mesh_lite--n15--maintenance_notice--r2,0,0.08162119,0.5200000000000001,0,0
assurance_triage,31,benign--assurance_triage--mesh_lite--n15--routine_update--r5,0,0.0035931945,0.5200000000000001,0,0
assurance_triage,31,benign--assurance_triage--mesh_lite--n15--routine_update--r5,0,0.1438883,0.5200000000000001,0,0
assurance_triage,31,benign--assurance_triage--mesh_lite--n15--routine_update--r5,0,0.0012128316,0.5200000000000001,0,0
assurance_triage,31,benign--assurance_triage--mesh_lite--n15--routine_update--r5,0,0.01020982,0.5200000000000001,0,0
assurance_triage,31,benign--assurance_triage--mesh_lite--n15--routine_update--r5,0,0.040210523,0.5200000000000001,0,0
assurance_triage,31,benign--assurance_triage--mesh_lite--n15--routine_update--r5,0,0.072110645,0.5200000000000001,0,0
assurance_triage,31,benign--assurance_triage--mesh_lite--n20--containment_drill--r6,0,0.0015181835,0.5200000000000001,0,0
assurance_triage,31,benign--assurance_triage--mesh_lite--n20--containment_drill--r6,0,0.0018209413,0.5200000000000001,0,0
assurance_triage,31,benign--assurance_triage--mesh_lite--n20--quoted_attack_review--r5,0,0.0022184732,0.5200000000000001,0,0
assurance_triage,31,benign--assurance_triage--mesh_lite--n20--quoted_attack_review--r5,0,0.012436985,0.5200000000000001,0,0
assurance_triage,31,benign--assurance_triage--mesh_lite--n20--quoted_attack_review--r5,0,0.0032908234,0.5200000000000001,0,0
assurance_triage,31,benign--assurance_triage--mesh_lite--n20--quoted_attack_review--r5,0,0.024513053,0.5200000000000001,0,0
assurance_triage,31,benign--assurance_triage--mesh_lite--n20--routine_update--r3,0,0.002264306,0.5200000000000001,0,0
assurance_triage,31,benign--assurance_triage--mesh_lite--n4--containment_drill--r2,0,0.00083284295,0.5200000000000001,0,0
assurance_triage,31,benign--assurance_triage--mesh_lite--n4--containment_drill--r6,0,0.0009579048,0.5200000000000001,0,0
assurance_triage,31,benign--assurance_triage--mesh_lite--n4--routine_update--r3,0,0.0030175822,0.5200000000000001,0,0
assurance_triage,31,benign--assurance_triage--mesh_lite--n8--containment_drill--r4,0,0.0008693898,0.5200000000000001,0,0
assurance_triage,31,benign--assurance_triage--mesh_lite--n8--maintenance_notice--r2,0,0.0023130795,0.5200000000000001,0,0
assurance_triage,31,benign--assurance_triage--mesh_lite--n8--routine_update--r1,0,0.019938696,0.5200000000000001,0,0
assurance_triage,31,benign--assurance_triage--mesh_lite--n8--routine_update--r1,0,0.24082778,0.5200000000000001,0,0
assurance_triage,31,benign--assurance_triage--mesh_lite--n8--routine_update--r1,0,0.047946904,0.5200000000000001,0,0
assurance_triage,31,benign--assurance_triage--mesh_lite--n8--routine_update--r1,0,0.0020885754,0.5200000000000001,0,0
assurance_triage,31,benign--assurance_triage--mesh_lite--n8--routine_update--r1,0,0.0018449918,0.5200000000000001,0,0
assurance_triage,31,benign--assurance_triage--random_min_degree--n10--maintenance_notice--r6,0,0.001338769,0.5200000000000001,0,0
assurance_triage,31,benign--assurance_triage--random_min_degree--n10--maintenance_notice--r6,0,0.0035995117,0.5200000000000001,0,0
assurance_triage,31,benign--assurance_triage--random_min_degree--n10--maintenance_notice--r6,0,0.004329845,0.5200000000000001,0,0
assurance_triage,31,benign--assurance_triage--random_min_degree--n10--quoted_attack_review--r3,0,0.002572589,0.5200000000000001,0,0
assurance_triage,31,benign--assurance_triage--random_min_degree--n10--quoted_attack_review--r3,0,0.0130277295,0.5200000000000001,0,0
assurance_triage,31,benign--assurance_triage--random_min_degree--n10--quoted_attack_review--r3,0,0.0017184673,0.5200000000000001,0,0
assurance_triage,31,benign--assurance_triage--random_min_degree--n10--routine_update--r1,0,0.0014588938,0.5200000000000001,0,0
assurance_triage,31,benign--assurance_triage--random_min_degree--n15--containment_drill--r2,0,0.0011283089,0.5200000000000001,0,0
assurance_triage,31,benign--assurance_triage--random_min_degree--n15--maintenance_notice--r4,0,0.0046262145,0.5200000000000001,0,0
assurance_triage,31,benign--assurance_triage--random_min_degree--n15--maintenance_notice--r4,0,0.05613443,0.5200000000000001,0,0
assurance_triage,31,benign--assurance_triage--random_min_degree--n15--maintenance_notice--r4,0,0.01693516,0.5200000000000001,0,0
assurance_triage,31,benign--assurance_triage--random_min_degree--n15--maintenance_notice--r4,0,0.006076238,0.5200000000000001,0,0
assurance_triage,31,benign--assurance_triage--random_min_degree--n15--maintenance_notice--r4,0,0.0027617877,0.5200000000000001,0,0
assurance_triage,31,benign--assurance_triage--random_min_degree--n15--quoted_attack_review--r1,0,0.0012133215,0.5200000000000001,0,0
assurance_triage,31,benign--assurance_triage--random_min_degree--n15--routine_update--r3,0,0.0045360927,0.5200000000000001,0,0
assurance_triage,31,benign--assurance_triage--random_min_degree--n15--routine_update--r3,0,0.0016913007,0.5200000000000001,0,0
assurance_triage,31,benign--assurance_triage--random_min_degree--n15--routine_update--r3,0,0.003107054,0.5200000000000001,0,0
assurance_triage,31,benign--assurance_triage--random_min_degree--n20--containment_drill--r4,0,0.0016890486,0.5200000000000001,0,0
assurance_triage,31,benign--assurance_triage--random_min_degree--n20--maintenance_notice--r2,0,0.001099641,0.5200000000000001,0,0
assurance_triage,31,benign--assurance_triage--random_min_degree--n20--maintenance_notice--r6,0,0.0014095791,0.5200000000000001,0,0
assurance_triage,31,benign--assurance_triage--random_min_degree--n20--maintenance_notice--r6,0,0.0031812345,0.5200000000000001,0,0
assurance_triage,31,benign--assurance_triage--random_min_degree--n20--maintenance_notice--r6,0,0.0014420555,0.5200000000000001,0,0
assurance_triage,31,benign--assurance_triage--random_min_degree--n20--routine_update--r1,0,0.001960549,0.5200000000000001,0,0
assurance_triage,31,benign--assurance_triage--random_min_degree--n4--maintenance_notice--r2,0,0.00082384987,0.5200000000000001,0,0
assurance_triage,31,benign--assurance_triage--random_min_degree--n4--maintenance_notice--r6,0,0.012145333,0.5200000000000001,0,0
assurance_triage,31,benign--assurance_triage--random_min_degree--n4--maintenance_notice--r6,0,0.02411216,0.5200000000000001,0,0
assurance_triage,31,benign--assurance_triage--random_min_degree--n4--quoted_attack_review--r3,0,0.0028804194,0.5200000000000001,0,0
assurance_triage,31,benign--assurance_triage--random_min_degree--n4--quoted_attack_review--r3,0,0.001723371,0.5200000000000001,0,0
assurance_triage,31,benign--assurance_triage--random_min_degree--n4--quoted_attack_review--r3,0,0.025330769,0.5200000000000001,0,0
assurance_triage,31,benign--assurance_triage--random_min_degree--n4--quoted_attack_review--r3,0,0.007025823,0.5200000000000001,0,0
assurance_triage,31,benign--assurance_triage--random_min_degree--n4--quoted_attack_review--r3,0,0.00063926936,0.5200000000000001,0,0
assurance_triage,31,benign--assurance_triage--random_min_degree--n4--quoted_attack_review--r3,0,0.0036985714,0.5200000000000001,0,0
assurance_triage,31,benign--assurance_triage--random_min_degree--n4--routine_update--r1,0,0.0020176442,0.5200000000000001,0,0
assurance_triage,31,benign--assurance_triage--random_min_degree--n4--routine_update--r5,0,0.0038117678,0.5200000000000001,0,0
assurance_triage,31,benign--assurance_triage--random_min_degree--n8--containment_drill--r6,0,0.002408481,0.5200000000000001,0,0
assurance_triage,31,benign--assurance_triage--random_min_degree--n8--routine_update--r3,0,0.0031617486,0.5200000000000001,0,0
assurance_triage,31,benign--assurance_triage--random_min_degree--n8--routine_update--r3,0,0.0028734186,0.5200000000000001,0,0
assurance_triage,31,benign--assurance_triage--ring--n10--containment_drill--r4,0,0.004292932,0.5200000000000001,0,0
assurance_triage,31,benign--assurance_triage--ring--n10--containment_drill--r4,0,0.006810073,0.5200000000000001,0,0
assurance_triage,31,benign--assurance_triage--ring--n10--containment_drill--r4,0,0.011628443,0.5200000000000001,0,0
assurance_triage,31,benign--assurance_triage--ring--n10--containment_drill--r4,0,0.0014947241,0.5200000000000001,0,0
assurance_triage,31,benign--assurance_triage--ring--n10--containment_drill--r4,0,0.002837381,0.5200000000000001,0,0
assurance_triage,31,benign--assurance_triage--ring--n10--containment_drill--r4,0,0.004762273,0.5200000000000001,0,0
assurance_triage,31,benign--assurance_triage--ring--n10--routine_update--r1,0,0.0018706609,0.5200000000000001,0,0
assurance_triage,31,benign--assurance_triage--ring--n10--routine_update--r5,0,0.006186156,0.5200000000000001,0,0
assurance_triage,31,benign--assurance_triage--ring--n10--routine_update--r5,0,0.011972346,0.5200000000000001,0,0
assurance_triage,31,benign--assurance_triage--ring--n15--containment_drill--r2,0,0.0015612141,0.5200000000000001,0,0
assurance_triage,31,benign--assurance_triage--ring--n15--maintenance_notice--r4,0,0.0017384115,0.5200000000000001,0,0
assurance_triage,31,benign--assurance_triage--ring--n15--routine_update--r3,0,0.003594108,0.5200000000000001,0,0
assurance_triage,31,benign--assurance_triage--ring--n20--containment_drill--r4,0,0.002827919,0.5200000000000001,0,0
assurance_triage,31,benign--assurance_triage--ring--n20--containment_drill--r4,0,0.0023739936,0.5200000000000001,0,0
assurance_triage,31,benign--assurance_triage--ring--n20--containment_drill--r4,0,0.007630304,0.5200000000000001,0,0
assurance_triage,31,benign--assurance_triage--ring--n20--maintenance_notice--r6,0,0.0024587077,0.5200000000000001,0,0
assurance_triage,31,benign--assurance_triage--ring--n20--maintenance_notice--r6,0,0.0008025561,0.5200000000000001,0,0
assurance_triage,31,benign--assurance_triage--ring--n20--maintenance_notice--r6,0,0.0015652716,0.5200000000000001,0,0
assurance_triage,31,benign--assurance_triage--ring--n20--quoted_attack_review--r3,0,0.004257513,0.5200000000000001,0,0
assurance_triage,31,benign--assurance_triage--ring--n20--quoted_attack_review--r3,0,0.0107770255,0.5200000000000001,0,0
assurance_triage,31,benign--assurance_triage--ring--n20--quoted_attack_review--r3,0,0.004561517,0.5200000000000001,0,0
assurance_triage,31,benign--assurance_triage--ring--n20--routine_update--r1,0,0.00460578,0.5200000000000001,0,0
assurance_triage,31,benign--assurance_triage--ring--n20--routine_update--r1,0,0.0019263137,0.5200000000000001,0,0
assurance_triage,31,benign--assurance_triage--ring--n20--routine_update--r1,0,0.015995745,0.5200000000000001,0,0
assurance_triage,31,benign--assurance_triage--ring--n20--routine_update--r1,0,0.003149804,0.5200000000000001,0,0
assurance_triage,31,benign--assurance_triage--ring--n20--routine_update--r5,0,0.005114166,0.5200000000000001,0,0
assurance_triage,31,benign--assurance_triage--ring--n20--routine_update--r5,0,0.005918962,0.5200000000000001,0,0
assurance_triage,31,benign--assurance_triage--ring--n20--routine_update--r5,0,0.000751205,0.5200000000000001,0,0
assurance_triage,31,benign--assurance_triage--ring--n4--quoted_attack_review--r3,0,0.011261899,0.5200000000000001,0,0
assurance_triage,31,benign--assurance_triage--ring--n4--quoted_attack_review--r3,0,0.0017128909,0.5200000000000001,0,0
assurance_triage,31,benign--assurance_triage--ring--n4--routine_update--r1,0,0.00238215,0.5200000000000001,0,0
assurance_triage,31,benign--assurance_triage--ring--n4--routine_update--r5,0,0.0015282693,0.5200000000000001,0,0
assurance_triage,31,benign--assurance_triage--ring--n8--containment_drill--r2,0,0.00074579194,0.5200000000000001,0,0
assurance_triage,31,benign--assurance_triage--ring--n8--containment_drill--r6,0,0.0015424188,0.5200000000000001,0,0
assurance_triage,31,benign--assurance_triage--ring--n8--containment_drill--r6,0,0.025061533,0.5200000000000001,0,0
assurance_triage,31,benign--assurance_triage--ring--n8--containment_drill--r6,0,0.00636081,0.5200000000000001,0,0
assurance_triage,31,benign--assurance_triage--ring--n8--quoted_attack_review--r5,0,0.0065310393,0.5200000000000001,0,0
assurance_triage,31,benign--assurance_triage--ring--n8--quoted_attack_review--r5,0,0.0063688345,0.5200000000000001,0,0
assurance_triage,31,benign--assurance_triage--ring--n8--quoted_attack_review--r5,0,0.0054013357,0.5200000000000001,0,0
assurance_triage,31,benign--assurance_triage--ring--n8--quoted_attack_review--r5,0,0.013327092,0.5200000000000001,0,0
assurance_triage,31,benign--assurance_triage--ring--n8--quoted_attack_review--r5,0,0.009875751,0.5200000000000001,0,0
assurance_triage,31,benign--assurance_triage--ring--n8--routine_update--r3,0,0.0013580789,0.5200000000000001,0,0
assurance_triage,31,benign--assurance_triage--star--n10--containment_drill--r2,0,0.0014009445,0.5200000000000001,0,0
assurance_triage,31,benign--assurance_triage--star--n10--containment_drill--r2,0,0.001858748,0.5200000000000001,0,0
assurance_triage,31,benign--assurance_triage--star--n10--quoted_attack_review--r1,0,0.001448963,0.5200000000000001,0,0
assurance_triage,31,benign--assurance_triage--star--n10--quoted_attack_review--r5,0,0.000986541,0.5200000000000001,0,0
assurance_triage,31,benign--assurance_triage--star--n10--routine_update--r3,0,0.0047483128,0.5200000000000001,0,0
assurance_triage,31,benign--assurance_triage--star--n15--maintenance_notice--r6,0,0.0017928103,0.5200000000000001,0,0
assurance_triage,31,benign--assurance_triage--star--n15--maintenance_notice--r6,0,0.0028313783,0.5200000000000001,0,0
assurance_triage,31,benign--assurance_triage--star--n15--routine_update--r1,0,0.040097605,0.5200000000000001,0,0
assurance_triage,31,benign--assurance_triage--star--n15--routine_update--r5,0,0.0022984543,0.5200000000000001,0,0
assurance_triage,31,benign--assurance_triage--star--n15--routine_update--r5,0,0.0014229416,0.5200000000000001,0,0
assurance_triage,31,benign--assurance_triage--star--n20--containment_drill--r2,0,0.0033337667,0.5200000000000001,0,0
assurance_triage,31,benign--assurance_triage--star--n20--containment_drill--r2,0,0.005262727,0.5200000000000001,0,0
assurance_triage,31,benign--assurance_triage--star--n20--containment_drill--r2,0,0.0015995306,0.5200000000000001,0,0
assurance_triage,31,benign--assurance_triage--star--n20--containment_drill--r6,0,0.0016290536,0.5200000000000001,0,0
assurance_triage,31,benign--assurance_triage--star--n20--containment_drill--r6,0,0.0037624973,0.5200000000000001,0,0
assurance_triage,31,benign--assurance_triage--star--n20--maintenance_notice--r4,0,0.0018671209,0.5200000000000001,0,0
assurance_triage,31,benign--assurance_triage--star--n20--maintenance_notice--r4,0,0.0017126064,0.5200000000000001,0,0
assurance_triage,31,benign--assurance_triage--star--n20--quoted_attack_review--r5,0,0.0013272251,0.5200000000000001,0,0
assurance_triage,31,benign--assurance_triage--star--n20--routine_update--r3,0,0.003777647,0.5200000000000001,0,0
assurance_triage,31,benign--assurance_triage--star--n20--routine_update--r3,0,0.0026012682,0.5200000000000001,0,0
assurance_triage,31,benign--assurance_triage--star--n4--containment_drill--r6,0,0.00081603526,0.5200000000000001,0,0
assurance_triage,31,benign--assurance_triage--star--n8--containment_drill--r4,0,0.00094649836,0.5200000000000001,0,0
assurance_triage,31,benign--assurance_triage--star--n8--maintenance_notice--r2,0,0.0011598262,0.5200000000000001,0,0
assurance_triage,31,benign--assurance_triage--star--n8--maintenance_notice--r6,0,0.002226245,0.5200000000000001,0,0
assurance_triage,31,benign--assurance_triage--star--n8--maintenance_notice--r6,0,0.003060062,0.5200000000000001,0,0
assurance_triage,31,benign--assurance_triage--star--n8--quoted_attack_review--r3,0,0.0018862825,0.5200000000000001,0,0
assurance_triage,31,benign--assurance_triage--star--n8--routine_update--r1,0,0.002238952,0.5200000000000001,0,0
assurance_triage,31,benign--assurance_triage--star--n8--routine_update--r1,0,0.054758362,0.5200000000000001,0,0
assurance_triage,31,benign--assurance_triage--star--n8--routine_update--r5,0,0.014581194,0.5200000000000001,0,0
assurance_triage,31,benign--assurance_triage--star--n8--routine_update--r5,0,0.036354057,0.5200000000000001,0,0
assurance_triage,31,mal--assurance_triage--chain--n10--control_plane_worm--r4,1,0.26451874,0.5200000000000001,0,0
assurance_triage,31,mal--assurance_triage--chain--n10--control_plane_worm--r4,1,0.0044627814,0.5200000000000001,0,0
assurance_triage,31,mal--assurance_triage--chain--n10--control_plane_worm--r4,0,0.0015777159,0.5200000000000001,0,0
assurance_triage,31,mal--assurance_triage--chain--n10--exfiltration_propagation--r2,0,0.06346842,0.5200000000000001,0,0
assurance_triage,31,mal--assurance_triage--chain--n10--recovery_poisoning--r1,1,0.7774241,0.5200000000000001,1,1
assurance_triage,31,mal--assurance_triage--chain--n10--recovery_poisoning--r1,0,0.8148797,0.5200000000000001,1,1
assurance_triage,31,mal--assurance_triage--chain--n10--recovery_poisoning--r1,0,0.019033441,0.5200000000000001,0,0
assurance_triage,31,mal--assurance_triage--chain--n15--exfiltration_propagation--r1,1,0.97559345,0.5200000000000001,1,1
assurance_triage,31,mal--assurance_triage--chain--n15--exfiltration_propagation--r1,1,0.67750025,0.5200000000000001,1,1
assurance_triage,31,mal--assurance_triage--chain--n15--exfiltration_propagation--r1,0,0.06348245,0.5200000000000001,0,0
assurance_triage,31,mal--assurance_triage--chain--n15--exfiltration_propagation--r1,0,0.003950083,0.5200000000000001,0,0
assurance_triage,31,mal--assurance_triage--chain--n15--guard_suppression--r2,1,0.9676021,0.5200000000000001,1,1
assurance_triage,31,mal--assurance_triage--chain--n15--guard_suppression--r2,1,0.846502,0.5200000000000001,1,1
assurance_triage,31,mal--assurance_triage--chain--n15--guard_suppression--r2,1,0.8052453,0.5200000000000001,1,1
assurance_triage,31,mal--assurance_triage--chain--n15--guard_suppression--r2,1,0.80320525,0.5200000000000001,1,1
assurance_triage,31,mal--assurance_triage--chain--n15--guard_suppression--r2,0,0.0033197035,0.5200000000000001,0,0
assurance_triage,31,mal--assurance_triage--chain--n15--guard_suppression--r5,1,0.34883106,0.5200000000000001,0,0
assurance_triage,31,mal--assurance_triage--chain--n15--guard_suppression--r5,0,0.0024952781,0.5200000000000001,0,0
assurance_triage,31,mal--assurance_triage--chain--n15--guard_suppression--r5,0,0.019517632,0.5200000000000001,0,0
assurance_triage,31,mal--assurance_triage--chain--n15--slice_takeover--r1,1,0.9055339,0.5200000000000001,1,1
assurance_triage,31,mal--assurance_triage--chain--n15--slice_takeover--r1,1,0.9813153,0.5200000000000001,1,1
assurance_triage,31,mal--assurance_triage--chain--n15--slice_takeover--r1,1,0.12681498,0.5200000000000001,0,0
assurance_triage,31,mal--assurance_triage--chain--n15--slice_takeover--r1,0,0.010724433,0.5200000000000001,0,0
assurance_triage,31,mal--assurance_triage--chain--n15--slice_takeover--r4,1,0.9596965,0.5200000000000001,1,1
assurance_triage,31,mal--assurance_triage--chain--n15--slice_takeover--r4,1,0.9479437,0.5200000000000001,1,1
assurance_triage,31,mal--assurance_triage--chain--n15--slice_takeover--r4,1,0.8007663,0.5200000000000001,1,1
assurance_triage,31,mal--assurance_triage--chain--n20--control_plane_worm--r2,1,0.67719746,0.5200000000000001,1,1
assurance_triage,31,mal--assurance_triage--chain--n20--control_plane_worm--r2,0,0.0017615578,0.5200000000000001,0,0
assurance_triage,31,mal--assurance_triage--chain--n20--exfiltration_propagation--r1,1,0.97559345,0.5200000000000001,1,1
assurance_triage,31,mal--assurance_triage--chain--n20--exfiltration_propagation--r1,1,0.98040366,0.5200000000000001,1,1
assurance_triage,31,mal--assurance_triage--chain--n20--exfiltration_propagation--r1,0,0.51420563,0.5200000000000001,0,1
assurance_triage,31,mal--assurance_triage--chain--n20--exfiltration_propagation--r1,0,0.029578408,0.5200000000000001,0,0
assurance_triage,31,mal--assurance_triage--chain--n20--guard_suppression--r4,1,0.9801224,0.5200000000000001,1,1
assurance_triage,31,mal--assurance_triage--chain--n20--recovery_poisoning--r6,1,0.6900801,0.5200000000000001,1,1
assurance_triage,31,mal--assurance_triage--chain--n20--recovery_poisoning--r6,0,0.013639766,0.5200000000000001,0,0
assurance_triage,31,mal--assurance_triage--chain--n20--recovery_poisoning--r6,1,0.07953911,0.5200000000000001,0,0
assurance_triage,31,mal--assurance_triage--chain--n20--slice_takeover--r3,1,0.9538104,0.5200000000000001,1,1
assurance_triage,31,mal--assurance_triage--chain--n20--slice_takeover--r3,1,0.98552936,0.5200000000000001,1,1
assurance_triage,31,mal--assurance_triage--chain--n20--slice_takeover--r3,1,0.96647847,0.5200000000000001,1,1
assurance_triage,31,mal--assurance_triage--chain--n20--slice_takeover--r3,1,0.96287906,0.5200000000000001,1,1
assurance_triage,31,mal--assurance_triage--chain--n20--slice_takeover--r3,1,0.92869174,0.5200000000000001,1,1
assurance_triage,31,mal--assurance_triage--chain--n4--control_plane_worm--r1,1,0.052366234,0.5200000000000001,0,0
assurance_triage,31,mal--assurance_triage--chain--n4--slice_takeover--r2,1,0.8774564,0.5200000000000001,1,1
assurance_triage,31,mal--assurance_triage--chain--n4--slice_takeover--r2,0,0.20204622,0.5200000000000001,0,0
assurance_triage,31,mal--assurance_triage--chain--n8--control_plane_worm--r5,1,0.95421576,0.5200000000000001,1,1
assurance_triage,31,mal--assurance_triage--chain--n8--control_plane_worm--r5,0,0.002439695,0.5200000000000001,0,0
assurance_triage,31,mal--assurance_triage--chain--n8--exfiltration_propagation--r2,1,0.877963,0.5200000000000001,1,1
assurance_triage,31,mal--assurance_triage--chain--n8--exfiltration_propagation--r2,0,0.0055642542,0.5200000000000001,0,0
assurance_triage,31,mal--assurance_triage--chain--n8--exfiltration_propagation--r2,0,0.4190098,0.5200000000000001,0,0
assurance_triage,31,mal--assurance_triage--chain--n8--guard_suppression--r1,1,0.83862156,0.5200000000000001,1,1
assurance_triage,31,mal--assurance_triage--chain--n8--guard_suppression--r1,1,0.8828048,0.5200000000000001,1,1
assurance_triage,31,mal--assurance_triage--chain--n8--guard_suppression--r1,0,0.017800236,0.5200000000000001,0,0
assurance_triage,31,mal--assurance_triage--chain--n8--guard_suppression--r1,0,0.01749238,0.5200000000000001,0,0
assurance_triage,31,mal--assurance_triage--chain--n8--guard_suppression--r1,0,0.005372645,0.5200000000000001,0,0
assurance_triage,31,mal--assurance_triage--chain--n8--guard_suppression--r2,1,0.86657876,0.5200000000000001,1,1
assurance_triage,31,mal--assurance_triage--chain--n8--guard_suppression--r2,0,0.007526183,0.5200000000000001,0,0
assurance_triage,31,mal--assurance_triage--chain--n8--guard_suppression--r2,0,0.0120017575,0.5200000000000001,0,0
assurance_triage,31,mal--assurance_triage--chain--n8--recovery_poisoning--r4,1,0.61153936,0.5200000000000001,1,1
assurance_triage,31,mal--assurance_triage--mesh_lite--n10--control_plane_worm--r2,1,0.36876157,0.5200000000000001,0,0
assurance_triage,31,mal--assurance_triage--mesh_lite--n10--control_plane_worm--r2,0,0.015186047,0.5200000000000001,0,0
assurance_triage,31,mal--assurance_triage--mesh_lite--n10--control_plane_worm--r2,0,0.044597372,0.5200000000000001,0,0
assurance_triage,31,mal--assurance_triage--mesh_lite--n10--control_plane_worm--r2,0,0.0062769237,0.5200000000000001,0,0
assurance_triage,31,mal--assurance_triage--mesh_lite--n10--control_plane_worm--r2,0,0.14466889,0.5200000000000001,0,0
assurance_triage,31,mal--assurance_triage--mesh_lite--n10--control_plane_worm--r2,0,0.023754416,0.5200000000000001,0,0
assurance_triage,31,mal--assurance_triage--mesh_lite--n10--control_plane_worm--r2,0,0.813199,0.5200000000000001,1,1
assurance_triage,31,mal--assurance_triage--mesh_lite--n10--control_plane_worm--r2,0,0.0034490183,0.5200000000000001,0,0
assurance_triage,31,mal--assurance_triage--mesh_lite--n10--control_plane_worm--r2,0,0.0020659526,0.5200000000000001,0,0
assurance_triage,31,mal--assurance_triage--mesh_lite--n10--exfiltration_propagation--r2,1,0.7906773,0.5200000000000001,1,1
assurance_triage,31,mal--assurance_triage--mesh_lite--n10--exfiltration_propagation--r2,1,0.99323094,0.5200000000000001,1,1
assurance_triage,31,mal--assurance_triage--mesh_lite--n10--exfiltration_propagation--r2,1,0.95595247,0.5200000000000001,1,1
assurance_triage,31,mal--assurance_triage--mesh_lite--n10--exfiltration_propagation--r2,1,0.97261727,0.5200000000000001,1,1
assurance_triage,31,mal--assurance_triage--mesh_lite--n10--exfiltration_propagation--r2,0,0.00316128,0.5200000000000001,0,0
assurance_triage,31,mal--assurance_triage--mesh_lite--n10--exfiltration_propagation--r2,0,0.9012229,0.5200000000000001,1,1
assurance_triage,31,mal--assurance_triage--mesh_lite--n10--exfiltration_propagation--r2,0,0.043082688,0.5200000000000001,0,0
assurance_triage,31,mal--assurance_triage--mesh_lite--n15--exfiltration_propagation--r1,1,0.21015301,0.5200000000000001,0,0
assurance_triage,31,mal--assurance_triage--mesh_lite--n15--exfiltration_propagation--r1,0,0.00395444,0.5200000000000001,0,0
assurance_triage,31,mal--assurance_triage--mesh_lite--n15--recovery_poisoning--r2,1,0.9922415,0.5200000000000001,1,1
assurance_triage,31,mal--assurance_triage--mesh_lite--n15--recovery_poisoning--r2,0,0.24669051,0.5200000000000001,0,0
assurance_triage,31,mal--assurance_triage--mesh_lite--n15--recovery_poisoning--r2,0,0.0065139676,0.5200000000000001,0,0
assurance_triage,31,mal--assurance_triage--mesh_lite--n20--recovery_poisoning--r1,1,0.19892782,0.5200000000000001,0,0
assurance_triage,31,mal--assurance_triage--mesh_lite--n20--recovery_poisoning--r2,1,0.89342344,0.5200000000000001,1,1
assurance_triage,31,mal--assurance_triage--mesh_lite--n20--recovery_poisoning--r2,0,0.09891407,0.5200000000000001,0,0
assurance_triage,31,mal--assurance_triage--mesh_lite--n20--recovery_poisoning--r2,0,0.0023871162,0.5200000000000001,0,0
assurance_triage,31,mal--assurance_triage--mesh_lite--n20--recovery_poisoning--r2,1,0.99411494,0.5200000000000001,1,1
assurance_triage,31,mal--assurance_triage--mesh_lite--n20--recovery_poisoning--r2,0,0.0054613617,0.5200000000000001,0,0
assurance_triage,31,mal--assurance_triage--mesh_lite--n20--recovery_poisoning--r2,1,0.9148537,0.5200000000000001,1,1
assurance_triage,31,mal--assurance_triage--mesh_lite--n20--recovery_poisoning--r2,1,0.26798466,0.5200000000000001,0,0
assurance_triage,31,mal--assurance_triage--mesh_lite--n20--recovery_poisoning--r2,0,0.0026908412,0.5200000000000001,0,0
assurance_triage,31,mal--assurance_triage--mesh_lite--n20--recovery_poisoning--r2,0,0.23560117,0.5200000000000001,0,0
assurance_triage,31,mal--assurance_triage--mesh_lite--n20--slice_takeover--r3,1,0.98760974,0.5200000000000001,1,1
assurance_triage,31,mal--assurance_triage--mesh_lite--n20--slice_takeover--r3,0,0.032829333,0.5200000000000001,0,0
assurance_triage,31,mal--assurance_triage--mesh_lite--n20--slice_takeover--r3,0,0.1664214,0.5200000000000001,0,0
assurance_triage,31,mal--assurance_triage--mesh_lite--n4--guard_suppression--r3,1,0.98634166,0.5200000000000001,1,1
assurance_triage,31,mal--assurance_triage--mesh_lite--n4--guard_suppression--r3,0,0.24261574,0.5200000000000001,0,0
assurance_triage,31,mal--assurance_triage--mesh_lite--n4--guard_suppression--r3,1,0.9647825,0.5200000000000001,1,1
assurance_triage,31,mal--assurance_triage--mesh_lite--n4--guard_suppression--r3,0,0.7905677,0.5200000000000001,1,1
assurance_triage,31,mal--assurance_triage--mesh_lite--n8--slice_takeover--r6,1,0.7889367,0.5200000000000001,1,1
assurance_triage,31,mal--assurance_triage--mesh_lite--n8--slice_takeover--r6,1,0.033683192,0.5200000000000001,0,0
assurance_triage,31,mal--assurance_triage--mesh_lite--n8--slice_takeover--r6,1,0.0242308,0.5200000000000001,0,0
assurance_triage,31,mal--assurance_triage--mesh_lite--n8--slice_takeover--r6,1,0.92354965,0.5200000000000001,1,1
assurance_triage,31,mal--assurance_triage--mesh_lite--n8--slice_takeover--r6,0,0.0042244587,0.5200000000000001,0,0
assurance_triage,31,mal--assurance_triage--mesh_lite--n8--slice_takeover--r6,0,0.01063584,0.5200000000000001,0,0
assurance_triage,31,mal--assurance_triage--mesh_lite--n8--slice_takeover--r6,0,0.0031263032,0.5200000000000001,0,0
assurance_triage,31,mal--assurance_triage--mesh_lite--n8--slice_takeover--r6,0,0.003957078,0.5200000000000001,0,0
assurance_triage,31,mal--assurance_triage--mesh_lite--n8--slice_takeover--r6,0,0.034185726,0.5200000000000001,0,0
assurance_triage,31,mal--assurance_triage--random_min_degree--n10--control_plane_worm--r4,1,0.26807803,0.5200000000000001,0,0
assurance_triage,31,mal--assurance_triage--random_min_degree--n10--control_plane_worm--r4,0,0.0032287256,0.5200000000000001,0,0
assurance_triage,31,mal--assurance_triage--random_min_degree--n10--control_plane_worm--r4,0,0.008621696,0.5200000000000001,0,0
assurance_triage,31,mal--assurance_triage--random_min_degree--n10--control_plane_worm--r4,1,0.070527956,0.5200000000000001,0,0
assurance_triage,31,mal--assurance_triage--random_min_degree--n10--control_plane_worm--r4,1,0.65782076,0.5200000000000001,1,1
assurance_triage,31,mal--assurance_triage--random_min_degree--n10--control_plane_worm--r4,1,0.4552093,0.5200000000000001,0,0
assurance_triage,31,mal--assurance_triage--random_min_degree--n10--exfiltration_propagation--r2,1,0.5003902,0.5200000000000001,0,1
assurance_triage,31,mal--assurance_triage--random_min_degree--n10--exfiltration_propagation--r2,1,0.9093245,0.5200000000000001,1,1
assurance_triage,31,mal--assurance_triage--random_min_degree--n10--exfiltration_propagation--r2,1,0.7351732,0.5200000000000001,1,1
assurance_triage,31,mal--assurance_triage--random_min_degree--n10--exfiltration_propagation--r2,1,0.95634013,0.5200000000000001,1,1
assurance_triage,31,mal--assurance_triage--random_min_degree--n10--guard_suppression--r1,1,0.7969303,0.5200000000000001,1,1
assurance_triage,31,mal--assurance_triage--random_min_degree--n15--exfiltration_propagation--r6,0,0.8990607,0.5200000000000001,1,1
assurance_triage,31,mal--assurance_triage--random_min_degree--n15--guard_suppression--r2,1,0.9475565,0.5200000000000001,1,1
assurance_triage,31,mal--assurance_triage--random_min_degree--n15--guard_suppression--r2,1,0.53169173,0.5200000000000001,1,1
assurance_triage,31,mal--assurance_triage--random_min_degree--n15--guard_suppression--r2,1,0.12182112,0.5200000000000001,0,0
assurance_triage,31,mal--assurance_triage--random_min_degree--n15--guard_suppression--r2,0,0.10426782,0.5200000000000001,0,0
assurance_triage,31,mal--assurance_triage--random_min_degree--n15--guard_suppression--r5,1,0.8532541,0.5200000000000001,1,1
assurance_triage,31,mal--assurance_triage--random_min_degree--n15--guard_suppression--r5,1,0.9071696,0.5200000000000001,1,1
assurance_triage,31,mal--assurance_triage--random_min_degree--n15--guard_suppression--r5,0,0.009487407,0.5200000000000001,0,0
assurance_triage,31,mal--assurance_triage--random_min_degree--n15--recovery_poisoning--r2,0,0.0062553943,0.5200000000000001,0,0
assurance_triage,31,mal--assurance_triage--random_min_degree--n15--recovery_poisoning--r2,1,0.17072533,0.5200000000000001,0,0
assurance_triage,31,mal--assurance_triage--random_min_degree--n15--recovery_poisoning--r2,1,0.82179815,0.5200000000000001,1,1
assurance_triage,31,mal--assurance_triage--random_min_degree--n15--recovery_poisoning--r2,0,0.14968354,0.5200000000000001,0,0
assurance_triage,31,mal--assurance_triage--random_min_degree--n20--control_plane_worm--r2,1,0.42404974,0.5200000000000001,0,0
assurance_triage,31,mal--assurance_triage--random_min_degree--n20--control_plane_worm--r2,0,0.008085875,0.5200000000000001,0,0
assurance_triage,31,mal--assurance_triage--random_min_degree--n20--control_plane_worm--r2,1,0.0047638733,0.5200000000000001,0,0
assurance_triage,31,mal--assurance_triage--random_min_degree--n20--guard_suppression--r4,1,0.9902901,0.5200000000000001,1,1
assurance_triage,31,mal--assurance_triage--random_min_degree--n20--guard_suppression--r4,0,0.014327876,0.5200000000000001,0,0
assurance_triage,31,mal--assurance_triage--random_min_degree--n20--guard_suppression--r4,0,0.0032928246,0.5200000000000001,0,0
assurance_triage,31,mal--assurance_triage--random_min_degree--n20--guard_suppression--r4,0,0.0019561073,0.5200000000000001,0,0
assurance_triage,31,mal--assurance_triage--random_min_degree--n20--guard_suppression--r4,0,0.010117543,0.5200000000000001,0,0
assurance_triage,31,mal--assurance_triage--random_min_degree--n20--guard_suppression--r4,0,0.0056115263,0.5200000000000001,0,0
assurance_triage,31,mal--assurance_triage--random_min_degree--n20--recovery_poisoning--r6,1,0.9861974,0.5200000000000001,1,1
assurance_triage,31,mal--assurance_triage--random_min_degree--n20--recovery_poisoning--r6,1,0.9544054,0.5200000000000001,1,1
assurance_triage,31,mal--assurance_triage--random_min_degree--n20--recovery_poisoning--r6,0,0.070832334,0.5200000000000001,0,0
assurance_triage,31,mal--assurance_triage--random_min_degree--n4--guard_suppression--r3,1,0.96811765,0.5200000000000001,1,1
assurance_triage,31,mal--assurance_triage--random_min_degree--n4--guard_suppression--r3,0,0.02824642,0.5200000000000001,0,0
assurance_triage,31,mal--assurance_triage--random_min_degree--n4--guard_suppression--r3,0,0.070736796,0.5200000000000001,0,0
assurance_triage,31,mal--assurance_triage--random_min_degree--n4--guard_suppression--r3,0,0.0026283031,0.5200000000000001,0,0
assurance_triage,31,mal--assurance_triage--random_min_degree--n8--exfiltration_propagation--r2,1,0.58058286,0.5200000000000001,1,1
assurance_triage,31,mal--assurance_triage--random_min_degree--n8--exfiltration_propagation--r2,0,0.003056025,0.5200000000000001,0,0
assurance_triage,31,mal--assurance_triage--random_min_degree--n8--exfiltration_propagation--r2,0,0.023034474,0.5200000000000001,0,0
assurance_triage,31,mal--assurance_triage--random_min_degree--n8--exfiltration_propagation--r2,0,0.009299155,0.5200000000000001,0,0
assurance_triage,31,mal--assurance_triage--ring--n10--slice_takeover--r5,1,0.93505955,0.5200000000000001,1,1
assurance_triage,31,mal--assurance_triage--ring--n15--control_plane_worm--r3,0,0.007346727,0.5200000000000001,0,0
assurance_triage,31,mal--assurance_triage--ring--n15--control_plane_worm--r3,0,0.0048287706,0.5200000000000001,0,0
assurance_triage,31,mal--assurance_triage--ring--n15--control_plane_worm--r3,0,0.004579167,0.5200000000000001,0,0
assurance_triage,31,mal--assurance_triage--ring--n15--control_plane_worm--r3,0,0.0039638174,0.5200000000000001,0,0
assurance_triage,31,mal--assurance_triage--ring--n15--control_plane_worm--r3,0,0.010734495,0.5200000000000001,0,0
assurance_triage,31,mal--assurance_triage--ring--n15--guard_suppression--r5,1,0.97698474,0.5200000000000001,1,1
assurance_triage,31,mal--assurance_triage--ring--n15--guard_suppression--r5,0,0.0060099475,0.5200000000000001,0,0
assurance_triage,31,mal--assurance_triage--ring--n15--guard_suppression--r5,0,0.010854119,0.5200000000000001,0,0
assurance_triage,31,mal--assurance_triage--ring--n15--guard_suppression--r5,0,0.043022446,0.5200000000000001,0,0
assurance_triage,31,mal--assurance_triage--ring--n15--guard_suppression--r5,0,0.009528168,0.5200000000000001,0,0
assurance_triage,31,mal--assurance_triage--ring--n15--recovery_poisoning--r2,1,0.96540195,0.5200000000000001,1,1
assurance_triage,31,mal--assurance_triage--ring--n15--recovery_poisoning--r2,1,0.58115155,0.5200000000000001,1,1
assurance_triage,31,mal--assurance_triage--ring--n15--recovery_poisoning--r2,0,0.02468427,0.5200000000000001,0,0
assurance_triage,31,mal--assurance_triage--ring--n20--control_plane_worm--r2,1,0.9328696,0.5200000000000001,1,1
assurance_triage,31,mal--assurance_triage--ring--n20--control_plane_worm--r2,0,0.013645735,0.5200000000000001,0,0
assurance_triage,31,mal--assurance_triage--ring--n20--guard_suppression--r4,1,0.9558074,0.5200000000000001,1,1
assurance_triage,31,mal--assurance_triage--ring--n20--guard_suppression--r4,1,0.33350945,0.5200000000000001,0,0
assurance_triage,31,mal--assurance_triage--ring--n20--guard_suppression--r4,1,0.219871,0.5200000000000001,0,0
assurance_triage,31,mal--assurance_triage--ring--n20--guard_suppression--r4,1,0.27771127,0.5200000000000001,0,0
assurance_triage,31,mal--assurance_triage--ring--n20--guard_suppression--r4,1,0.022632511,0.5200000000000001,0,0
assurance_triage,31,mal--assurance_triage--ring--n20--slice_takeover--r3,0,0.01448463,0.5200000000000001,0,0
assurance_triage,31,mal--assurance_triage--ring--n20--slice_takeover--r3,0,0.0015773299,0.5200000000000001,0,0
assurance_triage,31,mal--assurance_triage--ring--n4--exfiltration_propagation--r4,1,0.0040073497,0.5200000000000001,0,0
assurance_triage,31,mal--assurance_triage--ring--n4--exfiltration_propagation--r4,0,0.001957086,0.5200000000000001,0,0
assurance_triage,31,mal--assurance_triage--ring--n4--exfiltration_propagation--r4,0,0.0010070297,0.5200000000000001,0,0
assurance_triage,31,mal--assurance_triage--ring--n4--exfiltration_propagation--r4,0,0.0013238235,0.5200000000000001,0,0
assurance_triage,31,mal--assurance_triage--ring--n4--exfiltration_propagation--r4,0,0.0009825466,0.5200000000000001,0,0
assurance_triage,31,mal--assurance_triage--ring--n4--guard_suppression--r3,1,0.9595148,0.5200000000000001,1,1
assurance_triage,31,mal--assurance_triage--ring--n4--guard_suppression--r3,0,0.28802454,0.5200000000000001,0,0
assurance_triage,31,mal--assurance_triage--ring--n4--guard_suppression--r3,0,0.00892339,0.5200000000000001,0,0
assurance_triage,31,mal--assurance_triage--ring--n8--control_plane_worm--r5,1,0.75005186,0.5200000000000001,1,1
assurance_triage,31,mal--assurance_triage--ring--n8--control_plane_worm--r5,1,0.063002795,0.5200000000000001,0,0
assurance_triage,31,mal--assurance_triage--ring--n8--control_plane_worm--r5,0,0.0022041437,0.5200000000000001,0,0
assurance_triage,31,mal--assurance_triage--ring--n8--recovery_poisoning--r4,1,0.5803428,0.5200000000000001,1,1
assurance_triage,31,mal--assurance_triage--ring--n8--recovery_poisoning--r4,1,0.43460256,0.5200000000000001,0,0
assurance_triage,31,mal--assurance_triage--star--n10--control_plane_worm--r4,1,0.22066054,0.5200000000000001,0,0
assurance_triage,31,mal--assurance_triage--star--n10--control_plane_worm--r4,0,0.01954616,0.5200000000000001,0,0
assurance_triage,31,mal--assurance_triage--star--n10--guard_suppression--r1,1,0.8974947,0.5200000000000001,1,1
assurance_triage,31,mal--assurance_triage--star--n10--guard_suppression--r1,0,0.030900745,0.5200000000000001,0,0
assurance_triage,31,mal--assurance_triage--star--n10--guard_suppression--r6,1,0.6430883,0.5200000000000001,1,1
assurance_triage,31,mal--assurance_triage--star--n10--guard_suppression--r6,0,0.04030878,0.5200000000000001,0,0
assurance_triage,31,mal--assurance_triage--star--n10--slice_takeover--r5,1,0.8948147,0.5200000000000001,1,1
assurance_triage,31,mal--assurance_triage--star--n10--slice_takeover--r5,0,0.041252296,0.5200000000000001,0,0
assurance_triage,31,mal--assurance_triage--star--n15--control_plane_worm--r3,1,0.96786845,0.5200000000000001,1,1
assurance_triage,31,mal--assurance_triage--star--n15--control_plane_worm--r3,0,0.33182523,0.5200000000000001,0,0
assurance_triage,31,mal--assurance_triage--star--n15--guard_suppression--r2,1,0.8753678,0.5200000000000001,1,1
assurance_triage,31,mal--assurance_triage--star--n15--guard_suppression--r2,0,0.602927,0.5200000000000001,1,1
assurance_triage,31,mal--assurance_triage--star--n15--guard_suppression--r5,1,0.2778294,0.5200000000000001,0,0
assurance_triage,31,mal--assurance_triage--star--n15--guard_suppression--r5,0,0.13652764,0.5200000000000001,0,0
assurance_triage,31,mal--assurance_triage--star--n15--recovery_poisoning--r2,1,0.38605875,0.5200000000000001,0,0
assurance_triage,31,mal--assurance_triage--star--n15--recovery_poisoning--r2,0,0.98198205,0.5200000000000001,1,1
assurance_triage,31,mal--assurance_triage--star--n15--recovery_poisoning--r2,0,0.0032095797,0.5200000000000001,0,0
assurance_triage,31,mal--assurance_triage--star--n15--recovery_poisoning--r2,0,0.007318364,0.5200000000000001,0,0
assurance_triage,31,mal--assurance_triage--star--n15--recovery_poisoning--r2,0,0.01775249,0.5200000000000001,0,0
assurance_triage,31,mal--assurance_triage--star--n15--slice_takeover--r1,1,0.94659364,0.5200000000000001,1,1
assurance_triage,31,mal--assurance_triage--star--n15--slice_takeover--r1,0,0.80959123,0.5200000000000001,1,1
assurance_triage,31,mal--assurance_triage--star--n15--slice_takeover--r4,1,0.92842793,0.5200000000000001,1,1
assurance_triage,31,mal--assurance_triage--star--n15--slice_takeover--r4,0,0.115536116,0.5200000000000001,0,0
assurance_triage,31,mal--assurance_triage--star--n20--control_plane_worm--r2,1,0.33765617,0.5200000000000001,0,0
assurance_triage,31,mal--assurance_triage--star--n20--control_plane_worm--r2,0,0.09554395,0.5200000000000001,0,0
assurance_triage,31,mal--assurance_triage--star--n20--exfiltration_propagation--r5,0,0.04501043,0.5200000000000001,0,0
assurance_triage,31,mal--assurance_triage--star--n20--guard_suppression--r4,1,0.622663,0.5200000000000001,1,1
assurance_triage,31,mal--assurance_triage--star--n20--guard_suppression--r4,0,0.48875433,0.5200000000000001,0,0
assurance_triage,31,mal--assurance_triage--star--n20--recovery_poisoning--r6,1,0.84010565,0.5200000000000001,1,1
assurance_triage,31,mal--assurance_triage--star--n20--recovery_poisoning--r6,1,0.99383634,0.5200000000000001,1,1
assurance_triage,31,mal--assurance_triage--star--n20--recovery_poisoning--r6,0,0.2743977,0.5200000000000001,0,0
assurance_triage,31,mal--assurance_triage--star--n20--recovery_poisoning--r6,0,0.007276398,0.5200000000000001,0,0
assurance_triage,31,mal--assurance_triage--star--n20--slice_takeover--r3,1,0.6998713,0.5200000000000001,1,1
assurance_triage,31,mal--assurance_triage--star--n20--slice_takeover--r3,0,0.22812493,0.5200000000000001,0,0
assurance_triage,31,mal--assurance_triage--star--n4--exfiltration_propagation--r4,1,0.1737468,0.5200000000000001,0,0
assurance_triage,31,mal--assurance_triage--star--n4--exfiltration_propagation--r4,0,0.03515827,0.5200000000000001,0,0
assurance_triage,31,mal--assurance_triage--star--n4--exfiltration_propagation--r4,0,0.028626332,0.5200000000000001,0,0
assurance_triage,31,mal--assurance_triage--star--n4--recovery_poisoning--r5,1,0.9870689,0.5200000000000001,1,1
assurance_triage,31,mal--assurance_triage--star--n4--recovery_poisoning--r5,0,0.0694874,0.5200000000000001,0,0
assurance_triage,31,mal--assurance_triage--star--n4--recovery_poisoning--r5,0,0.07621519,0.5200000000000001,0,0
assurance_triage,31,mal--assurance_triage--star--n8--exfiltration_propagation--r2,0,0.7987214,0.5200000000000001,1,1
assurance_triage,31,mal--assurance_triage--star--n8--guard_suppression--r1,1,0.89498675,0.5200000000000001,1,1
assurance_triage,31,mal--assurance_triage--star--n8--guard_suppression--r1,0,0.23126656,0.5200000000000001,0,0
assurance_triage,31,mal--assurance_triage--star--n8--guard_suppression--r2,1,0.8755487,0.5200000000000001,1,1
assurance_triage,31,mal--assurance_triage--star--n8--guard_suppression--r2,0,0.014253707,0.5200000000000001,0,0
assurance_triage,43,benign--assurance_triage--chain--n10--containment_drill--r4,0,0.0030631227,0.5500000000000002,0,0
assurance_triage,43,benign--assurance_triage--chain--n10--maintenance_notice--r2,0,0.0020068295,0.5500000000000002,0,0
assurance_triage,43,benign--assurance_triage--chain--n10--maintenance_notice--r2,0,0.00071541243,0.5500000000000002,0,0
assurance_triage,43,benign--assurance_triage--chain--n10--maintenance_notice--r2,0,0.009375821,0.5500000000000002,0,0
assurance_triage,43,benign--assurance_triage--chain--n10--maintenance_notice--r2,0,0.0034340709,0.5500000000000002,0,0
assurance_triage,43,benign--assurance_triage--chain--n10--maintenance_notice--r2,0,0.0013307724,0.5500000000000002,0,0
assurance_triage,43,benign--assurance_triage--chain--n10--routine_update--r1,0,0.016998826,0.5500000000000002,0,0
assurance_triage,43,benign--assurance_triage--chain--n10--routine_update--r1,0,0.051911466,0.5500000000000002,0,0
assurance_triage,43,benign--assurance_triage--chain--n15--containment_drill--r2,0,0.0007781739,0.5500000000000002,0,0
assurance_triage,43,benign--assurance_triage--chain--n15--maintenance_notice--r4,0,0.0005412968,0.5500000000000002,0,0
assurance_triage,43,benign--assurance_triage--chain--n20--quoted_attack_review--r3,0,0.0008430121,0.5500000000000002,0,0
assurance_triage,43,benign--assurance_triage--chain--n20--quoted_attack_review--r3,0,0.0022785075,0.5500000000000002,0,0
assurance_triage,43,benign--assurance_triage--chain--n20--quoted_attack_review--r3,0,0.00073113886,0.5500000000000002,0,0
assurance_triage,43,benign--assurance_triage--chain--n20--quoted_attack_review--r3,0,0.006573715,0.5500000000000002,0,0
assurance_triage,43,benign--assurance_triage--chain--n20--routine_update--r1,0,0.0040176096,0.5500000000000002,0,0
assurance_triage,43,benign--assurance_triage--chain--n4--maintenance_notice--r6,0,0.0028541447,0.5500000000000002,0,0
assurance_triage,43,benign--assurance_triage--chain--n4--quoted_attack_review--r3,0,0.0028878807,0.5500000000000002,0,0
assurance_triage,43,benign--assurance_triage--chain--n4--quoted_attack_review--r3,0,0.0025761754,0.5500000000000002,0,0
assurance_triage,43,benign--assurance_triage--chain--n4--quoted_attack_review--r3,0,0.0009363439,0.5500000000000002,0,0
assurance_triage,43,benign--assurance_triage--chain--n4--routine_update--r1,0,0.0050533074,0.5500000000000002,0,0
assurance_triage,43,benign--assurance_triage--chain--n4--routine_update--r1,0,0.2190134,0.5500000000000002,0,0
assurance_triage,43,benign--assurance_triage--chain--n8--containment_drill--r2,0,0.0005720467,0.5500000000000002,0,0
assurance_triage,43,benign--assurance_triage--chain--n8--maintenance_notice--r4,0,0.0016432194,0.5500000000000002,0,0
assurance_triage,43,benign--assurance_triage--chain--n8--maintenance_notice--r4,0,0.0047121258,0.5500000000000002,0,0
assurance_triage,43,benign--assurance_triage--chain--n8--maintenance_notice--r4,0,0.000348694,0.5500000000000002,0,0
assurance_triage,43,benign--assurance_triage--chain--n8--routine_update--r3,0,0.0021961452,0.5500000000000002,0,0
assurance_triage,43,benign--assurance_triage--mesh_lite--n10--containment_drill--r6,0,0.0021499863,0.5500000000000002,0,0
assurance_triage,43,benign--assurance_triage--mesh_lite--n10--containment_drill--r6,0,0.0019751894,0.5500000000000002,0,0
assurance_triage,43,benign--assurance_triage--mesh_lite--n10--containment_drill--r6,0,0.0015734171,0.5500000000000002,0,0
assurance_triage,43,benign--assurance_triage--mesh_lite--n10--maintenance_notice--r4,0,0.0013221551,0.5500000000000002,0,0
assurance_triage,43,benign--assurance_triage--mesh_lite--n15--containment_drill--r4,0,0.0070687737,0.5500000000000002,0,0
assurance_triage,43,benign--assurance_triage--mesh_lite--n15--containment_drill--r4,0,0.005840462,0.5500000000000002,0,0
assurance_triage,43,benign--assurance_triage--mesh_lite--n15--containment_drill--r4,0,0.002399859,0.5500000000000002,0,0
assurance_triage,43,benign--assurance_triage--mesh_lite--n15--containment_drill--r4,0,0.0015072944,0.5500000000000002,0,0
assurance_triage,43,benign--assurance_triage--mesh_lite--n15--containment_drill--r4,0,0.0012368402,0.5500000000000002,0,0
assurance_triage,43,benign--assurance_triage--mesh_lite--n15--maintenance_notice--r2,0,0.0010530776,0.5500000000000002,0,0
assurance_triage,43,benign--assurance_triage--mesh_lite--n15--maintenance_notice--r2,0,0.07435101,0.5500000000000002,0,0
assurance_triage,43,benign--assurance_triage--mesh_lite--n15--maintenance_notice--r2,0,0.3062218,0.5500000000000002,0,0
assurance_triage,43,benign--assurance_triage--mesh_lite--n15--maintenance_notice--r2,0,0.67722005,0.5500000000000002,1,1
assurance_triage,43,benign--assurance_triage--mesh_lite--n15--maintenance_notice--r2,0,0.055410523,0.5500000000000002,0,0
assurance_triage,43,benign--assurance_triage--mesh_lite--n15--maintenance_notice--r2,0,0.06453847,0.5500000000000002,0,0
assurance_triage,43,benign--assurance_triage--mesh_lite--n15--routine_update--r5,0,0.002339302,0.5500000000000002,0,0
assurance_triage,43,benign--assurance_triage--mesh_lite--n15--routine_update--r5,0,0.03339198,0.5500000000000002,0,0
assurance_triage,43,benign--assurance_triage--mesh_lite--n15--routine_update--r5,0,0.00089415075,0.5500000000000002,0,0
assurance_triage,43,benign--assurance_triage--mesh_lite--n15--routine_update--r5,0,0.0068141925,0.5500000000000002,0,0
assurance_triage,43,benign--assurance_triage--mesh_lite--n15--routine_update--r5,0,0.016027283,0.5500000000000002,0,0
assurance_triage,43,benign--assurance_triage--mesh_lite--n15--routine_update--r5,0,0.021064242,0.5500000000000002,0,0
assurance_triage,43,benign--assurance_triage--mesh_lite--n20--containment_drill--r6,0,0.0022056503,0.5500000000000002,0,0
assurance_triage,43,benign--assurance_triage--mesh_lite--n20--containment_drill--r6,0,0.0010605409,0.5500000000000002,0,0
assurance_triage,43,benign--assurance_triage--mesh_lite--n20--quoted_attack_review--r5,0,0.0013590325,0.5500000000000002,0,0
assurance_triage,43,benign--assurance_triage--mesh_lite--n20--quoted_attack_review--r5,0,0.016546914,0.5500000000000002,0,0
assurance_triage,43,benign--assurance_triage--mesh_lite--n20--quoted_attack_review--r5,0,0.0030043386,0.5500000000000002,0,0
assurance_triage,43,benign--assurance_triage--mesh_lite--n20--quoted_attack_review--r5,0,0.04711252,0.5500000000000002,0,0
assurance_triage,43,benign--assurance_triage--mesh_lite--n20--routine_update--r3,0,0.0022630922,0.5500000000000002,0,0
assurance_triage,43,benign--assurance_triage--mesh_lite--n4--containment_drill--r2,0,0.00043626968,0.5500000000000002,0,0
assurance_triage,43,benign--assurance_triage--mesh_lite--n4--containment_drill--r6,0,0.00054565776,0.5500000000000002,0,0
assurance_triage,43,benign--assurance_triage--mesh_lite--n4--routine_update--r3,0,0.0032676063,0.5500000000000002,0,0
assurance_triage,43,benign--assurance_triage--mesh_lite--n8--containment_drill--r4,0,0.0008967873,0.5500000000000002,0,0
assurance_triage,43,benign--assurance_triage--mesh_lite--n8--maintenance_notice--r2,0,0.0025567985,0.5500000000000002,0,0
assurance_triage,43,benign--assurance_triage--mesh_lite--n8--routine_update--r1,0,0.008137542,0.5500000000000002,0,0
assurance_triage,43,benign--assurance_triage--mesh_lite--n8--routine_update--r1,0,0.2752638,0.5500000000000002,0,0
assurance_triage,43,benign--assurance_triage--mesh_lite--n8--routine_update--r1,0,0.04151556,0.5500000000000002,0,0
assurance_triage,43,benign--assurance_triage--mesh_lite--n8--routine_update--r1,0,0.0015469099,0.5500000000000002,0,0
assurance_triage,43,benign--assurance_triage--mesh_lite--n8--routine_update--r1,0,0.001550621,0.5500000000000002,0,0
assurance_triage,43,benign--assurance_triage--random_min_degree--n10--maintenance_notice--r6,0,0.000683689,0.5500000000000002,0,0
assurance_triage,43,benign--assurance_triage--random_min_degree--n10--maintenance_notice--r6,0,0.0053701987,0.5500000000000002,0,0
assurance_triage,43,benign--assurance_triage--random_min_degree--n10--maintenance_notice--r6,0,0.0066839457,0.5500000000000002,0,0
assurance_triage,43,benign--assurance_triage--random_min_degree--n10--quoted_attack_review--r3,0,0.001869147,0.5500000000000002,0,0
assurance_triage,43,benign--assurance_triage--random_min_degree--n10--quoted_attack_review--r3,0,0.018134702,0.5500000000000002,0,0
assurance_triage,43,benign--assurance_triage--random_min_degree--n10--quoted_attack_review--r3,0,0.0012501975,0.5500000000000002,0,0
assurance_triage,43,benign--assurance_triage--random_min_degree--n10--routine_update--r1,0,0.0018373295,0.5500000000000002,0,0
assurance_triage,43,benign--assurance_triage--random_min_degree--n15--containment_drill--r2,0,0.00100571,0.5500000000000002,0,0
assurance_triage,43,benign--assurance_triage--random_min_degree--n15--maintenance_notice--r4,0,0.008486663,0.5500000000000002,0,0
assurance_triage,43,benign--assurance_triage--random_min_degree--n15--maintenance_notice--r4,0,0.045047153,0.5500000000000002,0,0
assurance_triage,43,benign--assurance_triage--random_min_degree--n15--maintenance_notice--r4,0,0.0079034995,0.5500000000000002,0,0
assurance_triage,43,benign--assurance_triage--random_min_degree--n15--maintenance_notice--r4,0,0.009576331,0.5500000000000002,0,0
assurance_triage,43,benign--assurance_triage--random_min_degree--n15--maintenance_notice--r4,0,0.0100472355,0.5500000000000002,0,0
assurance_triage,43,benign--assurance_triage--random_min_degree--n15--quoted_attack_review--r1,0,0.0007897629,0.5500000000000002,0,0
assurance_triage,43,benign--assurance_triage--random_min_degree--n15--routine_update--r3,0,0.0034387133,0.5500000000000002,0,0
assurance_triage,43,benign--assurance_triage--random_min_degree--n15--routine_update--r3,0,0.0044809934,0.5500000000000002,0,0
assurance_triage,43,benign--assurance_triage--random_min_degree--n15--routine_update--r3,0,0.0016215654,0.5500000000000002,0,0
assurance_triage,43,benign--assurance_triage--random_min_degree--n20--containment_drill--r4,0,0.0025158501,0.5500000000000002,0,0
assurance_triage,43,benign--assurance_triage--random_min_degree--n20--maintenance_notice--r2,0,0.0006953219,0.5500000000000002,0,0
assurance_triage,43,benign--assurance_triage--random_min_degree--n20--maintenance_notice--r6,0,0.00055544527,0.5500000000000002,0,0
assurance_triage,43,benign--assurance_triage--random_min_degree--n20--maintenance_notice--r6,0,0.004885721,0.5500000000000002,0,0
assurance_triage,43,benign--assurance_triage--random_min_degree--n20--maintenance_notice--r6,0,0.0015056747,0.5500000000000002,0,0
assurance_triage,43,benign--assurance_triage--random_min_degree--n20--routine_update--r1,0,0.0039610113,0.5500000000000002,0,0
assurance_triage,43,benign--assurance_triage--random_min_degree--n4--maintenance_notice--r2,0,0.00056965835,0.5500000000000002,0,0
assurance_triage,43,benign--assurance_triage--random_min_degree--n4--maintenance_notice--r6,0,0.0036078105,0.5500000000000002,0,0
assurance_triage,43,benign--assurance_triage--random_min_degree--n4--maintenance_notice--r6,0,0.008147855,0.5500000000000002,0,0
assurance_triage,43,benign--assurance_triage--random_min_degree--n4--quoted_attack_review--r3,0,0.0015144186,0.5500000000000002,0,0
assurance_triage,43,benign--assurance_triage--random_min_degree--n4--quoted_attack_review--r3,0,0.0031800962,0.5500000000000002,0,0
assurance_triage,43,benign--assurance_triage--random_min_degree--n4--quoted_attack_review--r3,0,0.017938165,0.5500000000000002,0,0
assurance_triage,43,benign--assurance_triage--random_min_degree--n4--quoted_attack_review--r3,0,0.005163798,0.5500000000000002,0,0
assurance_triage,43,benign--assurance_triage--random_min_degree--n4--quoted_attack_review--r3,0,0.0012997548,0.5500000000000002,0,0
assurance_triage,43,benign--assurance_triage--random_min_degree--n4--quoted_attack_review--r3,0,0.0046673194,0.5500000000000002,0,0
assurance_triage,43,benign--assurance_triage--random_min_degree--n4--routine_update--r1,0,0.00307125,0.5500000000000002,0,0
assurance_triage,43,benign--assurance_triage--random_min_degree--n4--routine_update--r5,0,0.0020587053,0.5500000000000002,0,0
assurance_triage,43,benign--assurance_triage--random_min_degree--n8--containment_drill--r6,0,0.0027027659,0.5500000000000002,0,0
assurance_triage,43,benign--assurance_triage--random_min_degree--n8--routine_update--r3,0,0.0017847549,0.5500000000000002,0,0
assurance_triage,43,benign--assurance_triage--random_min_degree--n8--routine_update--r3,0,0.0022141237,0.5500000000000002,0,0
assurance_triage,43,benign--assurance_triage--ring--n10--containment_drill--r4,0,0.0067184786,0.5500000000000002,0,0
assurance_triage,43,benign--assurance_triage--ring--n10--containment_drill--r4,0,0.0075564864,0.5500000000000002,0,0
assurance_triage,43,benign--assurance_triage--ring--n10--containment_drill--r4,0,0.0134299295,0.5500000000000002,0,0
assurance_triage,43,benign--assurance_triage--ring--n10--containment_drill--r4,0,0.0017177769,0.5500000000000002,0,0
assurance_triage,43,benign--assurance_triage--ring--n10--containment_drill--r4,0,0.0038466018,0.5500000000000002,0,0
assurance_triage,43,benign--assurance_triage--ring--n10--containment_drill--r4,0,0.0025691653,0.5500000000000002,0,0
assurance_triage,43,benign--assurance_triage--ring--n10--routine_update--r1,0,0.0031621996,0.5500000000000002,0,0
assurance_triage,43,benign--assurance_triage--ring--n10--routine_update--r5,0,0.0056308736,0.5500000000000002,0,0
assurance_triage,43,benign--assurance_triage--ring--n10--routine_update--r5,0,0.010051305,0.5500000000000002,0,0
assurance_triage,43,benign--assurance_triage--ring--n15--containment_drill--r2,0,0.001863384,0.5500000000000002,0,0
assurance_triage,43,benign--assurance_triage--ring--n15--maintenance_notice--r4,0,0.0019328559,0.5500000000000002,0,0
assurance_triage,43,benign--assurance_triage--ring--n15--routine_update--r3,0,0.0020478813,0.5500000000000002,0,0
assurance_triage,43,benign--assurance_triage--ring--n20--containment_drill--r4,0,0.0026940538,0.5500000000000002,0,0
assurance_triage,43,benign--assurance_triage--ring--n20--containment_drill--r4,0,0.0028824622,0.5500000000000002,0,0
assurance_triage,43,benign--assurance_triage--ring--n20--containment_drill--r4,0,0.0030586075,0.5500000000000002,0,0
assurance_triage,43,benign--assurance_triage--ring--n20--maintenance_notice--r6,0,0.00096270913,0.5500000000000002,0,0
assurance_triage,43,benign--assurance_triage--ring--n20--maintenance_notice--r6,0,0.0010615041,0.5500000000000002,0,0
assurance_triage,43,benign--assurance_triage--ring--n20--maintenance_notice--r6,0,0.0009538488,0.5500000000000002,0,0
assurance_triage,43,benign--assurance_triage--ring--n20--quoted_attack_review--r3,0,0.0015160621,0.5500000000000002,0,0
assurance_triage,43,benign--assurance_triage--ring--n20--quoted_attack_review--r3,0,0.006898851,0.5500000000000002,0,0
assurance_triage,43,benign--assurance_triage--ring--n20--quoted_attack_review--r3,0,0.0036413388,0.5500000000000002,0,0
assurance_triage,43,benign--assurance_triage--ring--n20--routine_update--r1,0,0.0047579403,0.5500000000000002,0,0
assurance_triage,43,benign--assurance_triage--ring--n20--routine_update--r1,0,0.0012948662,0.5500000000000002,0,0
assurance_triage,43,benign--assurance_triage--ring--n20--routine_update--r1,0,0.013454831,0.5500000000000002,0,0
assurance_triage,43,benign--assurance_triage--ring--n20--routine_update--r1,0,0.0025469481,0.5500000000000002,0,0
assurance_triage,43,benign--assurance_triage--ring--n20--routine_update--r5,0,0.0029822006,0.5500000000000002,0,0
assurance_triage,43,benign--assurance_triage--ring--n20--routine_update--r5,0,0.004840705,0.5500000000000002,0,0
assurance_triage,43,benign--assurance_triage--ring--n20--routine_update--r5,0,0.0009218183,0.5500000000000002,0,0
assurance_triage,43,benign--assurance_triage--ring--n4--quoted_attack_review--r3,0,0.0043342113,0.5500000000000002,0,0
assurance_triage,43,benign--assurance_triage--ring--n4--quoted_attack_review--r3,0,0.0007667095,0.5500000000000002,0,0
assurance_triage,43,benign--assurance_triage--ring--n4--routine_update--r1,0,0.001290477,0.5500000000000002,0,0
assurance_triage,43,benign--assurance_triage--ring--n4--routine_update--r5,0,0.0012704234,0.5500000000000002,0,0
assurance_triage,43,benign--assurance_triage--ring--n8--containment_drill--r2,0,0.0004891549,0.5500000000000002,0,0
assurance_triage,43,benign--assurance_triage--ring--n8--containment_drill--r6,0,0.0016885824,0.5500000000000002,0,0
assurance_triage,43,benign--assurance_triage--ring--n8--containment_drill--r6,0,0.02493069,0.5500000000000002,0,0
assurance_triage,43,benign--assurance_triage--ring--n8--containment_drill--r6,0,0.009274829,0.5500000000000002,0,0
assurance_triage,43,benign--assurance_triage--ring--n8--quoted_attack_review--r5,0,0.0035669242,0.5500000000000002,0,0
assurance_triage,43,benign--assurance_triage--ring--n8--quoted_attack_review--r5,0,0.0039196536,0.5500000000000002,0,0
assurance_triage,43,benign--assurance_triage--ring--n8--quoted_attack_review--r5,0,0.004298055,0.5500000000000002,0,0
assurance_triage,43,benign--assurance_triage--ring--n8--quoted_attack_review--r5,0,0.024589906,0.5500000000000002,0,0
assurance_triage,43,benign--assurance_triage--ring--n8--quoted_attack_review--r5,0,0.013351102,0.5500000000000002,0,0
assurance_triage,43,benign--assurance_triage--ring--n8--routine_update--r3,0,0.0021028016,0.5500000000000002,0,0
assurance_triage,43,benign--assurance_triage--star--n10--containment_drill--r2,0,0.000619487,0.5500000000000002,0,0
assurance_triage,43,benign--assurance_triage--star--n10--containment_drill--r2,0,0.0017076471,0.5500000000000002,0,0
assurance_triage,43,benign--assurance_triage--star--n10--quoted_attack_review--r1,0,0.0009090612,0.5500000000000002,0,0
assurance_triage,43,benign--assurance_triage--star--n10--quoted_attack_review--r5,0,0.0007390537,0.5500000000000002,0,0
assurance_triage,43,benign--assurance_triage--star--n10--routine_update--r3,0,0.005670924,0.5500000000000002,0,0
assurance_triage,43,benign--assurance_triage--star--n15--maintenance_notice--r6,0,0.0007182005,0.5500000000000002,0,0
assurance_triage,43,benign--assurance_triage--star--n15--maintenance_notice--r6,0,0.0009399721,0.5500000000000002,0,0
assurance_triage,43,benign--assurance_triage--star--n15--routine_update--r1,0,0.0075086937,0.5500000000000002,0,0
assurance_triage,43,benign--assurance_triage--star--n15--routine_update--r5,0,0.0017709048,0.5500000000000002,0,0
assurance_triage,43,benign--assurance_triage--star--n15--routine_update--r5,0,0.0010038983,0.5500000000000002,0,0
assurance_triage,43,benign--assurance_triage--star--n20--containment_drill--r2,0,0.0025073267,0.5500000000000002,0,0
assurance_triage,43,benign--assurance_triage--star--n20--containment_drill--r2,0,0.0025258812,0.5500000000000002,0,0
assurance_triage,43,benign--assurance_triage--star--n20--containment_drill--r2,0,0.0008593332,0.5500000000000002,0,0
assurance_triage,43,benign--assurance_triage--star--n20--containment_drill--r6,0,0.0005432785,0.5500000000000002,0,0
assurance_triage,43,benign--assurance_triage--star--n20--containment_drill--r6,0,0.0020772992,0.5500000000000002,0,0
assurance_triage,43,benign--assurance_triage--star--n20--maintenance_notice--r4,0,0.0030498237,0.5500000000000002,0,0
assurance_triage,43,benign--assurance_triage--star--n20--maintenance_notice--r4,0,0.0014593758,0.5500000000000002,0,0
assurance_triage,43,benign--assurance_triage--star--n20--quoted_attack_review--r5,0,0.0010792834,0.5500000000000002,0,0
assurance_triage,43,benign--assurance_triage--star--n20--routine_update--r3,0,0.0019014386,0.5500000000000002,0,0
assurance_triage,43,benign--assurance_triage--star--n20--routine_update--r3,0,0.0014051741,0.5500000000000002,0,0
assurance_triage,43,benign--assurance_triage--star--n4--containment_drill--r6,0,0.0004266009,0.5500000000000002,0,0
assurance_triage,43,benign--assurance_triage--star--n8--containment_drill--r4,0,0.0009821431,0.5500000000000002,0,0
assurance_triage,43,benign--assurance_triage--star--n8--maintenance_notice--r2,0,0.00072312093,0.5500000000000002,0,0
assurance_triage,43,benign--assurance_triage--star--n8--maintenance_notice--r6,0,0.0005844758,0.5500000000000002,0,0
assurance_triage,43,benign--assurance_triage--star--n8--maintenance_notice--r6,0,0.0032122754,0.5500000000000002,0,0
assurance_triage,43,benign--assurance_triage--star--n8--quoted_attack_review--r3,0,0.0010035938,0.5500000000000002,0,0
assurance_triage,43,benign--assurance_triage--star--n8--routine_update--r1,0,0.004331021,0.5500000000000002,0,0
assurance_triage,43,benign--assurance_triage--star--n8--routine_update--r1,0,0.011492834,0.5500000000000002,0,0
assurance_triage,43,benign--assurance_triage--star--n8--routine_update--r5,0,0.03997411,0.5500000000000002,0,0
assurance_triage,43,benign--assurance_triage--star--n8--routine_update--r5,0,0.08788666,0.5500000000000002,0,0
assurance_triage,43,mal--assurance_triage--chain--n10--control_plane_worm--r4,1,0.3648162,0.5500000000000002,0,0
assurance_triage,43,mal--assurance_triage--chain--n10--control_plane_worm--r4,1,0.009612248,0.5500000000000002,0,0
assurance_triage,43,mal--assurance_triage--chain--n10--control_plane_worm--r4,0,0.002135212,0.5500000000000002,0,0
assurance_triage,43,mal--assurance_triage--chain--n10--exfiltration_propagation--r2,0,0.064207666,0.5500000000000002,0,0
assurance_triage,43,mal--assurance_triage--chain--n10--recovery_poisoning--r1,1,0.70064956,0.5500000000000002,1,1
assurance_triage,43,mal--assurance_triage--chain--n10--recovery_poisoning--r1,0,0.7570219,0.5500000000000002,1,1
assurance_triage,43,mal--assurance_triage--chain--n10--recovery_poisoning--r1,0,0.03724997,0.5500000000000002,0,0
assurance_triage,43,mal--assurance_triage--chain--n15--exfiltration_propagation--r1,1,0.9216054,0.5500000000000002,1,1
assurance_triage,43,mal--assurance_triage--chain--n15--exfiltration_propagation--r1,1,0.8109415,0.5500000000000002,1,1
assurance_triage,43,mal--assurance_triage--chain--n15--exfiltration_propagation--r1,0,0.03775271,0.5500000000000002,0,0
assurance_triage,43,mal--assurance_triage--chain--n15--exfiltration_propagation--r1,0,0.0049164766,0.5500000000000002,0,0
assurance_triage,43,mal--assurance_triage--chain--n15--guard_suppression--r2,1,0.9736821,0.5500000000000002,1,1
assurance_triage,43,mal--assurance_triage--chain--n15--guard_suppression--r2,1,0.90079266,0.5500000000000002,1,1
assurance_triage,43,mal--assurance_triage--chain--n15--guard_suppression--r2,1,0.88654727,0.5500000000000002,1,1
assurance_triage,43,mal--assurance_triage--chain--n15--guard_suppression--r2,1,0.9086733,0.5500000000000002,1,1
assurance_triage,43,mal--assurance_triage--chain--n15--guard_suppression--r2,0,0.010651064,0.5500000000000002,0,0
assurance_triage,43,mal--assurance_triage--chain--n15--guard_suppression--r5,1,0.20769314,0.5500000000000002,0,0
assurance_triage,43,mal--assurance_triage--chain--n15--guard_suppression--r5,0,0.0029912074,0.5500000000000002,0,0
assurance_triage,43,mal--assurance_triage--chain--n15--guard_suppression--r5,0,0.013406738,0.5500000000000002,0,0
assurance_triage,43,mal--assurance_triage--chain--n15--slice_takeover--r1,1,0.930496,0.5500000000000002,1,1
assurance_triage,43,mal--assurance_triage--chain--n15--slice_takeover--r1,1,0.9851419,0.5500000000000002,1,1
assurance_triage,43,mal--assurance_triage--chain--n15--slice_takeover--r1,1,0.06890686,0.5500000000000002,0,0
assurance_triage,43,mal--assurance_triage--chain--n15--slice_takeover--r1,0,0.0034391545,0.5500000000000002,0,0
assurance_triage,43,mal--assurance_triage--chain--n15--slice_takeover--r4,1,0.9703298,0.5500000000000002,1,1
assurance_triage,43,mal--assurance_triage--chain--n15--slice_takeover--r4,1,0.9111796,0.5500000000000002,1,1
assurance_triage,43,mal--assurance_triage--chain--n15--slice_takeover--r4,1,0.9288605,0.5500000000000002,1,1
assurance_triage,43,mal--assurance_triage--chain--n20--control_plane_worm--r2,1,0.7097853,0.5500000000000002,1,1
assurance_triage,43,mal--assurance_triage--chain--n20--control_plane_worm--r2,0,0.0030815937,0.5500000000000002,0,0
assurance_triage,43,mal--assurance_triage--chain--n20--exfiltration_propagation--r1,1,0.9216054,0.5500000000000002,1,1
assurance_triage,43,mal--assurance_triage--chain--n20--exfiltration_propagation--r1,1,0.97142047,0.5500000000000002,1,1
assurance_triage,43,mal--assurance_triage--chain--n20--exfiltration_propagation--r1,0,0.13403401,0.5500000000000002,0,0
assurance_triage,43,mal--assurance_triage--chain--n20--exfiltration_propagation--r1,0,0.026338762,0.5500000000000002,0,0
assurance_triage,43,mal--assurance_triage--chain--n20--guard_suppression--r4,1,0.97772604,0.5500000000000002,1,1
assurance_triage,43,mal--assurance_triage--chain--n20--recovery_poisoning--r6,1,0.57242,0.5500000000000002,1,1
assurance_triage,43,mal--assurance_triage--chain--n20--recovery_poisoning--r6,0,0.017714182,0.5500000000000002,0,0
assurance_triage,43,mal--assurance_triage--chain--n20--recovery_poisoning--r6,1,0.14072312,0.5500000000000002,0,0
assurance_triage,43,mal--assurance_triage--chain--n20--slice_takeover--r3,1,0.9814673,0.5500000000000002,1,1
assurance_triage,43,mal--assurance_triage--chain--n20--slice_takeover--r3,1,0.98799974,0.5500000000000002,1,1
assurance_triage,43,mal--assurance_triage--chain--n20--slice_takeover--r3,1,0.9786856,0.5500000000000002,1,1
assurance_triage,43,mal--assurance_triage--chain--n20--slice_takeover--r3,1,0.9726785,0.5500000000000002,1,1
assurance_triage,43,mal--assurance_triage--chain--n20--slice_takeover--r3,1,0.9717784,0.5500000000000002,1,1
assurance_triage,43,mal--assurance_triage--chain--n4--control_plane_worm--r1,1,0.07304056,0.5500000000000002,0,0
assurance_triage,43,mal--assurance_triage--chain--n4--slice_takeover--r2,1,0.8597223,0.5500000000000002,1,1
assurance_triage,43,mal--assurance_triage--chain--n4--slice_takeover--r2,0,0.6922368,0.5500000000000002,1,1
assurance_triage,43,mal--assurance_triage--chain--n8--control_plane_worm--r5,1,0.94731617,0.5500000000000002,1,1
assurance_triage,43,mal--assurance_triage--chain--n8--control_plane_worm--r5,0,0.007586455,0.5500000000000002,0,0
assurance_triage,43,mal--assurance_triage--chain--n8--exfiltration_propagation--r2,1,0.92882687,0.5500000000000002,1,1
assurance_triage,43,mal--assurance_triage--chain--n8--exfiltration_propagation--r2,0,0.0073826667,0.5500000000000002,0,0
assurance_triage,43,mal--assurance_triage--chain--n8--exfiltration_propagation--r2,0,0.34293392,0.5500000000000002,0,0
assurance_triage,43,mal--assurance_triage--chain--n8--guard_suppression--r1,1,0.8433366,0.5500000000000002,1,1
assurance_triage,43,mal--assurance_triage--chain--n8--guard_suppression--r1,1,0.8246584,0.5500000000000002,1,1
assurance_triage,43,mal--assurance_triage--chain--n8--guard_suppression--r1,0,0.10019988,0.5500000000000002,0,0
assurance_triage,43,mal--assurance_triage--chain--n8--guard_suppression--r1,0,0.014462172,0.5500000000000002,0,0
assurance_triage,43,mal--assurance_triage--chain--n8--guard_suppression--r1,0,0.0058972794,0.5500000000000002,0,0
assurance_triage,43,mal--assurance_triage--chain--n8--guard_suppression--r2,1,0.96518075,0.5500000000000002,1,1
assurance_triage,43,mal--assurance_triage--chain--n8--guard_suppression--r2,0,0.0066092284,0.5500000000000002,0,0
assurance_triage,43,mal--assurance_triage--chain--n8--guard_suppression--r2,0,0.0102998875,0.5500000000000002,0,0
assurance_triage,43,mal--assurance_triage--chain--n8--recovery_poisoning--r4,1,0.6196144,0.5500000000000002,1,1
assurance_triage,43,mal--assurance_triage--mesh_lite--n10--control_plane_worm--r2,1,0.3799923,0.5500000000000002,0,0
assurance_triage,43,mal--assurance_triage--mesh_lite--n10--control_plane_worm--r2,0,0.018445538,0.5500000000000002,0,0
assurance_triage,43,mal--assurance_triage--mesh_lite--n10--control_plane_worm--r2,0,0.057678975,0.5500000000000002,0,0
assurance_triage,43,mal--assurance_triage--mesh_lite--n10--control_plane_worm--r2,0,0.0049583735,0.5500000000000002,0,0
assurance_triage,43,mal--assurance_triage--mesh_lite--n10--control_plane_worm--r2,0,0.08024226,0.5500000000000002,0,0
assurance_triage,43,mal--assurance_triage--mesh_lite--n10--control_plane_worm--r2,0,0.03748875,0.5500000000000002,0,0
assurance_triage,43,mal--assurance_triage--mesh_lite--n10--control_plane_worm--r2,0,0.9272045,0.5500000000000002,1,1
assurance_triage,43,mal--assurance_triage--mesh_lite--n10--control_plane_worm--r2,0,0.002258377,0.5500000000000002,0,0
assurance_triage,43,mal--assurance_triage--mesh_lite--n10--control_plane_worm--r2,0,0.0034613882,0.5500000000000002,0,0
assurance_triage,43,mal--assurance_triage--mesh_lite--n10--exfiltration_propagation--r2,1,0.84572655,0.5500000000000002,1,1
assurance_triage,43,mal--assurance_triage--mesh_lite--n10--exfiltration_propagation--r2,1,0.99350053,0.5500000000000002,1,1
assurance_triage,43,mal--assurance_triage--mesh_lite--n10--exfiltration_propagation--r2,1,0.87150925,0.5500000000000002,1,1
assurance_triage,43,mal--assurance_triage--mesh_lite--n10--exfiltration_propagation--r2,1,0.8907293,0.5500000000000002,1,1
assurance_triage,43,mal--assurance_triage--mesh_lite--n10--exfiltration_propagation--r2,0,0.012053279,0.5500000000000002,0,0
assurance_triage,43,mal--assurance_triage--mesh_lite--n10--exfiltration_propagation--r2,0,0.8873041,0.5500000000000002,1,1
assurance_triage,43,mal--assurance_triage--mesh_lite--n10--exfiltration_propagation--r2,0,0.028469844,0.5500000000000002,0,0
assurance_triage,43,mal--assurance_triage--mesh_lite--n15--exfiltration_propagation--r1,1,0.5892918,0.5500000000000002,1,1
assurance_triage,43,mal--assurance_triage--mesh_lite--n15--exfiltration_propagation--r1,0,0.003409344,0.5500000000000002,0,0
assurance_triage,43,mal--assurance_triage--mesh_lite--n15--recovery_poisoning--r2,1,0.99351126,0.5500000000000002,1,1
assurance_triage,43,mal--assurance_triage--mesh_lite--n15--recovery_poisoning--r2,0,0.2600398,0.5500000000000002,0,0
assurance_triage,43,mal--assurance_triage--mesh_lite--n15--recovery_poisoning--r2,0,0.0027216154,0.5500000000000002,0,0
assurance_triage,43,mal--assurance_triage--mesh_lite--n20--recovery_poisoning--r1,1,0.060946245,0.5500000000000002,0,0
assurance_triage,43,mal--assurance_triage--mesh_lite--n20--recovery_poisoning--r2,1,0.85345817,0.5500000000000002,1,1
assurance_triage,43,mal--assurance_triage--mesh_lite--n20--recovery_poisoning--r2,0,0.07907106,0.5500000000000002,0,0
assurance_triage,43,mal--assurance_triage--mesh_lite--n20--recovery_poisoning--r2,0,0.0034440446,0.5500000000000002,0,0
assurance_triage,43,mal--assurance_triage--mesh_lite--n20--recovery_poisoning--r2,1,0.96575916,0.5500000000000002,1,1
assurance_triage,43,mal--assurance_triage--mesh_lite--n20--recovery_poisoning--r2,0,0.0037532556,0.5500000000000002,0,0
assurance_triage,43,mal--assurance_triage--mesh_lite--n20--recovery_poisoning--r2,1,0.79571867,0.5500000000000002,1,1
assurance_triage,43,mal--assurance_triage--mesh_lite--n20--recovery_poisoning--r2,1,0.2510104,0.5500000000000002,0,0
assurance_triage,43,mal--assurance_triage--mesh_lite--n20--recovery_poisoning--r2,0,0.00257521,0.5500000000000002,0,0
assurance_triage,43,mal--assurance_triage--mesh_lite--n20--recovery_poisoning--r2,0,0.18053883,0.5500000000000002,0,0
assurance_triage,43,mal--assurance_triage--mesh_lite--n20--slice_takeover--r3,1,0.9902446,0.5500000000000002,1,1
assurance_triage,43,mal--assurance_triage--mesh_lite--n20--slice_takeover--r3,0,0.014094002,0.5500000000000002,0,0
assurance_triage,43,mal--assurance_triage--mesh_lite--n20--slice_takeover--r3,0,0.31173918,0.5500000000000002,0,0
assurance_triage,43,mal--assurance_triage--mesh_lite--n4--guard_suppression--r3,1,0.9893889,0.5500000000000002,1,1
assurance_triage,43,mal--assurance_triage--mesh_lite--n4--guard_suppression--r3,0,0.16245334,0.5500000000000002,0,0
assurance_triage,43,mal--assurance_triage--mesh_lite--n4--guard_suppression--r3,1,0.9662261,0.5500000000000002,1,1
assurance_triage,43,mal--assurance_triage--mesh_lite--n4--guard_suppression--r3,0,0.8955114,0.5500000000000002,1,1
assurance_triage,43,mal--assurance_triage--mesh_lite--n8--slice_takeover--r6,1,0.6682627,0.5500000000000002,1,1
assurance_triage,43,mal--assurance_triage--mesh_lite--n8--slice_takeover--r6,1,0.016058106,0.5500000000000002,0,0
assurance_triage,43,mal--assurance_triage--mesh_lite--n8--slice_takeover--r6,1,0.021166502,0.5500000000000002,0,0
assurance_triage,43,mal--assurance_triage--mesh_lite--n8--slice_takeover--r6,1,0.9289889,0.5500000000000002,1,1
assurance_triage,43,mal--assurance_triage--mesh_lite--n8--slice_takeover--r6,0,0.0058315783,0.5500000000000002,0,0
assurance_triage,43,mal--assurance_triage--mesh_lite--n8--slice_takeover--r6,0,0.009480455,0.5500000000000002,0,0
assurance_triage,43,mal--assurance_triage--mesh_lite--n8--slice_takeover--r6,0,0.003718123,0.5500000000000002,0,0
assurance_triage,43,mal--assurance_triage--mesh_lite--n8--slice_takeover--r6,0,0.005208145,0.5500000000000002,0,0
assurance_triage,43,mal--assurance_triage--mesh_lite--n8--slice_takeover--r6,0,0.046827238,0.5500000000000002,0,0
assurance_triage,43,mal--assurance_triage--random_min_degree--n10--control_plane_worm--r4,1,0.54087436,0.5500000000000002,0,1
assurance_triage,43,mal--assurance_triage--random_min_degree--n10--control_plane_worm--r4,0,0.0051042936,0.5500000000000002,0,0
assurance_triage,43,mal--assurance_triage--random_min_degree--n10--control_plane_worm--r4,0,0.010094846,0.5500000000000002,0,0
assurance_triage,43,mal--assurance_triage--random_min_degree--n10--control_plane_worm--r4,1,0.09224222,0.5500000000000002,0,0
assurance_triage,43,mal--assurance_triage--random_min_degree--n10--control_plane_worm--r4,1,0.4358762,0.5500000000000002,0,0
assurance_triage,43,mal--assurance_triage--random_min_degree--n10--control_plane_worm--r4,1,0.25001585,0.5500000000000002,0,0
assurance_triage,43,mal--assurance_triage--random_min_degree--n10--exfiltration_propagation--r2,1,0.59868187,0.5500000000000002,1,1
assurance_triage,43,mal--assurance_triage--random_min_degree--n10--exfiltration_propagation--r2,1,0.8372708,0.5500000000000002,1,1
assurance_triage,43,mal--assurance_triage--random_min_degree--n10--exfiltration_propagation--r2,1,0.70241314,0.5500000000000002,1,1
assurance_triage,43,mal--assurance_triage--random_min_degree--n10--exfiltration_propagation--r2,1,0.89212847,0.5500000000000002,1,1
assurance_triage,43,mal--assurance_triage--random_min_degree--n10--guard_suppression--r1,1,0.8517877,0.5500000000000002,1,1
assurance_triage,43,mal--assurance_triage--random_min_degree--n15--exfiltration_propagation--r6,0,0.9360917,0.5500000000000002,1,1
assurance_triage,43,mal--assurance_triage--random_min_degree--n15--guard_suppression--r2,1,0.97599846,0.5500000000000002,1,1
assurance_triage,43,mal--assurance_triage--random_min_degree--n15--guard_suppression--r2,1,0.67800367,0.5500000000000002,1,1
assurance_triage,43,mal--assurance_triage--random_min_degree--n15--guard_suppression--r2,1,0.12661354,0.5500000000000002,0,0
assurance_triage,43,mal--assurance_triage--random_min_degree--n15--guard_suppression--r2,0,0.080044195,0.5500000000000002,0,0
assurance_triage,43,mal--assurance_triage--random_min_degree--n15--guard_suppression--r5,1,0.8930679,0.5500000000000002,1,1
assurance_triage,43,mal--assurance_triage--random_min_degree--n15--guard_suppression--r5,1,0.91771007,0.5500000000000002,1,1
assurance_triage,43,mal--assurance_triage--random_min_degree--n15--guard_suppression--r5,0,0.0035421245,0.5500000000000002,0,0
assurance_triage,43,mal--assurance_triage--random_min_degree--n15--recovery_poisoning--r2,0,0.011273799,0.5500000000000002,0,0
assurance_triage,43,mal--assurance_triage--random_min_degree--n15--recovery_poisoning--r2,1,0.18911749,0.5500000000000002,0,0
assurance_triage,43,mal--assurance_triage--random_min_degree--n15--recovery_poisoning--r2,1,0.61732507,0.5500000000000002,1,1
assurance_triage,43,mal--assurance_triage--random_min_degree--n15--recovery_poisoning--r2,0,0.23745482,0.5500000000000002,0,0
assurance_triage,43,mal--assurance_triage--random_min_degree--n20--control_plane_worm--r2,1,0.49244386,0.5500000000000002,0,0
assurance_triage,43,mal--assurance_triage--random_min_degree--n20--control_plane_worm--r2,0,0.012230948,0.5500000000000002,0,0
assurance_triage,43,mal--assurance_triage--random_min_degree--n20--control_plane_worm--r2,1,0.007539035,0.5500000000000002,0,0
assurance_triage,43,mal--assurance_triage--random_min_degree--n20--guard_suppression--r4,1,0.992902,0.5500000000000002,1,1
assurance_triage,43,mal--assurance_triage--random_min_degree--n20--guard_suppression--r4,0,0.0199158,0.5500000000000002,0,0
assurance_triage,43,mal--assurance_triage--random_min_degree--n20--guard_suppression--r4,0,0.004369,0.5500000000000002,0,0
assurance_triage,43,mal--assurance_triage--random_min_degree--n20--guard_suppression--r4,0,0.0032673671,0.5500000000000002,0,0
assurance_triage,43,mal--assurance_triage--random_min_degree--n20--guard_suppression--r4,0,0.015088216,0.5500000000000002,0,0
assurance_triage,43,mal--assurance_triage--random_min_degree--n20--guard_suppression--r4,0,0.006830117,0.5500000000000002,0,0
assurance_triage,43,mal--assurance_triage--random_min_degree--n20--recovery_poisoning--r6,1,0.9855392,0.5500000000000002,1,1
assurance_triage,43,mal--assurance_triage--random_min_degree--n20--recovery_poisoning--r6,1,0.9641861,0.5500000000000002,1,1
assurance_triage,43,mal--assurance_triage--random_min_degree--n20--recovery_poisoning--r6,0,0.102324836,0.5500000000000002,0,0
assurance_triage,43,mal--assurance_triage--random_min_degree--n4--guard_suppression--r3,1,0.97346604,0.5500000000000002,1,1
assurance_triage,43,mal--assurance_triage--random_min_degree--n4--guard_suppression--r3,0,0.07998928,0.5500000000000002,0,0
assurance_triage,43,mal--assurance_triage--random_min_degree--n4--guard_suppression--r3,0,0.04535516,0.5500000000000002,0,0
assurance_triage,43,mal--assurance_triage--random_min_degree--n4--guard_suppression--r3,0,0.0014761469,0.5500000000000002,0,0
assurance_triage,43,mal--assurance_triage--random_min_degree--n8--exfiltration_propagation--r2,1,0.5538803,0.5500000000000002,1,1
assurance_triage,43,mal--assurance_triage--random_min_degree--n8--exfiltration_propagation--r2,0,0.0031149688,0.5500000000000002,0,0
assurance_triage,43,mal--assurance_triage--random_min_degree--n8--exfiltration_propagation--r2,0,0.053092428,0.5500000000000002,0,0
assurance_triage,43,mal--assurance_triage--random_min_degree--n8--exfiltration_propagation--r2,0,0.012925594,0.5500000000000002,0,0
assurance_triage,43,mal--assurance_triage--ring--n10--slice_takeover--r5,1,0.9102726,0.5500000000000002,1,1
assurance_triage,43,mal--assurance_triage--ring--n15--control_plane_worm--r3,0,0.013397418,0.5500000000000002,0,0
assurance_triage,43,mal--assurance_triage--ring--n15--control_plane_worm--r3,0,0.003753336,0.5500000000000002,0,0
assurance_triage,43,mal--assurance_triage--ring--n15--control_plane_worm--r3,0,0.0031131774,0.5500000000000002,0,0
assurance_triage,43,mal--assurance_triage--ring--n15--control_plane_worm--r3,0,0.0023760814,0.5500000000000002,0,0
assurance_triage,43,mal--assurance_triage--ring--n15--control_plane_worm--r3,0,0.007015176,0.5500000000000002,0,0
assurance_triage,43,mal--assurance_triage--ring--n15--guard_suppression--r5,1,0.9681121,0.5500000000000002,1,1
assurance_triage,43,mal--assurance_triage--ring--n15--guard_suppression--r5,0,0.01110582,0.5500000000000002,0,0
assurance_triage,43,mal--assurance_triage--ring--n15--guard_suppression--r5,0,0.005021612,0.5500000000000002,0,0
assurance_triage,43,mal--assurance_triage--ring--n15--guard_suppression--r5,0,0.02777384,0.5500000000000002,0,0
assurance_triage,43,mal--assurance_triage--ring--n15--guard_suppression--r5,0,0.007781291,0.5500000000000002,0,0
assurance_triage,43,mal--assurance_triage--ring--n15--recovery_poisoning--r2,1,0.8175735,0.5500000000000002,1,1
assurance_triage,43,mal--assurance_triage--ring--n15--recovery_poisoning--r2,1,0.62058794,0.5500000000000002,1,1
assurance_triage,43,mal--assurance_triage--ring--n15--recovery_poisoning--r2,0,0.011925373,0.5500000000000002,0,0
assurance_triage,43,mal--assurance_triage--ring--n20--control_plane_worm--r2,1,0.9132302,0.5500000000000002,1,1
assurance_triage,43,mal--assurance_triage--ring--n20--control_plane_worm--r2,0,0.03792053,0.5500000000000002,0,0
assurance_triage,43,mal--assurance_triage--ring--n20--guard_suppression--r4,1,0.97884655,0.5500000000000002,1,1
assurance_triage,43,mal--assurance_triage--ring--n20--guard_suppression--r4,1,0.32689747,0.5500000000000002,0,0
assurance_triage,43,mal--assurance_triage--ring--n20--guard_suppression--r4,1,0.5641929,0.5500000000000002,1,1
assurance_triage,43,mal--assurance_triage--ring--n20--guard_suppression--r4,1,0.6106132,0.5500000000000002,1,1
assurance_triage,43,mal--assurance_triage--ring--n20--guard_suppression--r4,1,0.031953473,0.5500000000000002,0,0
assurance_triage,43,mal--assurance_triage--ring--n20--slice_takeover--r3,0,0.025225917,0.5500000000000002,0,0
assurance_triage,43,mal--assurance_triage--ring--n20--slice_takeover--r3,0,0.0026350454,0.5500000000000002,0,0
assurance_triage,43,mal--assurance_triage--ring--n4--exfiltration_propagation--r4,1,0.0055546826,0.5500000000000002,0,0
assurance_triage,43,mal--assurance_triage--ring--n4--exfiltration_propagation--r4,0,0.0026615898,0.5500000000000002,0,0
assurance_triage,43,mal--assurance_triage--ring--n4--exfiltration_propagation--r4,0,0.0007724109,0.5500000000000002,0,0
assurance_triage,43,mal--assurance_triage--ring--n4--exfiltration_propagation--r4,0,0.00066452834,0.5500000000000002,0,0
assurance_triage,43,mal--assurance_triage--ring--n4--exfiltration_propagation--r4,0,0.0013830574,0.5500000000000002,0,0
assurance_triage,43,mal--assurance_triage--ring--n4--guard_suppression--r3,1,0.9602884,0.5500000000000002,1,1
assurance_triage,43,mal--assurance_triage--ring--n4--guard_suppression--r3,0,0.10948366,0.5500000000000002,0,0
assurance_triage,43,mal--assurance_triage--ring--n4--guard_suppression--r3,0,0.0034717363,0.5500000000000002,0,0
assurance_triage,43,mal--assurance_triage--ring--n8--control_plane_worm--r5,1,0.5923438,0.5500000000000002,1,1
assurance_triage,43,mal--assurance_triage--ring--n8--control_plane_worm--r5,1,0.05503038,0.5500000000000002,0,0
assurance_triage,43,mal--assurance_triage--ring--n8--control_plane_worm--r5,0,0.0021048437,0.5500000000000002,0,0
assurance_triage,43,mal--assurance_triage--ring--n8--recovery_poisoning--r4,1,0.7037224,0.5500000000000002,1,1
assurance_triage,43,mal--assurance_triage--ring--n8--recovery_poisoning--r4,1,0.12721159,0.5500000000000002,0,0
assurance_triage,43,mal--assurance_triage--star--n10--control_plane_worm--r4,1,0.4663808,0.5500000000000002,0,0
assurance_triage,43,mal--assurance_triage--star--n10--control_plane_worm--r4,0,0.03871059,0.5500000000000002,0,0
assurance_triage,43,mal--assurance_triage--star--n10--guard_suppression--r1,1,0.92746496,0.5500000000000002,1,1
assurance_triage,43,mal--assurance_triage--star--n10--guard_suppression--r1,0,0.01670038,0.5500000000000002,0,0
assurance_triage,43,mal--assurance_triage--star--n10--guard_suppression--r6,1,0.77952826,0.5500000000000002,1,1
assurance_triage,43,mal--assurance_triage--star--n10--guard_suppression--r6,0,0.08244671,0.5500000000000002,0,0
assurance_triage,43,mal--assurance_triage--star--n10--slice_takeover--r5,1,0.93552214,0.5500000000000002,1,1
assurance_triage,43,mal--assurance_triage--star--n10--slice_takeover--r5,0,0.052044354,0.5500000000000002,0,0
assurance_triage,43,mal--assurance_triage--star--n15--control_plane_worm--r3,1,0.97621506,0.5500000000000002,1,1
assurance_triage,43,mal--assurance_triage--star--n15--control_plane_worm--r3,0,0.23569289,0.5500000000000002,0,0
assurance_triage,43,mal--assurance_triage--star--n15--guard_suppression--r2,1,0.9146329,0.5500000000000002,1,1
assurance_triage,43,mal--assurance_triage--star--n15--guard_suppression--r2,0,0.85529643,0.5500000000000002,1,1
assurance_triage,43,mal--assurance_triage--star--n15--guard_suppression--r5,1,0.27748078,0.5500000000000002,0,0
assurance_triage,43,mal--assurance_triage--star--n15--guard_suppression--r5,0,0.2047707,0.5500000000000002,0,0
assurance_triage,43,mal--assurance_triage--star--n15--recovery_poisoning--r2,1,0.6795911,0.5500000000000002,1,1
assurance_triage,43,mal--assurance_triage--star--n15--recovery_poisoning--r2,0,0.96816605,0.5500000000000002,1,1
assurance_triage,43,mal--assurance_triage--star--n15--recovery_poisoning--r2,0,0.0019699193,0.5500000000000002,0,0
assurance_triage,43,mal--assurance_triage--star--n15--recovery_poisoning--r2,0,0.0067753484,0.5500000000000002,0,0
assurance_triage,43,mal--assurance_triage--star--n15--recovery_poisoning--r2,0,0.021505196,0.5500000000000002,0,0
assurance_triage,43,mal--assurance_triage--star--n15--slice_takeover--r1,1,0.9313893,0.5500000000000002,1,1
assurance_triage,43,mal--assurance_triage--star--n15--slice_takeover--r1,0,0.60640645,0.5500000000000002,1,1
assurance_triage,43,mal--assurance_triage--star--n15--slice_takeover--r4,1,0.96434736,0.5500000000000002,1,1
assurance_triage,43,mal--assurance_triage--star--n15--slice_takeover--r4,0,0.099035904,0.5500000000000002,0,0
assurance_triage,43,mal--assurance_triage--star--n20--control_plane_worm--r2,1,0.33939075,0.5500000000000002,0,0
assurance_triage,43,mal--assurance_triage--star--n20--control_plane_worm--r2,0,0.17555,0.5500000000000002,0,0
assurance_triage,43,mal--assurance_triage--star--n20--exfiltration_propagation--r5,0,0.022371637,0.5500000000000002,0,0
assurance_triage,43,mal--assurance_triage--star--n20--guard_suppression--r4,1,0.8055005,0.5500000000000002,1,1
assurance_triage,43,mal--assurance_triage--star--n20--guard_suppression--r4,0,0.5345208,0.5500000000000002,0,1
assurance_triage,43,mal--assurance_triage--star--n20--recovery_poisoning--r6,1,0.82865274,0.5500000000000002,1,1
assurance_triage,43,mal--assurance_triage--star--n20--recovery_poisoning--r6,1,0.98776054,0.5500000000000002,1,1
assurance_triage,43,mal--assurance_triage--star--n20--recovery_poisoning--r6,0,0.17256652,0.5500000000000002,0,0
assurance_triage,43,mal--assurance_triage--star--n20--recovery_poisoning--r6,0,0.006594768,0.5500000000000002,0,0
assurance_triage,43,mal--assurance_triage--star--n20--slice_takeover--r3,1,0.80578136,0.5500000000000002,1,1
assurance_triage,43,mal--assurance_triage--star--n20--slice_takeover--r3,0,0.23164995,0.5500000000000002,0,0
assurance_triage,43,mal--assurance_triage--star--n4--exfiltration_propagation--r4,1,0.20583351,0.5500000000000002,0,0
assurance_triage,43,mal--assurance_triage--star--n4--exfiltration_propagation--r4,0,0.03217305,0.5500000000000002,0,0
assurance_triage,43,mal--assurance_triage--star--n4--exfiltration_propagation--r4,0,0.01715293,0.5500000000000002,0,0
assurance_triage,43,mal--assurance_triage--star--n4--recovery_poisoning--r5,1,0.9489322,0.5500000000000002,1,1
assurance_triage,43,mal--assurance_triage--star--n4--recovery_poisoning--r5,0,0.03205638,0.5500000000000002,0,0
assurance_triage,43,mal--assurance_triage--star--n4--recovery_poisoning--r5,0,0.06332649,0.5500000000000002,0,0
assurance_triage,43,mal--assurance_triage--star--n8--exfiltration_propagation--r2,0,0.6204385,0.5500000000000002,1,1
assurance_triage,43,mal--assurance_triage--star--n8--guard_suppression--r1,1,0.89193094,0.5500000000000002,1,1
assurance_triage,43,mal--assurance_triage--star--n8--guard_suppression--r1,0,0.09101356,0.5500000000000002,0,0
assurance_triage,43,mal--assurance_triage--star--n8--guard_suppression--r2,1,0.9498284,0.5500000000000002,1,1
assurance_triage,43,mal--assurance_triage--star--n8--guard_suppression--r2,0,0.03358912,0.5500000000000002,0,0
assurance_triage,59,benign--assurance_triage--chain--n10--containment_drill--r4,0,0.003010548,0.4700000000000001,0,0
assurance_triage,59,benign--assurance_triage--chain--n10--maintenance_notice--r2,0,0.0027350113,0.4700000000000001,0,0
assurance_triage,59,benign--assurance_triage--chain--n10--maintenance_notice--r2,0,0.0014798174,0.4700000000000001,0,0
assurance_triage,59,benign--assurance_triage--chain--n10--maintenance_notice--r2,0,0.004230559,0.4700000000000001,0,0
assurance_triage,59,benign--assurance_triage--chain--n10--maintenance_notice--r2,0,0.0046931417,0.4700000000000001,0,0
assurance_triage,59,benign--assurance_triage--chain--n10--maintenance_notice--r2,0,0.0014032378,0.4700000000000001,0,0
assurance_triage,59,benign--assurance_triage--chain--n10--routine_update--r1,0,0.009416796,0.4700000000000001,0,0
assurance_triage,59,benign--assurance_triage--chain--n10--routine_update--r1,0,0.049566563,0.4700000000000001,0,0
assurance_triage,59,benign--assurance_triage--chain--n15--containment_drill--r2,0,0.0012844378,0.4700000000000001,0,0
assurance_triage,59,benign--assurance_triage--chain--n15--maintenance_notice--r4,0,0.00077861414,0.4700000000000001,0,0
assurance_triage,59,benign--assurance_triage--chain--n20--quoted_attack_review--r3,0,0.0009146485,0.4700000000000001,0,0
assurance_triage,59,benign--assurance_triage--chain--n20--quoted_attack_review--r3,0,0.002963612,0.4700000000000001,0,0
assurance_triage,59,benign--assurance_triage--chain--n20--quoted_attack_review--r3,0,0.0024037254,0.4700000000000001,0,0
assurance_triage,59,benign--assurance_triage--chain--n20--quoted_attack_review--r3,0,0.005617977,0.4700000000000001,0,0
assurance_triage,59,benign--assurance_triage--chain--n20--routine_update--r1,0,0.011334852,0.4700000000000001,0,0
assurance_triage,59,benign--assurance_triage--chain--n4--maintenance_notice--r6,0,0.0017684451,0.4700000000000001,0,0
assurance_triage,59,benign--assurance_triage--chain--n4--quoted_attack_review--r3,0,0.0040543764,0.4700000000000001,0,0
assurance_triage,59,benign--assurance_triage--chain--n4--quoted_attack_review--r3,0,0.002459269,0.4700000000000001,0,0
assurance_triage,59,benign--assurance_triage--chain--n4--quoted_attack_review--r3,0,0.000941311,0.4700000000000001,0,0
assurance_triage,59,benign--assurance_triage--chain--n4--routine_update--r1,0,0.004505165,0.4700000000000001,0,0
assurance_triage,59,benign--assurance_triage--chain--n4--routine_update--r1,0,0.16883634,0.4700000000000001,0,0
assurance_triage,59,benign--assurance_triage--chain--n8--containment_drill--r2,0,0.0013719205,0.4700000000000001,0,0
assurance_triage,59,benign--assurance_triage--chain--n8--maintenance_notice--r4,0,0.001283017,0.4700000000000001,0,0
assurance_triage,59,benign--assurance_triage--chain--n8--maintenance_notice--r4,0,0.0034641523,0.4700000000000001,0,0
assurance_triage,59,benign--assurance_triage--chain--n8--maintenance_notice--r4,0,0.000736657,0.4700000000000001,0,0
assurance_triage,59,benign--assurance_triage--chain--n8--routine_update--r3,0,0.0025763162,0.4700000000000001,0,0
assurance_triage,59,benign--assurance_triage--mesh_lite--n10--containment_drill--r6,0,0.0016715642,0.4700000000000001,0,0
assurance_triage,59,benign--assurance_triage--mesh_lite--n10--containment_drill--r6,0,0.0015242253,0.4700000000000001,0,0
assurance_triage,59,benign--assurance_triage--mesh_lite--n10--containment_drill--r6,0,0.0014852011,0.4700000000000001,0,0
assurance_triage,59,benign--assurance_triage--mesh_lite--n10--maintenance_notice--r4,0,0.004073015,0.4700000000000001,0,0
assurance_triage,59,benign--assurance_triage--mesh_lite--n15--containment_drill--r4,0,0.0037044943,0.4700000000000001,0,0
assurance_triage,59,benign--assurance_triage--mesh_lite--n15--containment_drill--r4,0,0.012519776,0.4700000000000001,0,0
assurance_triage,59,benign--assurance_triage--mesh_lite--n15--containment_drill--r4,0,0.001473696,0.4700000000000001,0,0
assurance_triage,59,benign--assurance_triage--mesh_lite--n15--containment_drill--r4,0,0.0021162732,0.4700000000000001,0,0
assurance_triage,59,benign--assurance_triage--mesh_lite--n15--containment_drill--r4,0,0.0023667228,0.4700000000000001,0,0
assurance_triage,59,benign--assurance_triage--mesh_lite--n15--maintenance_notice--r2,0,0.0015803033,0.4700000000000001,0,0
assurance_triage,59,benign--assurance_triage--mesh_lite--n15--maintenance_notice--r2,0,0.07601583,0.4700000000000001,0,0
assurance_triage,59,benign--assurance_triage--mesh_lite--n15--maintenance_notice--r2,0,0.23601966,0.4700000000000001,0,0
assurance_triage,59,benign--assurance_triage--mesh_lite--n15--maintenance_notice--r2,0,0.8512638,0.4700000000000001,1,1
assurance_triage,59,benign--assurance_triage--mesh_lite--n15--maintenance_notice--r2,0,0.065730065,0.4700000000000001,0,0
assurance_triage,59,benign--assurance_triage--mesh_lite--n15--maintenance_notice--r2,0,0.12610984,0.4700000000000001,0,0
assurance_triage,59,benign--assurance_triage--mesh_lite--n15--routine_update--r5,0,0.005197481,0.4700000000000001,0,0
assurance_triage,59,benign--assurance_triage--mesh_lite--n15--routine_update--r5,0,0.059108943,0.4700000000000001,0,0
assurance_triage,59,benign--assurance_triage--mesh_lite--n15--routine_update--r5,0,0.0010095778,0.4700000000000001,0,0
assurance_triage,59,benign--assurance_triage--mesh_lite--n15--routine_update--r5,0,0.0062074903,0.4700000000000001,0,0
assurance_triage,59,benign--assurance_triage--mesh_lite--n15--routine_update--r5,0,0.008349345,0.4700000000000001,0,0
assurance_triage,59,benign--assurance_triage--mesh_lite--n15--routine_update--r5,0,0.018601608,0.4700000000000001,0,0
assurance_triage,59,benign--assurance_triage--mesh_lite--n20--containment_drill--r6,0,0.0014789638,0.4700000000000001,0,0
assurance_triage,59,benign--assurance_triage--mesh_lite--n20--containment_drill--r6,0,0.0011130976,0.4700000000000001,0,0
assurance_triage,59,benign--assurance_triage--mesh_lite--n20--quoted_attack_review--r5,0,0.0040594493,0.4700000000000001,0,0
assurance_triage,59,benign--assurance_triage--mesh_lite--n20--quoted_attack_review--r5,0,0.013094365,0.4700000000000001,0,0
assurance_triage,59,benign--assurance_triage--mesh_lite--n20--quoted_attack_review--r5,0,0.0037515354,0.4700000000000001,0,0
assurance_triage,59,benign--assurance_triage--mesh_lite--n20--quoted_attack_review--r5,0,0.04558864,0.4700000000000001,0,0
assurance_triage,59,benign--assurance_triage--mesh_lite--n20--routine_update--r3,0,0.0014811574,0.4700000000000001,0,0
assurance_triage,59,benign--assurance_triage--mesh_lite--n4--containment_drill--r2,0,0.0015167892,0.4700000000000001,0,0
assurance_triage,59,benign--assurance_triage--mesh_lite--n4--containment_drill--r6,0,0.0012812115,0.4700000000000001,0,0
assurance_triage,59,benign--assurance_triage--mesh_lite--n4--routine_update--r3,0,0.0051140594,0.4700000000000001,0,0
assurance_triage,59,benign--assurance_triage--mesh_lite--n8--containment_drill--r4,0,0.0014411672,0.4700000000000001,0,0
assurance_triage,59,benign--assurance_triage--mesh_lite--n8--maintenance_notice--r2,0,0.001696483,0.4700000000000001,0,0
assurance_triage,59,benign--assurance_triage--mesh_lite--n8--routine_update--r1,0,0.008415289,0.4700000000000001,0,0
assurance_triage,59,benign--assurance_triage--mesh_lite--n8--routine_update--r1,0,0.2521096,0.4700000000000001,0,0
assurance_triage,59,benign--assurance_triage--mesh_lite--n8--routine_update--r1,0,0.08949907,0.4700000000000001,0,0
assurance_triage,59,benign--assurance_triage--mesh_lite--n8--routine_update--r1,0,0.0024449204,0.4700000000000001,0,0
assurance_triage,59,benign--assurance_triage--mesh_lite--n8--routine_update--r1,0,0.0023309027,0.4700000000000001,0,0
assurance_triage,59,benign--assurance_triage--random_min_degree--n10--maintenance_notice--r6,0,0.001254168,0.4700000000000001,0,0
assurance_triage,59,benign--assurance_triage--random_min_degree--n10--maintenance_notice--r6,0,0.002514758,0.4700000000000001,0,0
assurance_triage,59,benign--assurance_triage--random_min_degree--n10--maintenance_notice--r6,0,0.0025489137,0.4700000000000001,0,0
assurance_triage,59,benign--assurance_triage--random_min_degree--n10--quoted_attack_review--r3,0,0.0017345721,0.4700000000000001,0,0
assurance_triage,59,benign--assurance_triage--random_min_degree--n10--quoted_attack_review--r3,0,0.050924845,0.4700000000000001,0,0
assurance_triage,59,benign--assurance_triage--random_min_degree--n10--quoted_attack_review--r3,0,0.0014947548,0.4700000000000001,0,0
assurance_triage,59,benign--assurance_triage--random_min_degree--n10--routine_update--r1,0,0.001276947,0.4700000000000001,0,0
assurance_triage,59,benign--assurance_triage--random_min_degree--n15--containment_drill--r2,0,0.0014252953,0.4700000000000001,0,0
assurance_triage,59,benign--assurance_triage--random_min_degree--n15--maintenance_notice--r4,0,0.0068257935,0.4700000000000001,0,0
assurance_triage,59,benign--assurance_triage--random_min_degree--n15--maintenance_notice--r4,0,0.051495083,0.4700000000000001,0,0
assurance_triage,59,benign--assurance_triage--random_min_degree--n15--maintenance_notice--r4,0,0.010348887,0.4700000000000001,0,0
assurance_triage,59,benign--assurance_triage--random_min_degree--n15--maintenance_notice--r4,0,0.0061862385,0.4700000000000001,0,0
assurance_triage,59,benign--assurance_triage--random_min_degree--n15--maintenance_notice--r4,0,0.0040184474,0.4700000000000001,0,0
assurance_triage,59,benign--assurance_triage--random_min_degree--n15--quoted_attack_review--r1,0,0.0011414754,0.4700000000000001,0,0
assurance_triage,59,benign--assurance_triage--random_min_degree--n15--routine_update--r3,0,0.0040196576,0.4700000000000001,0,0
assurance_triage,59,benign--assurance_triage--random_min_degree--n15--routine_update--r3,0,0.0030205215,0.4700000000000001,0,0
assurance_triage,59,benign--assurance_triage--random_min_degree--n15--routine_update--r3,0,0.00360621,0.4700000000000001,0,0
assurance_triage,59,benign--assurance_triage--random_min_degree--n20--containment_drill--r4,0,0.0020412868,0.4700000000000001,0,0
assurance_triage,59,benign--assurance_triage--random_min_degree--n20--maintenance_notice--r2,0,0.0011168417,0.4700000000000001,0,0
assurance_triage,59,benign--assurance_triage--random_min_degree--n20--maintenance_notice--r6,0,0.001212555,0.4700000000000001,0,0
assurance_triage,59,benign--assurance_triage--random_min_degree--n20--maintenance_notice--r6,0,0.002697977,0.4700000000000001,0,0
assurance_triage,59,benign--assurance_triage--random_min_degree--n20--maintenance_notice--r6,0,0.0009618084,0.4700000000000001,0,0
assurance_triage,59,benign--assurance_triage--random_min_degree--n20--routine_update--r1,0,0.0045445585,0.4700000000000001,0,0
assurance_triage,59,benign--assurance_triage--random_min_degree--n4--maintenance_notice--r2,0,0.0015970736,0.4700000000000001,0,0
assurance_triage,59,benign--assurance_triage--random_min_degree--n4--maintenance_notice--r6,0,0.006339357,0.4700000000000001,0,0
assurance_triage,59,benign--assurance_triage--random_min_degree--n4--maintenance_notice--r6,0,0.013196579,0.4700000000000001,0,0
assurance_triage,59,benign--assurance_triage--random_min_degree--n4--quoted_attack_review--r3,0,0.0020047496,0.4700000000000001,0,0
assurance_triage,59,benign--assurance_triage--random_min_degree--n4--quoted_attack_review--r3,0,0.0021264956,0.4700000000000001,0,0
assurance_triage,59,benign--assurance_triage--random_min_degree--n4--quoted_attack_review--r3,0,0.02294036,0.4700000000000001,0,0
assurance_triage,59,benign--assurance_triage--random_min_degree--n4--quoted_attack_review--r3,0,0.0055894293,0.4700000000000001,0,0
assurance_triage,59,benign--assurance_triage--random_min_degree--n4--quoted_attack_review--r3,0,0.0018742041,0.4700000000000001,0,0
assurance_triage,59,benign--assurance_triage--random_min_degree--n4--quoted_attack_review--r3,0,0.005043191,0.4700000000000001,0,0
assurance_triage,59,benign--assurance_triage--random_min_degree--n4--routine_update--r1,0,0.0010235435,0.4700000000000001,0,0
assurance_triage,59,benign--assurance_triage--random_min_degree--n4--routine_update--r5,0,0.0030275628,0.4700000000000001,0,0
assurance_triage,59,benign--assurance_triage--random_min_degree--n8--containment_drill--r6,0,0.002119609,0.4700000000000001,0,0
assurance_triage,59,benign--assurance_triage--random_min_degree--n8--routine_update--r3,0,0.0035697508,0.4700000000000001,0,0
assurance_triage,59,benign--assurance_triage--random_min_degree--n8--routine_update--r3,0,0.0024880937,0.4700000000000001,0,0
assurance_triage,59,benign--assurance_triage--ring--n10--containment_drill--r4,0,0.00634786,0.4700000000000001,0,0
assurance_triage,59,benign--assurance_triage--ring--n10--containment_drill--r4,0,0.004572588,0.4700000000000001,0,0
assurance_triage,59,benign--assurance_triage--ring--n10--containment_drill--r4,0,0.02085093,0.4700000000000001,0,0
assurance_triage,59,benign--assurance_triage--ring--n10--containment_drill--r4,0,0.0015123234,0.4700000000000001,0,0
assurance_triage,59,benign--assurance_triage--ring--n10--containment_drill--r4,0,0.003002257,0.4700000000000001,0,0
assurance_triage,59,benign--assurance_triage--ring--n10--containment_drill--r4,0,0.0034950285,0.4700000000000001,0,0
assurance_triage,59,benign--assurance_triage--ring--n10--routine_update--r1,0,0.003060215,0.4700000000000001,0,0
assurance_triage,59,benign--assurance_triage--ring--n10--routine_update--r5,0,0.0033331679,0.4700000000000001,0,0
assurance_triage,59,benign--assurance_triage--ring--n10--routine_update--r5,0,0.007995529,0.4700000000000001,0,0
assurance_triage,59,benign--assurance_triage--ring--n15--containment_drill--r2,0,0.0015781891,0.4700000000000001,0,0
assurance_triage,59,benign--assurance_triage--ring--n15--maintenance_notice--r4,0,0.001113985,0.4700000000000001,0,0
assurance_triage,59,benign--assurance_triage--ring--n15--routine_update--r3,0,0.0022518912,0.4700000000000001,0,0
assurance_triage,59,benign--assurance_triage--ring--n20--containment_drill--r4,0,0.002198282,0.4700000000000001,0,0
assurance_triage,59,benign--assurance_triage--ring--n20--containment_drill--r4,0,0.0012859477,0.4700000000000001,0,0
assurance_triage,59,benign--assurance_triage--ring--n20--containment_drill--r4,0,0.0023603432,0.4700000000000001,0,0
assurance_triage,59,benign--assurance_triage--ring--n20--maintenance_notice--r6,0,0.0011539969,0.4700000000000001,0,0
assurance_triage,59,benign--assurance_triage--ring--n20--maintenance_notice--r6,0,0.0010620857,0.4700000000000001,0,0
assurance_triage,59,benign--assurance_triage--ring--n20--maintenance_notice--r6,0,0.0012850533,0.4700000000000001,0,0
assurance_triage,59,benign--assurance_triage--ring--n20--quoted_attack_review--r3,0,0.0010721352,0.4700000000000001,0,0
assurance_triage,59,benign--assurance_triage--ring--n20--quoted_attack_review--r3,0,0.004528595,0.4700000000000001,0,0
assurance_triage,59,benign--assurance_triage--ring--n20--quoted_attack_review--r3,0,0.004354978,0.4700000000000001,0,0
assurance_triage,59,benign--assurance_triage--ring--n20--routine_update--r1,0,0.0032703222,0.4700000000000001,0,0
assurance_triage,59,benign--assurance_triage--ring--n20--routine_update--r1,0,0.0035981196,0.4700000000000001,0,0
assurance_triage,59,benign--assurance_triage--ring--n20--routine_update--r1,0,0.011197312,0.4700000000000001,0,0
assurance_triage,59,benign--assurance_triage--ring--n20--routine_update--r1,0,0.0017538888,0.4700000000000001,0,0
assurance_triage,59,benign--assurance_triage--ring--n20--routine_update--r5,0,0.0038995708,0.4700000000000001,0,0
assurance_triage,59,benign--assurance_triage--ring--n20--routine_update--r5,0,0.004067365,0.4700000000000001,0,0
assurance_triage,59,benign--assurance_triage--ring--n20--routine_update--r5,0,0.0016051388,0.4700000000000001,0,0
assurance_triage,59,benign--assurance_triage--ring--n4--quoted_attack_review--r3,0,0.015866872,0.4700000000000001,0,0
assurance_triage,59,benign--assurance_triage--ring--n4--quoted_attack_review--r3,0,0.0019630922,0.4700000000000001,0,0
assurance_triage,59,benign--assurance_triage--ring--n4--routine_update--r1,0,0.000774706,0.4700000000000001,0,0
assurance_triage,59,benign--assurance_triage--ring--n4--routine_update--r5,0,0.0023589032,0.4700000000000001,0,0
assurance_triage,59,benign--assurance_triage--ring--n8--containment_drill--r2,0,0.0009373071,0.4700000000000001,0,0
assurance_triage,59,benign--assurance_triage--ring--n8--containment_drill--r6,0,0.002479486,0.4700000000000001,0,0
assurance_triage,59,benign--assurance_triage--ring--n8--containment_drill--r6,0,0.013981725,0.4700000000000001,0,0
assurance_triage,59,benign--assurance_triage--ring--n8--containment_drill--r6,0,0.008278626,0.4700000000000001,0,0
assurance_triage,59,benign--assurance_triage--ring--n8--quoted_attack_review--r5,0,0.00633446,0.4700000000000001,0,0
assurance_triage,59,benign--assurance_triage--ring--n8--quoted_attack_review--r5,0,0.0073844246,0.4700000000000001,0,0
assurance_triage,59,benign--assurance_triage--ring--n8--quoted_attack_review--r5,0,0.0040605445,0.4700000000000001,0,0
assurance_triage,59,benign--assurance_triage--ring--n8--quoted_attack_review--r5,0,0.01435141,0.4700000000000001,0,0
assurance_triage,59,benign--assurance_triage--ring--n8--quoted_attack_review--r5,0,0.022112474,0.4700000000000001,0,0
assurance_triage,59,benign--assurance_triage--ring--n8--routine_update--r3,0,0.001519543,0.4700000000000001,0,0
assurance_triage,59,benign--assurance_triage--star--n10--containment_drill--r2,0,0.0016633113,0.4700000000000001,0,0
assurance_triage,59,benign--assurance_triage--star--n10--containment_drill--r2,0,0.0023228962,0.4700000000000001,0,0
assurance_triage,59,benign--assurance_triage--star--n10--quoted_attack_review--r1,0,0.0012231062,0.4700000000000001,0,0
assurance_triage,59,benign--assurance_triage--star--n10--quoted_attack_review--r5,0,0.0008907014,0.4700000000000001,0,0
assurance_triage,59,benign--assurance_triage--star--n10--routine_update--r3,0,0.0033726303,0.4700000000000001,0,0
assurance_triage,59,benign--assurance_triage--star--n15--maintenance_notice--r6,0,0.0015154213,0.4700000000000001,0,0
assurance_triage,59,benign--assurance_triage--star--n15--maintenance_notice--r6,0,0.0016916927,0.4700000000000001,0,0
assurance_triage,59,benign--assurance_triage--star--n15--routine_update--r1,0,0.025713822,0.4700000000000001,0,0
assurance_triage,59,benign--assurance_triage--star--n15--routine_update--r5,0,0.0022114632,0.4700000000000001,0,0
assurance_triage,59,benign--assurance_triage--star--n15--routine_update--r5,0,0.00088230614,0.4700000000000001,0,0
assurance_triage,59,benign--assurance_triage--star--n20--containment_drill--r2,0,0.0021692188,0.4700000000000001,0,0
assurance_triage,59,benign--assurance_triage--star--n20--containment_drill--r2,0,0.002177563,0.4700000000000001,0,0
assurance_triage,59,benign--assurance_triage--star--n20--containment_drill--r2,0,0.0010746635,0.4700000000000001,0,0
assurance_triage,59,benign--assurance_triage--star--n20--containment_drill--r6,0,0.0014096461,0.4700000000000001,0,0
assurance_triage,59,benign--assurance_triage--star--n20--containment_drill--r6,0,0.0025854881,0.4700000000000001,0,0
assurance_triage,59,benign--assurance_triage--star--n20--maintenance_notice--r4,0,0.0028163304,0.4700000000000001,0,0
assurance_triage,59,benign--assurance_triage--star--n20--maintenance_notice--r4,0,0.0011899044,0.4700000000000001,0,0
assurance_triage,59,benign--assurance_triage--star--n20--quoted_attack_review--r5,0,0.0011275578,0.4700000000000001,0,0
assurance_triage,59,benign--assurance_triage--star--n20--routine_update--r3,0,0.0027778365,0.4700000000000001,0,0
assurance_triage,59,benign--assurance_triage--star--n20--routine_update--r3,0,0.002945338,0.4700000000000001,0,0
assurance_triage,59,benign--assurance_triage--star--n4--containment_drill--r6,0,0.0010170044,0.4700000000000001,0,0
assurance_triage,59,benign--assurance_triage--star--n8--containment_drill--r4,0,0.0012240876,0.4700000000000001,0,0
assurance_triage,59,benign--assurance_triage--star--n8--maintenance_notice--r2,0,0.0021762114,0.4700000000000001,0,0
assurance_triage,59,benign--assurance_triage--star--n8--maintenance_notice--r6,0,0.0013509027,0.4700000000000001,0,0
assurance_triage,59,benign--assurance_triage--star--n8--maintenance_notice--r6,0,0.0036786664,0.4700000000000001,0,0
assurance_triage,59,benign--assurance_triage--star--n8--quoted_attack_review--r3,0,0.0011096236,0.4700000000000001,0,0
assurance_triage,59,benign--assurance_triage--star--n8--routine_update--r1,0,0.002216573,0.4700000000000001,0,0
assurance_triage,59,benign--assurance_triage--star--n8--routine_update--r1,0,0.013496696,0.4700000000000001,0,0
assurance_triage,59,benign--assurance_triage--star--n8--routine_update--r5,0,0.01371223,0.4700000000000001,0,0
assurance_triage,59,benign--assurance_triage--star--n8--routine_update--r5,0,0.0412128,0.4700000000000001,0,0
assurance_triage,59,mal--assurance_triage--chain--n10--control_plane_worm--r4,1,0.6183317,0.4700000000000001,1,1
assurance_triage,59,mal--assurance_triage--chain--n10--control_plane_worm--r4,1,0.013403968,0.4700000000000001,0,0
assurance_triage,59,mal--assurance_triage--chain--n10--control_plane_worm--r4,0,0.0023862422,0.4700000000000001,0,0
assurance_triage,59,mal--assurance_triage--chain--n10--exfiltration_propagation--r2,0,0.08330651,0.4700000000000001,0,0
assurance_triage,59,mal--assurance_triage--chain--n10--recovery_poisoning--r1,1,0.69137305,0.4700000000000001,1,1
assurance_triage,59,mal--assurance_triage--chain--n10--recovery_poisoning--r1,0,0.18401118,0.4700000000000001,0,0
assurance_triage,59,mal--assurance_triage--chain--n10--recovery_poisoning--r1,0,0.02758598,0.4700000000000001,0,0
assurance_triage,59,mal--assurance_triage--chain--n15--exfiltration_propagation--r1,1,0.9323568,0.4700000000000001,1,1
assurance_triage,59,mal--assurance_triage--chain--n15--exfiltration_propagation--r1,1,0.589928,0.4700000000000001,1,1
assurance_triage,59,mal--assurance_triage--chain--n15--exfiltration_propagation--r1,0,0.023994017,0.4700000000000001,0,0
assurance_triage,59,mal--assurance_triage--chain--n15--exfiltration_propagation--r1,0,0.0042705983,0.4700000000000001,0,0
assurance_triage,59,mal--assurance_triage--chain--n15--guard_suppression--r2,1,0.96723837,0.4700000000000001,1,1
assurance_triage,59,mal--assurance_triage--chain--n15--guard_suppression--r2,1,0.9339069,0.4700000000000001,1,1
assurance_triage,59,mal--assurance_triage--chain--n15--guard_suppression--r2,1,0.8884857,0.4700000000000001,1,1
assurance_triage,59,mal--assurance_triage--chain--n15--guard_suppression--r2,1,0.90859216,0.4700000000000001,1,1
assurance_triage,59,mal--assurance_triage--chain--n15--guard_suppression--r2,0,0.00770686,0.4700000000000001,0,0
assurance_triage,59,mal--assurance_triage--chain--n15--guard_suppression--r5,1,0.2402067,0.4700000000000001,0,0
assurance_triage,59,mal--assurance_triage--chain--n15--guard_suppression--r5,0,0.0017419619,0.4700000000000001,0,0
assurance_triage,59,mal--assurance_triage--chain--n15--guard_suppression--r5,0,0.018120788,0.4700000000000001,0,0
assurance_triage,59,mal--assurance_triage--chain--n15--slice_takeover--r1,1,0.9130839,0.4700000000000001,1,1
assurance_triage,59,mal--assurance_triage--chain--n15--slice_takeover--r1,1,0.985015,0.4700000000000001,1,1
assurance_triage,59,mal--assurance_triage--chain--n15--slice_takeover--r1,1,0.08813072,0.4700000000000001,0,0
assurance_triage,59,mal--assurance_triage--chain--n15--slice_takeover--r1,0,0.002334936,0.4700000000000001,0,0
assurance_triage,59,mal--assurance_triage--chain--n15--slice_takeover--r4,1,0.9819062,0.4700000000000001,1,1
assurance_triage,59,mal--assurance_triage--chain--n15--slice_takeover--r4,1,0.9550286,0.4700000000000001,1,1
assurance_triage,59,mal--assurance_triage--chain--n15--slice_takeover--r4,1,0.8340432,0.4700000000000001,1,1
assurance_triage,59,mal--assurance_triage--chain--n20--control_plane_worm--r2,1,0.6730508,0.4700000000000001,1,1
assurance_triage,59,mal--assurance_triage--chain--n20--control_plane_worm--r2,0,0.0020301687,0.4700000000000001,0,0
assurance_triage,59,mal--assurance_triage--chain--n20--exfiltration_propagation--r1,1,0.9323568,0.4700000000000001,1,1
assurance_triage,59,mal--assurance_triage--chain--n20--exfiltration_propagation--r1,1,0.9712881,0.4700000000000001,1,1
assurance_triage,59,mal--assurance_triage--chain--n20--exfiltration_propagation--r1,0,0.155239,0.4700000000000001,0,0
assurance_triage,59,mal--assurance_triage--chain--n20--exfiltration_propagation--r1,0,0.048539795,0.4700000000000001,0,0
assurance_triage,59,mal--assurance_triage--chain--n20--guard_suppression--r4,1,0.97934866,0.4700000000000001,1,1
assurance_triage,59,mal--assurance_triage--chain--n20--recovery_poisoning--r6,1,0.8186915,0.4700000000000001,1,1
assurance_triage,59,mal--assurance_triage--chain--n20--recovery_poisoning--r6,0,0.011800469,0.4700000000000001,0,0
assurance_triage,59,mal--assurance_triage--chain--n20--recovery_poisoning--r6,1,0.052527037,0.4700000000000001,0,0
assurance_triage,59,mal--assurance_triage--chain--n20--slice_takeover--r3,1,0.9851024,0.4700000000000001,1,1
assurance_triage,59,mal--assurance_triage--chain--n20--slice_takeover--r3,1,0.9806122,0.4700000000000001,1,1
assurance_triage,59,mal--assurance_triage--chain--n20--slice_takeover--r3,1,0.97948164,0.4700000000000001,1,1
assurance_triage,59,mal--assurance_triage--chain--n20--slice_takeover--r3,1,0.9767561,0.4700000000000001,1,1
assurance_triage,59,mal--assurance_triage--chain--n20--slice_takeover--r3,1,0.9702517,0.4700000000000001,1,1
assurance_triage,59,mal--assurance_triage--chain--n4--control_plane_worm--r1,1,0.18821084,0.4700000000000001,0,0
assurance_triage,59,mal--assurance_triage--chain--n4--slice_takeover--r2,1,0.9204842,0.4700000000000001,1,1
assurance_triage,59,mal--assurance_triage--chain--n4--slice_takeover--r2,0,0.38740632,0.4700000000000001,0,0
assurance_triage,59,mal--assurance_triage--chain--n8--control_plane_worm--r5,1,0.91792387,0.4700000000000001,1,1
assurance_triage,59,mal--assurance_triage--chain--n8--control_plane_worm--r5,0,0.0044053425,0.4700000000000001,0,0
assurance_triage,59,mal--assurance_triage--chain--n8--exfiltration_propagation--r2,1,0.9451957,0.4700000000000001,1,1
assurance_triage,59,mal--assurance_triage--chain--n8--exfiltration_propagation--r2,0,0.0048128646,0.4700000000000001,0,0
assurance_triage,59,mal--assurance_triage--chain--n8--exfiltration_propagation--r2,0,0.6754854,0.4700000000000001,1,1
assurance_triage,59,mal--assurance_triage--chain--n8--guard_suppression--r1,1,0.9219813,0.4700000000000001,1,1
assurance_triage,59,mal--assurance_triage--chain--n8--guard_suppression--r1,1,0.8053309,0.4700000000000001,1,1
assurance_triage,59,mal--assurance_triage--chain--n8--guard_suppression--r1,0,0.03364048,0.4700000000000001,0,0
assurance_triage,59,mal--assurance_triage--chain--n8--guard_suppression--r1,0,0.0106240595,0.4700000000000001,0,0
assurance_triage,59,mal--assurance_triage--chain--n8--guard_suppression--r1,0,0.0025046936,0.4700000000000001,0,0
assurance_triage,59,mal--assurance_triage--chain--n8--guard_suppression--r2,1,0.9422658,0.4700000000000001,1,1
assurance_triage,59,mal--assurance_triage--chain--n8--guard_suppression--r2,0,0.01141052,0.4700000000000001,0,0
assurance_triage,59,mal--assurance_triage--chain--n8--guard_suppression--r2,0,0.00962463,0.4700000000000001,0,0
assurance_triage,59,mal--assurance_triage--chain--n8--recovery_poisoning--r4,1,0.7531782,0.4700000000000001,1,1
assurance_triage,59,mal--assurance_triage--mesh_lite--n10--control_plane_worm--r2,1,0.48237032,0.4700000000000001,1,0
assurance_triage,59,mal--assurance_triage--mesh_lite--n10--control_plane_worm--r2,0,0.012578196,0.4700000000000001,0,0
assurance_triage,59,mal--assurance_triage--mesh_lite--n10--control_plane_worm--r2,0,0.017913075,0.4700000000000001,0,0
assurance_triage,59,mal--assurance_triage--mesh_lite--n10--control_plane_worm--r2,0,0.0041095135,0.4700000000000001,0,0
assurance_triage,59,mal--assurance_triage--mesh_lite--n10--control_plane_worm--r2,0,0.052870657,0.4700000000000001,0,0
assurance_triage,59,mal--assurance_triage--mesh_lite--n10--control_plane_worm--r2,0,0.062402,0.4700000000000001,0,0
assurance_triage,59,mal--assurance_triage--mesh_lite--n10--control_plane_worm--r2,0,0.5587041,0.4700000000000001,1,1
assurance_triage,59,mal--assurance_triage--mesh_lite--n10--control_plane_worm--r2,0,0.0017119161,0.4700000000000001,0,0
assurance_triage,59,mal--assurance_triage--mesh_lite--n10--control_plane_worm--r2,0,0.0013810693,0.4700000000000001,0,0
assurance_triage,59,mal--assurance_triage--mesh_lite--n10--exfiltration_propagation--r2,1,0.9496208,0.4700000000000001,1,1
assurance_triage,59,mal--assurance_triage--mesh_lite--n10--exfiltration_propagation--r2,1,0.9968925,0.4700000000000001,1,1
assurance_triage,59,mal--assurance_triage--mesh_lite--n10--exfiltration_propagation--r2,1,0.982042,0.4700000000000001,1,1
assurance_triage,59,mal--assurance_triage--mesh_lite--n10--exfiltration_propagation--r2,1,0.931435,0.4700000000000001,1,1
assurance_triage,59,mal--assurance_triage--mesh_lite--n10--exfiltration_propagation--r2,0,0.0025661038,0.4700000000000001,0,0
assurance_triage,59,mal--assurance_triage--mesh_lite--n10--exfiltration_propagation--r2,0,0.93824244,0.4700000000000001,1,1
assurance_triage,59,mal--assurance_triage--mesh_lite--n10--exfiltration_propagation--r2,0,0.044057876,0.4700000000000001,0,0
assurance_triage,59,mal--assurance_triage--mesh_lite--n15--exfiltration_propagation--r1,1,0.32985133,0.4700000000000001,0,0
assurance_triage,59,mal--assurance_triage--mesh_lite--n15--exfiltration_propagation--r1,0,0.002120743,0.4700000000000001,0,0
assurance_triage,59,mal--assurance_triage--mesh_lite--n15--recovery_poisoning--r2,1,0.9912544,0.4700000000000001,1,1
assurance_triage,59,mal--assurance_triage--mesh_lite--n15--recovery_poisoning--r2,0,0.23620561,0.4700000000000001,0,0
assurance_triage,59,mal--assurance_triage--mesh_lite--n15--recovery_poisoning--r2,0,0.0011798313,0.4700000000000001,0,0
assurance_triage,59,mal--assurance_triage--mesh_lite--n20--recovery_poisoning--r1,1,0.24482985,0.4700000000000001,0,0
assurance_triage,59,mal--assurance_triage--mesh_lite--n20--recovery_poisoning--r2,1,0.9093555,0.4700000000000001,1,1
assurance_triage,59,mal--assurance_triage--mesh_lite--n20--recovery_poisoning--r2,0,0.07748118,0.4700000000000001,0,0
assurance_triage,59,mal--assurance_triage--mesh_lite--n20--recovery_poisoning--r2,0,0.0017992673,0.4700000000000001,0,0
assurance_triage,59,mal--assurance_triage--mesh_lite--n20--recovery_poisoning--r2,1,0.98539937,0.4700000000000001,1,1
assurance_triage,59,mal--assurance_triage--mesh_lite--n20--recovery_poisoning--r2,0,0.0024139027,0.4700000000000001,0,0
assurance_triage,59,mal--assurance_triage--mesh_lite--n20--recovery_poisoning--r2,1,0.7796111,0.4700000000000001,1,1
assurance_triage,59,mal--assurance_triage--mesh_lite--n20--recovery_poisoning--r2,1,0.18101054,0.4700000000000001,0,0
assurance_triage,59,mal--assurance_triage--mesh_lite--n20--recovery_poisoning--r2,0,0.0010648648,0.4700000000000001,0,0
assurance_triage,59,mal--assurance_triage--mesh_lite--n20--recovery_poisoning--r2,0,0.20453414,0.4700000000000001,0,0
assurance_triage,59,mal--assurance_triage--mesh_lite--n20--slice_takeover--r3,1,0.99572134,0.4700000000000001,1,1
assurance_triage,59,mal--assurance_triage--mesh_lite--n20--slice_takeover--r3,0,0.018805526,0.4700000000000001,0,0
assurance_triage,59,mal--assurance_triage--mesh_lite--n20--slice_takeover--r3,0,0.08091783,0.4700000000000001,0,0
assurance_triage,59,mal--assurance_triage--mesh_lite--n4--guard_suppression--r3,1,0.99101895,0.4700000000000001,1,1
assurance_triage,59,mal--assurance_triage--mesh_lite--n4--guard_suppression--r3,0,0.53750193,0.4700000000000001,1,1
assurance_triage,59,mal--assurance_triage--mesh_lite--n4--guard_suppression--r3,1,0.9863521,0.4700000000000001,1,1
assurance_triage,59,mal--assurance_triage--mesh_lite--n4--guard_suppression--r3,0,0.92642266,0.4700000000000001,1,1
assurance_triage,59,mal--assurance_triage--mesh_lite--n8--slice_takeover--r6,1,0.67403215,0.4700000000000001,1,1
assurance_triage,59,mal--assurance_triage--mesh_lite--n8--slice_takeover--r6,1,0.011294403,0.4700000000000001,0,0
assurance_triage,59,mal--assurance_triage--mesh_lite--n8--slice_takeover--r6,1,0.037880875,0.4700000000000001,0,0
assurance_triage,59,mal--assurance_triage--mesh_lite--n8--slice_takeover--r6,1,0.97345746,0.4700000000000001,1,1
assurance_triage,59,mal--assurance_triage--mesh_lite--n8--slice_takeover--r6,0,0.007072255,0.4700000000000001,0,0
assurance_triage,59,mal--assurance_triage--mesh_lite--n8--slice_takeover--r6,0,0.0056164428,0.4700000000000001,0,0
assurance_triage,59,mal--assurance_triage--mesh_lite--n8--slice_takeover--r6,0,0.0040392936,0.4700000000000001,0,0
assurance_triage,59,mal--assurance_triage--mesh_lite--n8--slice_takeover--r6,0,0.0061979904,0.4700000000000001,0,0
assurance_triage,59,mal--assurance_triage--mesh_lite--n8--slice_takeover--r6,0,0.07897812,0.4700000000000001,0,0
assurance_triage,59,mal--assurance_triage--random_min_degree--n10--control_plane_worm--r4,1,0.5490639,0.4700000000000001,1,1
assurance_triage,59,mal--assurance_triage--random_min_degree--n10--control_plane_worm--r4,0,0.003515906,0.4700000000000001,0,0
assurance_triage,59,mal--assurance_triage--random_min_degree--n10--control_plane_worm--r4,0,0.007461837,0.4700000000000001,0,0
assurance_triage,59,mal--assurance_triage--random_min_degree--n10--control_plane_worm--r4,1,0.042875074,0.4700000000000001,0,0
assurance_triage,59,mal--assurance_triage--random_min_degree--n10--control_plane_worm--r4,1,0.6086798,0.4700000000000001,1,1
assurance_triage,59,mal--assurance_triage--random_min_degree--n10--control_plane_worm--r4,1,0.35346696,0.4700000000000001,0,0
assurance_triage,59,mal--assurance_triage--random_min_degree--n10--exfiltration_propagation--r2,1,0.8277679,0.4700000000000001,1,1
assurance_triage,59,mal--assurance_triage--random_min_degree--n10--exfiltration_propagation--r2,1,0.899931,0.4700000000000001,1,1
assurance_triage,59,mal--assurance_triage--random_min_degree--n10--exfiltration_propagation--r2,1,0.736781,0.4700000000000001,1,1
assurance_triage,59,mal--assurance_triage--random_min_degree--n10--exfiltration_propagation--r2,1,0.9796012,0.4700000000000001,1,1
assurance_triage,59,mal--assurance_triage--random_min_degree--n10--guard_suppression--r1,1,0.86875284,0.4700000000000001,1,1
assurance_triage,59,mal--assurance_triage--random_min_degree--n15--exfiltration_propagation--r6,0,0.82689947,0.4700000000000001,1,1
assurance_triage,59,mal--assurance_triage--random_min_degree--n15--guard_suppression--r2,1,0.9745438,0.4700000000000001,1,1
assurance_triage,59,mal--assurance_triage--random_min_degree--n15--guard_suppression--r2,1,0.7710504,0.4700000000000001,1,1
assurance_triage,59,mal--assurance_triage--random_min_degree--n15--guard_suppression--r2,1,0.15702158,0.4700000000000001,0,0
assurance_triage,59,mal--assurance_triage--random_min_degree--n15--guard_suppression--r2,0,0.081140384,0.4700000000000001,0,0
assurance_triage,59,mal--assurance_triage--random_min_degree--n15--guard_suppression--r5,1,0.9572852,0.4700000000000001,1,1
assurance_triage,59,mal--assurance_triage--random_min_degree--n15--guard_suppression--r5,1,0.9470671,0.4700000000000001,1,1
assurance_triage,59,mal--assurance_triage--random_min_degree--n15--guard_suppression--r5,0,0.0061659757,0.4700000000000001,0,0
assurance_triage,59,mal--assurance_triage--random_min_degree--n15--recovery_poisoning--r2,0,0.0071276617,0.4700000000000001,0,0
assurance_triage,59,mal--assurance_triage--random_min_degree--n15--recovery_poisoning--r2,1,0.086867385,0.4700000000000001,0,0
assurance_triage,59,mal--assurance_triage--random_min_degree--n15--recovery_poisoning--r2,1,0.78509367,0.4700000000000001,1,1
assurance_triage,59,mal--assurance_triage--random_min_degree--n15--recovery_poisoning--r2,0,0.10448618,0.4700000000000001,0,0
assurance_triage,59,mal--assurance_triage--random_min_degree--n20--control_plane_worm--r2,1,0.25728568,0.4700000000000001,0,0
assurance_triage,59,mal--assurance_triage--random_min_degree--n20--control_plane_worm--r2,0,0.009307717,0.4700000000000001,0,0
assurance_triage,59,mal--assurance_triage--random_min_degree--n20--control_plane_worm--r2,1,0.0040230323,0.4700000000000001,0,0
assurance_triage,59,mal--assurance_triage--random_min_degree--n20--guard_suppression--r4,1,0.9902345,0.4700000000000001,1,1
assurance_triage,59,mal--assurance_triage--random_min_degree--n20--guard_suppression--r4,0,0.012954951,0.4700000000000001,0,0
assurance_triage,59,mal--assurance_triage--random_min_degree--n20--guard_suppression--r4,0,0.005340492,0.4700000000000001,0,0
assurance_triage,59,mal--assurance_triage--random_min_degree--n20--guard_suppression--r4,0,0.002974273,0.4700000000000001,0,0
assurance_triage,59,mal--assurance_triage--random_min_degree--n20--guard_suppression--r4,0,0.00866277,0.4700000000000001,0,0
assurance_triage,59,mal--assurance_triage--random_min_degree--n20--guard_suppression--r4,0,0.0019561576,0.4700000000000001,0,0
assurance_triage,59,mal--assurance_triage--random_min_degree--n20--recovery_poisoning--r6,1,0.9882201,0.4700000000000001,1,1
assurance_triage,59,mal--assurance_triage--random_min_degree--n20--recovery_poisoning--r6,1,0.9613527,0.4700000000000001,1,1
assurance_triage,59,mal--assurance_triage--random_min_degree--n20--recovery_poisoning--r6,0,0.06313424,0.4700000000000001,0,0
assurance_triage,59,mal--assurance_triage--random_min_degree--n4--guard_suppression--r3,1,0.98836493,0.4700000000000001,1,1
assurance_triage,59,mal--assurance_triage--random_min_degree--n4--guard_suppression--r3,0,0.032061875,0.4700000000000001,0,0
assurance_triage,59,mal--assurance_triage--random_min_degree--n4--guard_suppression--r3,0,0.030049624,0.4700000000000001,0,0
assurance_triage,59,mal--assurance_triage--random_min_degree--n4--guard_suppression--r3,0,0.0032223817,0.4700000000000001,0,0
assurance_triage,59,mal--assurance_triage--random_min_degree--n8--exfiltration_propagation--r2,1,0.60888034,0.4700000000000001,1,1
assurance_triage,59,mal--assurance_triage--random_min_degree--n8--exfiltration_propagation--r2,0,0.0037202784,0.4700000000000001,0,0
assurance_triage,59,mal--assurance_triage--random_min_degree--n8--exfiltration_propagation--r2,0,0.052202065,0.4700000000000001,0,0
assurance_triage,59,mal--assurance_triage--random_min_degree--n8--exfiltration_propagation--r2,0,0.010822828,0.4700000000000001,0,0
assurance_triage,59,mal--assurance_triage--ring--n10--slice_takeover--r5,1,0.94525397,0.4700000000000001,1,1
assurance_triage,59,mal--assurance_triage--ring--n15--control_plane_worm--r3,0,0.019845886,0.4700000000000001,0,0
assurance_triage,59,mal--assurance_triage--ring--n15--control_plane_worm--r3,0,0.003609556,0.4700000000000001,0,0
assurance_triage,59,mal--assurance_triage--ring--n15--control_plane_worm--r3,0,0.008634034,0.4700000000000001,0,0
assurance_triage,59,mal--assurance_triage--ring--n15--control_plane_worm--r3,0,0.0044225166,0.4700000000000001,0,0
assurance_triage,59,mal--assurance_triage--ring--n15--control_plane_worm--r3,0,0.012145179,0.4700000000000001,0,0
assurance_triage,59,mal--assurance_triage--ring--n15--guard_suppression--r5,1,0.97347915,0.4700000000000001,1,1
assurance_triage,59,mal--assurance_triage--ring--n15--guard_suppression--r5,0,0.0030764122,0.4700000000000001,0,0
assurance_triage,59,mal--assurance_triage--ring--n15--guard_suppression--r5,0,0.0030445869,0.4700000000000001,0,0
assurance_triage,59,mal--assurance_triage--ring--n15--guard_suppression--r5,0,0.011256247,0.4700000000000001,0,0
assurance_triage,59,mal--assurance_triage--ring--n15--guard_suppression--r5,0,0.004316362,0.4700000000000001,0,0
assurance_triage,59,mal--assurance_triage--ring--n15--recovery_poisoning--r2,1,0.93212825,0.4700000000000001,1,1
assurance_triage,59,mal--assurance_triage--ring--n15--recovery_poisoning--r2,1,0.8127551,0.4700000000000001,1,1
assurance_triage,59,mal--assurance_triage--ring--n15--recovery_poisoning--r2,0,0.010499341,0.4700000000000001,0,0
assurance_triage,59,mal--assurance_triage--ring--n20--control_plane_worm--r2,1,0.8101021,0.4700000000000001,1,1
assurance_triage,59,mal--assurance_triage--ring--n20--control_plane_worm--r2,0,0.0148837855,0.4700000000000001,0,0
assurance_triage,59,mal--assurance_triage--ring--n20--guard_suppression--r4,1,0.96722835,0.4700000000000001,1,1
assurance_triage,59,mal--assurance_triage--ring--n20--guard_suppression--r4,1,0.51373893,0.4700000000000001,1,1
assurance_triage,59,mal--assurance_triage--ring--n20--guard_suppression--r4,1,0.5481526,0.4700000000000001,1,1
assurance_triage,59,mal--assurance_triage--ring--n20--guard_suppression--r4,1,0.6633812,0.4700000000000001,1,1
assurance_triage,59,mal--assurance_triage--ring--n20--guard_suppression--r4,1,0.022123061,0.4700000000000001,0,0
assurance_triage,59,mal--assurance_triage--ring--n20--slice_takeover--r3,0,0.04790181,0.4700000000000001,0,0
assurance_triage,59,mal--assurance_triage--ring--n20--slice_takeover--r3,0,0.004639762,0.4700000000000001,0,0
assurance_triage,59,mal--assurance_triage--ring--n4--exfiltration_propagation--r4,1,0.002782528,0.4700000000000001,0,0
assurance_triage,59,mal--assurance_triage--ring--n4--exfiltration_propagation--r4,0,0.0021831205,0.4700000000000001,0,0
assurance_triage,59,mal--assurance_triage--ring--n4--exfiltration_propagation--r4,0,0.0010568298,0.4700000000000001,0,0
assurance_triage,59,mal--assurance_triage--ring--n4--exfiltration_propagation--r4,0,0.00097238325,0.4700000000000001,0,0
assurance_triage,59,mal--assurance_triage--ring--n4--exfiltration_propagation--r4,0,0.0005492587,0.4700000000000001,0,0
assurance_triage,59,mal--assurance_triage--ring--n4--guard_suppression--r3,1,0.94800717,0.4700000000000001,1,1
assurance_triage,59,mal--assurance_triage--ring--n4--guard_suppression--r3,0,0.25566658,0.4700000000000001,0,0
assurance_triage,59,mal--assurance_triage--ring--n4--guard_suppression--r3,0,0.0071712104,0.4700000000000001,0,0
assurance_triage,59,mal--assurance_triage--ring--n8--control_plane_worm--r5,1,0.82110006,0.4700000000000001,1,1
assurance_triage,59,mal--assurance_triage--ring--n8--control_plane_worm--r5,1,0.13825373,0.4700000000000001,0,0
assurance_triage,59,mal--assurance_triage--ring--n8--control_plane_worm--r5,0,0.0030091156,0.4700000000000001,0,0
assurance_triage,59,mal--assurance_triage--ring--n8--recovery_poisoning--r4,1,0.72360015,0.4700000000000001,1,1
assurance_triage,59,mal--assurance_triage--ring--n8--recovery_poisoning--r4,1,0.207422,0.4700000000000001,0,0
assurance_triage,59,mal--assurance_triage--star--n10--control_plane_worm--r4,1,0.62736124,0.4700000000000001,1,1
assurance_triage,59,mal--assurance_triage--star--n10--control_plane_worm--r4,0,0.036509037,0.4700000000000001,0,0
assurance_triage,59,mal--assurance_triage--star--n10--guard_suppression--r1,1,0.8334085,0.4700000000000001,1,1
assurance_triage,59,mal--assurance_triage--star--n10--guard_suppression--r1,0,0.013365984,0.4700000000000001,0,0
assurance_triage,59,mal--assurance_triage--star--n10--guard_suppression--r6,1,0.81783706,0.4700000000000001,1,1
assurance_triage,59,mal--assurance_triage--star--n10--guard_suppression--r6,0,0.08933856,0.4700000000000001,0,0
assurance_triage,59,mal--assurance_triage--star--n10--slice_takeover--r5,1,0.93718314,0.4700000000000001,1,1
assurance_triage,59,mal--assurance_triage--star--n10--slice_takeover--r5,0,0.03920598,0.4700000000000001,0,0
assurance_triage,59,mal--assurance_triage--star--n15--control_plane_worm--r3,1,0.9855012,0.4700000000000001,1,1
assurance_triage,59,mal--assurance_triage--star--n15--control_plane_worm--r3,0,0.35812712,0.4700000000000001,0,0
assurance_triage,59,mal--assurance_triage--star--n15--guard_suppression--r2,1,0.9522318,0.4700000000000001,1,1
assurance_triage,59,mal--assurance_triage--star--n15--guard_suppression--r2,0,0.7769762,0.4700000000000001,1,1
assurance_triage,59,mal--assurance_triage--star--n15--guard_suppression--r5,1,0.244615,0.4700000000000001,0,0
assurance_triage,59,mal--assurance_triage--star--n15--guard_suppression--r5,0,0.16860569,0.4700000000000001,0,0
assurance_triage,59,mal--assurance_triage--star--n15--recovery_poisoning--r2,1,0.24187393,0.4700000000000001,0,0
assurance_triage,59,mal--assurance_triage--star--n15--recovery_poisoning--r2,0,0.9549254,0.4700000000000001,1,1
assurance_triage,59,mal--assurance_triage--star--n15--recovery_poisoning--r2,0,0.0021483747,0.4700000000000001,0,0
assurance_triage,59,mal--assurance_triage--star--n15--recovery_poisoning--r2,0,0.0051156683,0.4700000000000001,0,0
assurance_triage,59,mal--assurance_triage--star--n15--recovery_poisoning--r2,0,0.009399967,0.4700000000000001,0,0
assurance_triage,59,mal--assurance_triage--star--n15--slice_takeover--r1,1,0.9865956,0.4700000000000001,1,1
assurance_triage,59,mal--assurance_triage--star--n15--slice_takeover--r1,0,0.7915463,0.4700000000000001,1,1
assurance_triage,59,mal--assurance_triage--star--n15--slice_takeover--r4,1,0.97695756,0.4700000000000001,1,1
assurance_triage,59,mal--assurance_triage--star--n15--slice_takeover--r4,0,0.044533435,0.4700000000000001,0,0
assurance_triage,59,mal--assurance_triage--star--n20--control_plane_worm--r2,1,0.2871133,0.4700000000000001,0,0
assurance_triage,59,mal--assurance_triage--star--n20--control_plane_worm--r2,0,0.11027526,0.4700000000000001,0,0
assurance_triage,59,mal--assurance_triage--star--n20--exfiltration_propagation--r5,0,0.06227389,0.4700000000000001,0,0
assurance_triage,59,mal--assurance_triage--star--n20--guard_suppression--r4,1,0.77386147,0.4700000000000001,1,1
assurance_triage,59,mal--assurance_triage--star--n20--guard_suppression--r4,0,0.6021292,0.4700000000000001,1,1
assurance_triage,59,mal--assurance_triage--star--n20--recovery_poisoning--r6,1,0.775042,0.4700000000000001,1,1
assurance_triage,59,mal--assurance_triage--star--n20--recovery_poisoning--r6,1,0.98303944,0.4700000000000001,1,1
assurance_triage,59,mal--assurance_triage--star--n20--recovery_poisoning--r6,0,0.09919369,0.4700000000000001,0,0
assurance_triage,59,mal--assurance_triage--star--n20--recovery_poisoning--r6,0,0.0043303403,0.4700000000000001,0,0
assurance_triage,59,mal--assurance_triage--star--n20--slice_takeover--r3,1,0.61059666,0.4700000000000001,1,1
assurance_triage,59,mal--assurance_triage--star--n20--slice_takeover--r3,0,0.16651021,0.4700000000000001,0,0
assurance_triage,59,mal--assurance_triage--star--n4--exfiltration_propagation--r4,1,0.13696226,0.4700000000000001,0,0
assurance_triage,59,mal--assurance_triage--star--n4--exfiltration_propagation--r4,0,0.04124208,0.4700000000000001,0,0
assurance_triage,59,mal--assurance_triage--star--n4--exfiltration_propagation--r4,0,0.018401273,0.4700000000000001,0,0
assurance_triage,59,mal--assurance_triage--star--n4--recovery_poisoning--r5,1,0.8976873,0.4700000000000001,1,1
assurance_triage,59,mal--assurance_triage--star--n4--recovery_poisoning--r5,0,0.013516466,0.4700000000000001,0,0
assurance_triage,59,mal--assurance_triage--star--n4--recovery_poisoning--r5,0,0.083784014,0.4700000000000001,0,0
assurance_triage,59,mal--assurance_triage--star--n8--exfiltration_propagation--r2,0,0.87274903,0.4700000000000001,1,1
assurance_triage,59,mal--assurance_triage--star--n8--guard_suppression--r1,1,0.8425735,0.4700000000000001,1,1
assurance_triage,59,mal--assurance_triage--star--n8--guard_suppression--r1,0,0.07738393,0.4700000000000001,0,0
assurance_triage,59,mal--assurance_triage--star--n8--guard_suppression--r2,1,0.95435566,0.4700000000000001,1,1
assurance_triage,59,mal--assurance_triage--star--n8--guard_suppression--r2,0,0.012899831,0.4700000000000001,0,0
edge_mesh,7,benign--edge_mesh--chain--n10--containment_drill--r2,0,0.0024534506,0.35000000000000003,0,0
edge_mesh,7,benign--edge_mesh--chain--n10--containment_drill--r6,0,0.0027667813,0.35000000000000003,0,0
edge_mesh,7,benign--edge_mesh--chain--n10--containment_drill--r6,0,0.0019245014,0.35000000000000003,0,0
edge_mesh,7,benign--edge_mesh--chain--n10--maintenance_notice--r4,0,0.00830529,0.35000000000000003,0,0
edge_mesh,7,benign--edge_mesh--chain--n10--maintenance_notice--r4,0,0.0077553387,0.35000000000000003,0,0
edge_mesh,7,benign--edge_mesh--chain--n15--containment_drill--r4,0,0.0026687067,0.35000000000000003,0,0
edge_mesh,7,benign--edge_mesh--chain--n15--containment_drill--r4,0,0.009782763,0.35000000000000003,0,0
edge_mesh,7,benign--edge_mesh--chain--n15--containment_drill--r4,0,0.001911308,0.35000000000000003,0,0
edge_mesh,7,benign--edge_mesh--chain--n15--containment_drill--r4,0,0.005923565,0.35000000000000003,0,0
edge_mesh,7,benign--edge_mesh--chain--n15--routine_update--r1,0,0.013480312,0.35000000000000003,0,0
edge_mesh,7,benign--edge_mesh--chain--n15--routine_update--r1,0,0.076152116,0.35000000000000003,0,0
edge_mesh,7,benign--edge_mesh--chain--n15--routine_update--r5,0,0.019105464,0.35000000000000003,0,0
edge_mesh,7,benign--edge_mesh--chain--n15--routine_update--r5,0,0.008978884,0.35000000000000003,0,0
edge_mesh,7,benign--edge_mesh--chain--n15--routine_update--r5,0,0.005103732,0.35000000000000003,0,0
edge_mesh,7,benign--edge_mesh--chain--n20--containment_drill--r2,0,0.0010330732,0.35000000000000003,0,0
edge_mesh,7,benign--edge_mesh--chain--n20--containment_drill--r6,0,0.0029689018,0.35000000000000003,0,0
edge_mesh,7,benign--edge_mesh--chain--n20--maintenance_notice--r4,0,0.0062007634,0.35000000000000003,0,0
edge_mesh,7,benign--edge_mesh--chain--n20--maintenance_notice--r4,0,0.0029624063,0.35000000000000003,0,0
edge_mesh,7,benign--edge_mesh--chain--n20--maintenance_notice--r4,0,0.0021507076,0.35000000000000003,0,0
edge_mesh,7,benign--edge_mesh--chain--n20--maintenance_notice--r4,0,0.0034082069,0.35000000000000003,0,0
edge_mesh,7,benign--edge_mesh--chain--n20--quoted_attack_review--r5,0,0.003872226,0.35000000000000003,0,0
edge_mesh,7,benign--edge_mesh--chain--n20--quoted_attack_review--r5,0,0.0017041164,0.35000000000000003,0,0
edge_mesh,7,benign--edge_mesh--chain--n20--routine_update--r3,0,0.018715935,0.35000000000000003,0,0
edge_mesh,7,benign--edge_mesh--chain--n20--routine_update--r3,0,0.0052571306,0.35000000000000003,0,0
edge_mesh,7,benign--edge_mesh--chain--n4--containment_drill--r2,0,0.023411827,0.35000000000000003,0,0
edge_mesh,7,benign--edge_mesh--chain--n4--containment_drill--r2,0,0.003955873,0.35000000000000003,0,0
edge_mesh,7,benign--edge_mesh--chain--n4--containment_drill--r2,0,0.022678614,0.35000000000000003,0,0
edge_mesh,7,benign--edge_mesh--chain--n4--containment_drill--r2,0,0.028434513,0.35000000000000003,0,0
edge_mesh,7,benign--edge_mesh--chain--n4--containment_drill--r6,0,0.0061891405,0.35000000000000003,0,0
edge_mesh,7,benign--edge_mesh--chain--n4--routine_update--r3,0,0.07224083,0.35000000000000003,0,0
edge_mesh,7,benign--edge_mesh--chain--n4--routine_update--r3,0,0.04070256,0.35000000000000003,0,0
edge_mesh,7,benign--edge_mesh--chain--n8--containment_drill--r4,0,0.017048681,0.35000000000000003,0,0
edge_mesh,7,benign--edge_mesh--chain--n8--containment_drill--r4,0,0.010916302,0.35000000000000003,0,0
edge_mesh,7,benign--edge_mesh--chain--n8--maintenance_notice--r2,0,0.003349325,0.35000000000000003,0,0
edge_mesh,7,benign--edge_mesh--chain--n8--quoted_attack_review--r3,0,0.0049771545,0.35000000000000003,0,0
edge_mesh,7,benign--edge_mesh--chain--n8--quoted_attack_review--r3,0,0.0026001316,0.35000000000000003,0,0
edge_mesh,7,benign--edge_mesh--chain--n8--quoted_attack_review--r3,0,0.0021441919,0.35000000000000003,0,0
edge_mesh,7,benign--edge_mesh--chain--n8--quoted_attack_review--r3,0,0.0011892574,0.35000000000000003,0,0
edge_mesh,7,benign--edge_mesh--chain--n8--routine_update--r1,0,0.09071727,0.35000000000000003,0,0
edge_mesh,7,benign--edge_mesh--chain--n8--routine_update--r1,0,0.008605534,0.35000000000000003,0,0
edge_mesh,7,benign--edge_mesh--chain--n8--routine_update--r5,0,0.0022448923,0.35000000000000003,0,0
edge_mesh,7,benign--edge_mesh--chain--n8--routine_update--r5,0,0.0013321743,0.35000000000000003,0,0
edge_mesh,7,benign--edge_mesh--mesh_lite--n10--routine_update--r1,0,0.015025669,0.35000000000000003,0,0
edge_mesh,7,benign--edge_mesh--mesh_lite--n10--routine_update--r5,0,0.004921448,0.35000000000000003,0,0
edge_mesh,7,benign--edge_mesh--mesh_lite--n15--containment_drill--r2,0,0.0012608718,0.35000000000000003,0,0
edge_mesh,7,benign--edge_mesh--mesh_lite--n20--maintenance_notice--r2,0,0.080932066,0.35000000000000003,0,0
edge_mesh,7,benign--edge_mesh--mesh_lite--n20--routine_update--r1,0,0.022391116,0.35000000000000003,0,0
edge_mesh,7,benign--edge_mesh--mesh_lite--n20--routine_update--r1,0,0.1049314,0.35000000000000003,0,0
edge_mesh,7,benign--edge_mesh--mesh_lite--n4--containment_drill--r4,0,0.0013433677,0.35000000000000003,0,0
edge_mesh,7,benign--edge_mesh--mesh_lite--n4--maintenance_notice--r2,0,0.008649332,0.35000000000000003,0,0
edge_mesh,7,benign--edge_mesh--mesh_lite--n4--maintenance_notice--r6,0,0.002430684,0.35000000000000003,0,0
edge_mesh,7,benign--edge_mesh--mesh_lite--n4--routine_update--r1,0,0.0149284005,0.35000000000000003,0,0
edge_mesh,7,benign--edge_mesh--mesh_lite--n4--routine_update--r1,0,0.02353998,0.35000000000000003,0,0
edge_mesh,7,benign--edge_mesh--mesh_lite--n4--routine_update--r5,0,0.022391116,0.35000000000000003,0,0
edge_mesh,7,benign--edge_mesh--mesh_lite--n4--routine_update--r5,0,0.023749536,0.35000000000000003,0,0
edge_mesh,7,benign--edge_mesh--mesh_lite--n8--containment_drill--r2,0,0.0020135602,0.35000000000000003,0,0
edge_mesh,7,benign--edge_mesh--random_min_degree--n10--containment_drill--r2,0,0.0026280181,0.35000000000000003,0,0
edge_mesh,7,benign--edge_mesh--random_min_degree--n10--containment_drill--r2,0,0.0030444001,0.35000000000000003,0,0
edge_mesh,7,benign--edge_mesh--random_min_degree--n10--containment_drill--r2,0,0.0016816179,0.35000000000000003,0,0
edge_mesh,7,benign--edge_mesh--random_min_degree--n15--maintenance_notice--r2,0,0.008882233,0.35000000000000003,0,0
edge_mesh,7,benign--edge_mesh--random_min_degree--n15--routine_update--r1,0,0.013480312,0.35000000000000003,0,0
edge_mesh,7,benign--edge_mesh--random_min_degree--n20--containment_drill--r2,0,0.045113895,0.35000000000000003,0,0
edge_mesh,7,benign--edge_mesh--random_min_degree--n20--containment_drill--r2,0,0.009981695,0.35000000000000003,0,0
edge_mesh,7,benign--edge_mesh--random_min_degree--n20--quoted_attack_review--r1,0,0.019540824,0.35000000000000003,0,0
edge_mesh,7,benign--edge_mesh--random_min_degree--n20--quoted_attack_review--r1,0,0.0016766022,0.35000000000000003,0,0
edge_mesh,7,benign--edge_mesh--random_min_degree--n4--containment_drill--r2,0,0.0013100966,0.35000000000000003,0,0
edge_mesh,7,benign--edge_mesh--random_min_degree--n8--containment_drill--r4,0,0.0010502327,0.35000000000000003,0,0
edge_mesh,7,benign--edge_mesh--random_min_degree--n8--maintenance_notice--r2,0,0.021432916,0.35000000000000003,0,0
edge_mesh,7,benign--edge_mesh--random_min_degree--n8--routine_update--r1,0,0.0170034,0.35000000000000003,0,0
edge_mesh,7,benign--edge_mesh--random_min_degree--n8--routine_update--r1,0,0.006067156,0.35000000000000003,0,0
edge_mesh,7,benign--edge_mesh--ring--n10--containment_drill--r2,0,0.001601472,0.35000000000000003,0,0
edge_mesh,7,benign--edge_mesh--ring--n10--quoted_attack_review--r5,0,0.0012225873,0.35000000000000003,0,0
edge_mesh,7,benign--edge_mesh--ring--n15--maintenance_notice--r2,0,0.00764832,0.35000000000000003,0,0
edge_mesh,7,benign--edge_mesh--ring--n15--routine_update--r1,0,0.021688543,0.35000000000000003,0,0
edge_mesh,7,benign--edge_mesh--ring--n15--routine_update--r1,0,0.009693451,0.35000000000000003,0,0
edge_mesh,7,benign--edge_mesh--ring--n15--routine_update--r1,0,0.022930546,0.35000000000000003,0,0
edge_mesh,7,benign--edge_mesh--ring--n15--routine_update--r1,0,0.0056289434,0.35000000000000003,0,0
edge_mesh,7,benign--edge_mesh--ring--n15--routine_update--r1,0,0.0021018023,0.35000000000000003,0,0
edge_mesh,7,benign--edge_mesh--ring--n15--routine_update--r5,0,0.005357558,0.35000000000000003,0,0
edge_mesh,7,benign--edge_mesh--ring--n20--containment_drill--r2,0,0.0011630994,0.35000000000000003,0,0
edge_mesh,7,benign--edge_mesh--ring--n4--containment_drill--r2,0,0.0011206036,0.35000000000000003,0,0
edge_mesh,7,benign--edge_mesh--ring--n4--containment_drill--r6,0,0.0014153591,0.35000000000000003,0,0
edge_mesh,7,benign--edge_mesh--ring--n4--maintenance_notice--r4,0,0.006286333,0.35000000000000003,0,0
edge_mesh,7,benign--edge_mesh--ring--n4--maintenance_notice--r4,0,0.0164226,0.35000000000000003,0,0
edge_mesh,7,benign--edge_mesh--ring--n4--maintenance_notice--r4,0,0.0028160803,0.35000000000000003,0,0
edge_mesh,7,benign--edge_mesh--ring--n4--routine_update--r3,0,0.006880349,0.35000000000000003,0,0
edge_mesh,7,benign--edge_mesh--ring--n8--quoted_attack_review--r3,0,0.012000677,0.35000000000000003,0,0
edge_mesh,7,benign--edge_mesh--ring--n8--quoted_attack_review--r3,0,0.0022199168,0.35000000000000003,0,0
edge_mesh,7,benign--edge_mesh--ring--n8--quoted_attack_review--r3,0,0.035698883,0.35000000000000003,0,0
edge_mesh,7,benign--edge_mesh--ring--n8--quoted_attack_review--r3,0,0.112746134,0.35000000000000003,0,0
edge_mesh,7,benign--edge_mesh--ring--n8--quoted_attack_review--r3,0,0.058030143,0.35000000000000003,0,0
edge_mesh,7,benign--edge_mesh--star--n10--maintenance_notice--r2,0,0.0050248913,0.35000000000000003,0,0
edge_mesh,7,benign--edge_mesh--star--n10--maintenance_notice--r2,0,0.002314232,0.35000000000000003,0,0
edge_mesh,7,benign--edge_mesh--star--n10--quoted_attack_review--r3,0,0.006625001,0.35000000000000003,0,0
edge_mesh,7,benign--edge_mesh--star--n10--quoted_attack_review--r3,0,0.0034233888,0.35000000000000003,0,0
edge_mesh,7,benign--edge_mesh--star--n10--routine_update--r5,0,0.0989742,0.35000000000000003,0,0
edge_mesh,7,benign--edge_mesh--star--n10--routine_update--r5,0,0.005125603,0.35000000000000003,0,0
edge_mesh,7,benign--edge_mesh--star--n15--containment_drill--r2,0,0.0017368781,0.35000000000000003,0,0
edge_mesh,7,benign--edge_mesh--star--n15--containment_drill--r2,0,0.0015435405,0.35000000000000003,0,0
edge_mesh,7,benign--edge_mesh--star--n15--containment_drill--r6,0,0.0021277566,0.35000000000000003,0,0
edge_mesh,7,benign--edge_mesh--star--n15--containment_drill--r6,0,0.007784572,0.35000000000000003,0,0
edge_mesh,7,benign--edge_mesh--star--n15--containment_drill--r6,0,0.0075716143,0.35000000000000003,0,0
edge_mesh,7,benign--edge_mesh--star--n15--maintenance_notice--r4,0,0.01753904,0.35000000000000003,0,0
edge_mesh,7,benign--edge_mesh--star--n15--maintenance_notice--r4,0,0.0018634985,0.35000000000000003,0,0
edge_mesh,7,benign--edge_mesh--star--n15--routine_update--r3,0,0.019521443,0.35000000000000003,0,0
edge_mesh,7,benign--edge_mesh--star--n15--routine_update--r3,0,0.0052775126,0.35000000000000003,0,0
edge_mesh,7,benign--edge_mesh--star--n20--containment_drill--r4,0,0.0044698226,0.35000000000000003,0,0
edge_mesh,7,benign--edge_mesh--star--n20--containment_drill--r4,0,0.018828465,0.35000000000000003,0,0
edge_mesh,7,benign--edge_mesh--star--n20--maintenance_notice--r2,0,0.0066372165,0.35000000000000003,0,0
edge_mesh,7,benign--edge_mesh--star--n20--maintenance_notice--r2,0,0.0067710397,0.35000000000000003,0,0
edge_mesh,7,benign--edge_mesh--star--n20--maintenance_notice--r6,0,0.008549474,0.35000000000000003,0,0
edge_mesh,7,benign--edge_mesh--star--n20--maintenance_notice--r6,0,0.0038417608,0.35000000000000003,0,0
edge_mesh,7,benign--edge_mesh--star--n20--routine_update--r5,0,0.012575016,0.35000000000000003,0,0
edge_mesh,7,benign--edge_mesh--star--n4--containment_drill--r4,0,0.0018274132,0.35000000000000003,0,0
edge_mesh,7,benign--edge_mesh--star--n4--containment_drill--r4,0,0.0039808913,0.35000000000000003,0,0
edge_mesh,7,benign--edge_mesh--star--n4--containment_drill--r4,0,0.0027588042,0.35000000000000003,0,0
edge_mesh,7,benign--edge_mesh--star--n4--routine_update--r1,0,0.0149284005,0.35000000000000003,0,0
edge_mesh,7,benign--edge_mesh--star--n4--routine_update--r1,0,0.0042038164,0.35000000000000003,0,0
edge_mesh,7,benign--edge_mesh--star--n8--containment_drill--r2,0,0.007122201,0.35000000000000003,0,0
edge_mesh,7,benign--edge_mesh--star--n8--containment_drill--r2,0,0.0029672198,0.35000000000000003,0,0
edge_mesh,7,benign--edge_mesh--star--n8--containment_drill--r2,0,0.004758545,0.35000000000000003,0,0
edge_mesh,7,benign--edge_mesh--star--n8--quoted_attack_review--r5,0,0.0041150735,0.35000000000000003,0,0
edge_mesh,7,benign--edge_mesh--star--n8--quoted_attack_review--r5,0,0.0026337486,0.35000000000000003,0,0
edge_mesh,7,benign--edge_mesh--star--n8--routine_update--r3,0,0.01597143,0.35000000000000003,0,0
edge_mesh,7,benign--edge_mesh--star--n8--routine_update--r3,0,0.006162403,0.35000000000000003,0,0
edge_mesh,7,mal--edge_mesh--chain--n10--guard_suppression--r1,1,0.55463046,0.35000000000000003,1,1
edge_mesh,7,mal--edge_mesh--chain--n10--guard_suppression--r1,0,0.009125207,0.35000000000000003,0,0
edge_mesh,7,mal--edge_mesh--chain--n10--recovery_poisoning--r1,1,0.989815,0.35000000000000003,1,1
edge_mesh,7,mal--edge_mesh--chain--n10--recovery_poisoning--r1,0,0.14518598,0.35000000000000003,0,0
edge_mesh,7,mal--edge_mesh--chain--n10--recovery_poisoning--r1,0,0.06541842,0.35000000000000003,0,0
edge_mesh,7,mal--edge_mesh--chain--n10--recovery_poisoning--r1,0,0.021649575,0.35000000000000003,0,0
edge_mesh,7,mal--edge_mesh--chain--n10--recovery_poisoning--r3,1,0.923577,0.35000000000000003,1,1
edge_mesh,7,mal--edge_mesh--chain--n10--recovery_poisoning--r3,0,0.041682262,0.35000000000000003,0,0
edge_mesh,7,mal--edge_mesh--chain--n10--recovery_poisoning--r3,0,0.0092684645,0.35000000000000003,0,0
edge_mesh,7,mal--edge_mesh--chain--n10--recovery_poisoning--r3,0,0.005398516,0.35000000000000003,0,0
edge_mesh,7,mal--edge_mesh--chain--n10--recovery_poisoning--r3,1,0.61477625,0.35000000000000003,1,1
edge_mesh,7,mal--edge_mesh--chain--n10--recovery_poisoning--r3,0,0.4851421,0.35000000000000003,1,0
edge_mesh,7,mal--edge_mesh--chain--n15--control_plane_worm--r3,1,0.9952335,0.35000000000000003,1,1
edge_mesh,7,mal--edge_mesh--chain--n15--recovery_poisoning--r2,1,0.99121195,0.35000000000000003,1,1
edge_mesh,7,mal--edge_mesh--chain--n15--recovery_poisoning--r2,0,0.85177016,0.35000000000000003,1,1
edge_mesh,7,mal--edge_mesh--chain--n20--control_plane_worm--r2,0,0.27368003,0.35000000000000003,0,0
edge_mesh,7,mal--edge_mesh--chain--n20--control_plane_worm--r2,0,0.0024030737,0.35000000000000003,0,0
edge_mesh,7,mal--edge_mesh--chain--n20--exfiltration_propagation--r1,1,0.947144,0.35000000000000003,1,1
edge_mesh,7,mal--edge_mesh--chain--n20--exfiltration_propagation--r1,1,0.69281,0.35000000000000003,1,1
edge_mesh,7,mal--edge_mesh--chain--n20--exfiltration_propagation--r1,1,0.7302995,0.35000000000000003,1,1
edge_mesh,7,mal--edge_mesh--chain--n20--guard_suppression--r4,1,0.99149734,0.35000000000000003,1,1
edge_mesh,7,mal--edge_mesh--chain--n20--guard_suppression--r4,0,0.12239422,0.35000000000000003,0,0
edge_mesh,7,mal--edge_mesh--chain--n20--guard_suppression--r4,0,0.005318334,0.35000000000000003,0,0
edge_mesh,7,mal--edge_mesh--chain--n20--guard_suppression--r4,0,0.0042225677,0.35000000000000003,0,0
edge_mesh,7,mal--edge_mesh--chain--n20--guard_suppression--r4,0,0.00856895,0.35000000000000003,0,0
edge_mesh,7,mal--edge_mesh--chain--n20--guard_suppression--r4,0,0.476468,0.35000000000000003,1,0
edge_mesh,7,mal--edge_mesh--chain--n20--recovery_poisoning--r2,1,0.9342746,0.35000000000000003,1,1
edge_mesh,7,mal--edge_mesh--chain--n20--recovery_poisoning--r2,0,0.06166124,0.35000000000000003,0,0
edge_mesh,7,mal--edge_mesh--chain--n20--recovery_poisoning--r2,0,0.0024927633,0.35000000000000003,0,0
edge_mesh,7,mal--edge_mesh--chain--n20--recovery_poisoning--r2,0,0.0022155715,0.35000000000000003,0,0
edge_mesh,7,mal--edge_mesh--chain--n20--recovery_poisoning--r2,1,0.9904247,0.35000000000000003,1,1
edge_mesh,7,mal--edge_mesh--chain--n20--recovery_poisoning--r6,1,0.9690766,0.35000000000000003,1,1
edge_mesh,7,mal--edge_mesh--chain--n20--recovery_poisoning--r6,0,0.0049809436,0.35000000000000003,0,0
edge_mesh,7,mal--edge_mesh--chain--n20--slice_takeover--r3,1,0.99308056,0.35000000000000003,1,1
edge_mesh,7,mal--edge_mesh--chain--n20--slice_takeover--r3,1,0.9859525,0.35000000000000003,1,1
edge_mesh,7,mal--edge_mesh--chain--n20--slice_takeover--r3,0,0.56800514,0.35000000000000003,1,1
edge_mesh,7,mal--edge_mesh--chain--n4--control_plane_worm--r6,1,0.97073114,0.35000000000000003,1,1
edge_mesh,7,mal--edge_mesh--chain--n4--control_plane_worm--r6,0,0.93647295,0.35000000000000003,1,1
edge_mesh,7,mal--edge_mesh--chain--n4--control_plane_worm--r6,0,0.5868708,0.35000000000000003,1,1
edge_mesh,7,mal--edge_mesh--chain--n4--recovery_poisoning--r5,1,0.9875665,0.35000000000000003,1,1
edge_mesh,7,mal--edge_mesh--chain--n4--recovery_poisoning--r5,0,0.016568204,0.35000000000000003,0,0
edge_mesh,7,mal--edge_mesh--chain--n4--slice_takeover--r2,1,0.92160815,0.35000000000000003,1,1
edge_mesh,7,mal--edge_mesh--chain--n4--slice_takeover--r2,1,0.94307226,0.35000000000000003,1,1
edge_mesh,7,mal--edge_mesh--chain--n4--slice_takeover--r2,0,0.02179487,0.35000000000000003,0,0
edge_mesh,7,mal--edge_mesh--chain--n8--control_plane_worm--r5,1,0.21608976,0.35000000000000003,0,0
edge_mesh,7,mal--edge_mesh--chain--n8--control_plane_worm--r5,1,0.5136924,0.35000000000000003,1,1
edge_mesh,7,mal--edge_mesh--chain--n8--control_plane_worm--r5,0,0.020704024,0.35000000000000003,0,0
edge_mesh,7,mal--edge_mesh--chain--n8--exfiltration_propagation--r2,1,0.84531254,0.35000000000000003,1,1
edge_mesh,7,mal--edge_mesh--chain--n8--exfiltration_propagation--r2,0,0.18900876,0.35000000000000003,0,0
edge_mesh,7,mal--edge_mesh--chain--n8--exfiltration_propagation--r3,0,0.004399722,0.35000000000000003,0,0
edge_mesh,7,mal--edge_mesh--chain--n8--exfiltration_propagation--r3,0,0.19572857,0.35000000000000003,0,0
edge_mesh,7,mal--edge_mesh--chain--n8--guard_suppression--r2,1,0.9934609,0.35000000000000003,1,1
edge_mesh,7,mal--edge_mesh--chain--n8--guard_suppression--r2,0,0.9302706,0.35000000000000003,1,1
edge_mesh,7,mal--edge_mesh--mesh_lite--n10--guard_suppression--r1,1,0.9380672,0.35000000000000003,1,1
edge_mesh,7,mal--edge_mesh--mesh_lite--n10--guard_suppression--r1,0,0.36025345,0.35000000000000003,1,0
edge_mesh,7,mal--edge_mesh--mesh_lite--n15--guard_suppression--r2,1,0.9931411,0.35000000000000003,1,1
edge_mesh,7,mal--edge_mesh--mesh_lite--n15--guard_suppression--r2,1,0.65606177,0.35000000000000003,1,1
edge_mesh,7,mal--edge_mesh--mesh_lite--n15--guard_suppression--r2,0,0.07619047,0.35000000000000003,0,0
edge_mesh,7,mal--edge_mesh--mesh_lite--n15--guard_suppression--r2,0,0.08165721,0.35000000000000003,0,0
edge_mesh,7,mal--edge_mesh--mesh_lite--n15--guard_suppression--r2,0,0.004940296,0.35000000000000003,0,0
edge_mesh,7,mal--edge_mesh--mesh_lite--n15--guard_suppression--r2,0,0.006340628,0.35000000000000003,0,0
edge_mesh,7,mal--edge_mesh--mesh_lite--n15--guard_suppression--r2,0,0.010764193,0.35000000000000003,0,0
edge_mesh,7,mal--edge_mesh--mesh_lite--n15--guard_suppression--r2,1,0.64610076,0.35000000000000003,1,1
edge_mesh,7,mal--edge_mesh--mesh_lite--n4--slice_takeover--r2,0,0.54596204,0.35000000000000003,1,1
edge_mesh,7,mal--edge_mesh--mesh_lite--n4--slice_takeover--r2,0,0.07887356,0.35000000000000003,0,0
edge_mesh,7,mal--edge_mesh--mesh_lite--n4--slice_takeover--r2,1,0.9334164,0.35000000000000003,1,1
edge_mesh,7,mal--edge_mesh--mesh_lite--n4--slice_takeover--r2,0,0.008172887,0.35000000000000003,0,0
edge_mesh,7,mal--edge_mesh--mesh_lite--n8--exfiltration_propagation--r2,1,0.9712824,0.35000000000000003,1,1
edge_mesh,7,mal--edge_mesh--mesh_lite--n8--exfiltration_propagation--r2,0,0.46677294,0.35000000000000003,1,0
edge_mesh,7,mal--edge_mesh--mesh_lite--n8--exfiltration_propagation--r2,1,0.9263207,0.35000000000000003,1,1
edge_mesh,7,mal--edge_mesh--mesh_lite--n8--exfiltration_propagation--r2,1,0.90612274,0.35000000000000003,1,1
edge_mesh,7,mal--edge_mesh--mesh_lite--n8--exfiltration_propagation--r2,1,0.8031593,0.35000000000000003,1,1
edge_mesh,7,mal--edge_mesh--mesh_lite--n8--exfiltration_propagation--r2,0,0.39718366,0.35000000000000003,1,0
edge_mesh,7,mal--edge_mesh--mesh_lite--n8--exfiltration_propagation--r2,0,0.040498685,0.35000000000000003,0,0
edge_mesh,7,mal--edge_mesh--mesh_lite--n8--exfiltration_propagation--r2,1,0.952483,0.35000000000000003,1,1
edge_mesh,7,mal--edge_mesh--mesh_lite--n8--exfiltration_propagation--r2,1,0.74582666,0.35000000000000003,1,1
edge_mesh,7,mal--edge_mesh--mesh_lite--n8--exfiltration_propagation--r2,1,0.07105091,0.35000000000000003,0,0
edge_mesh,7,mal--edge_mesh--random_min_degree--n10--control_plane_worm--r2,1,0.9948519,0.35000000000000003,1,1
edge_mesh,7,mal--edge_mesh--random_min_degree--n10--control_plane_worm--r2,0,0.33470225,0.35000000000000003,0,0
edge_mesh,7,mal--edge_mesh--random_min_degree--n10--control_plane_worm--r2,1,0.95325685,0.35000000000000003,1,1
edge_mesh,7,mal--edge_mesh--random_min_degree--n10--control_plane_worm--r2,0,0.34680232,0.35000000000000003,0,0
edge_mesh,7,mal--edge_mesh--random_min_degree--n10--control_plane_worm--r2,0,0.013974712,0.35000000000000003,0,0
edge_mesh,7,mal--edge_mesh--random_min_degree--n15--guard_suppression--r2,1,0.98847955,0.35000000000000003,1,1
edge_mesh,7,mal--edge_mesh--random_min_degree--n15--guard_suppression--r2,1,0.97509956,0.35000000000000003,1,1
edge_mesh,7,mal--edge_mesh--random_min_degree--n8--exfiltration_propagation--r2,1,0.9629551,0.35000000000000003,1,1
edge_mesh,7,mal--edge_mesh--random_min_degree--n8--exfiltration_propagation--r2,0,0.045134988,0.35000000000000003,0,0
edge_mesh,7,mal--edge_mesh--random_min_degree--n8--exfiltration_propagation--r2,1,0.98837554,0.35000000000000003,1,1
edge_mesh,7,mal--edge_mesh--random_min_degree--n8--exfiltration_propagation--r2,0,0.026530858,0.35000000000000003,0,0
edge_mesh,7,mal--edge_mesh--random_min_degree--n8--exfiltration_propagation--r2,0,0.063744925,0.35000000000000003,0,0
edge_mesh,7,mal--edge_mesh--random_min_degree--n8--exfiltration_propagation--r2,0,0.24824663,0.35000000000000003,0,0
edge_mesh,7,mal--edge_mesh--ring--n10--control_plane_worm--r2,1,0.98162246,0.35000000000000003,1,1
edge_mesh,7,mal--edge_mesh--ring--n10--control_plane_worm--r2,0,0.2953484,0.35000000000000003,0,0
edge_mesh,7,mal--edge_mesh--ring--n10--control_plane_worm--r2,0,0.0046138996,0.35000000000000003,0,0
edge_mesh,7,mal--edge_mesh--ring--n10--control_plane_worm--r2,1,0.9921554,0.35000000000000003,1,1
edge_mesh,7,mal--edge_mesh--ring--n10--exfiltration_propagation--r2,1,0.97648495,0.35000000000000003,1,1
edge_mesh,7,mal--edge_mesh--ring--n10--exfiltration_propagation--r2,1,0.37218258,0.35000000000000003,1,0
edge_mesh,7,mal--edge_mesh--ring--n10--recovery_poisoning--r3,1,0.9358656,0.35000000000000003,1,1
edge_mesh,7,mal--edge_mesh--ring--n10--recovery_poisoning--r3,1,0.9733559,0.35000000000000003,1,1
edge_mesh,7,mal--edge_mesh--ring--n10--recovery_poisoning--r3,1,0.7816426,0.35000000000000003,1,1
edge_mesh,7,mal--edge_mesh--ring--n4--slice_takeover--r2,1,0.9969111,0.35000000000000003,1,1
edge_mesh,7,mal--edge_mesh--ring--n4--slice_takeover--r2,1,0.9731109,0.35000000000000003,1,1
edge_mesh,7,mal--edge_mesh--ring--n4--slice_takeover--r2,1,0.95685136,0.35000000000000003,1,1
edge_mesh,7,mal--edge_mesh--ring--n4--slice_takeover--r2,0,0.2818236,0.35000000000000003,0,0
edge_mesh,7,mal--edge_mesh--ring--n8--exfiltration_propagation--r3,0,0.0060834475,0.35000000000000003,0,0
edge_mesh,7,mal--edge_mesh--ring--n8--guard_suppression--r1,1,0.9019898,0.35000000000000003,1,1
edge_mesh,7,mal--edge_mesh--ring--n8--guard_suppression--r1,0,0.3237746,0.35000000000000003,0,0
edge_mesh,7,mal--edge_mesh--ring--n8--guard_suppression--r2,1,0.99136496,0.35000000000000003,1,1
edge_mesh,7,mal--edge_mesh--ring--n8--guard_suppression--r2,0,0.62998724,0.35000000000000003,1,1
edge_mesh,7,mal--edge_mesh--ring--n8--slice_takeover--r1,1,0.987164,0.35000000000000003,1,1
edge_mesh,7,mal--edge_mesh--ring--n8--slice_takeover--r1,1,0.9214332,0.35000000000000003,1,1
edge_mesh,7,mal--edge_mesh--ring--n8--slice_takeover--r1,1,0.9306225,0.35000000000000003,1,1
edge_mesh,7,mal--edge_mesh--ring--n8--slice_takeover--r1,1,0.64871985,0.35000000000000003,1,1
edge_mesh,7,mal--edge_mesh--star--n10--control_plane_worm--r2,1,0.96757734,0.35000000000000003,1,1
edge_mesh,7,mal--edge_mesh--star--n10--control_plane_worm--r2,0,0.013624802,0.35000000000000003,0,0
edge_mesh,7,mal--edge_mesh--star--n10--control_plane_worm--r4,1,0.98931855,0.35000000000000003,1,1
edge_mesh,7,mal--edge_mesh--star--n10--control_plane_worm--r4,1,0.86327136,0.35000000000000003,1,1
edge_mesh,7,mal--edge_mesh--star--n10--exfiltration_propagation--r2,1,0.6780031,0.35000000000000003,1,1
edge_mesh,7,mal--edge_mesh--star--n10--exfiltration_propagation--r2,1,0.39016628,0.35000000000000003,1,0
edge_mesh,7,mal--edge_mesh--star--n10--exfiltration_propagation--r2,0,0.016081825,0.35000000000000003,0,0
edge_mesh,7,mal--edge_mesh--star--n10--recovery_poisoning--r3,1,0.99045324,0.35000000000000003,1,1
edge_mesh,7,mal--edge_mesh--star--n10--recovery_poisoning--r3,0,0.21922573,0.35000000000000003,0,0
edge_mesh,7,mal--edge_mesh--star--n15--exfiltration_propagation--r6,1,0.94508654,0.35000000000000003,1,1
edge_mesh,7,mal--edge_mesh--star--n15--exfiltration_propagation--r6,0,0.39638036,0.35000000000000003,1,0
edge_mesh,7,mal--edge_mesh--star--n15--guard_suppression--r5,0,0.94600224,0.35000000000000003,1,1
edge_mesh,7,mal--edge_mesh--star--n15--recovery_poisoning--r2,1,0.94105196,0.35000000000000003,1,1
edge_mesh,7,mal--edge_mesh--star--n15--recovery_poisoning--r2,0,0.27592584,0.35000000000000003,0,0
edge_mesh,7,mal--edge_mesh--star--n15--slice_takeover--r4,1,0.9876645,0.35000000000000003,1,1
edge_mesh,7,mal--edge_mesh--star--n15--slice_takeover--r4,0,0.18479095,0.35000000000000003,0,0
edge_mesh,7,mal--edge_mesh--star--n20--exfiltration_propagation--r5,1,0.98918825,0.35000000000000003,1,1
edge_mesh,7,mal--edge_mesh--star--n20--exfiltration_propagation--r5,0,0.021520162,0.35000000000000003,0,0
edge_mesh,7,mal--edge_mesh--star--n20--recovery_poisoning--r2,1,0.83489555,0.35000000000000003,1,1
edge_mesh,7,mal--edge_mesh--star--n20--recovery_poisoning--r2,0,0.20193432,0.35000000000000003,0,0
edge_mesh,7,mal--edge_mesh--star--n20--recovery_poisoning--r2,0,0.012199839,0.35000000000000003,0,0
edge_mesh,7,mal--edge_mesh--star--n20--slice_takeover--r3,1,0.9938274,0.35000000000000003,1,1
edge_mesh,7,mal--edge_mesh--star--n20--slice_takeover--r3,0,0.84115463,0.35000000000000003,1,1
edge_mesh,7,mal--edge_mesh--star--n4--control_plane_worm--r6,1,0.99024713,0.35000000000000003,1,1
edge_mesh,7,mal--edge_mesh--star--n4--exfiltration_propagation--r4,1,0.9849112,0.35000000000000003,1,1
edge_mesh,7,mal--edge_mesh--star--n4--exfiltration_propagation--r4,0,0.015385179,0.35000000000000003,0,0
edge_mesh,7,mal--edge_mesh--star--n4--guard_suppression--r3,1,0.99284184,0.35000000000000003,1,1
edge_mesh,7,mal--edge_mesh--star--n4--guard_suppression--r3,0,0.10241047,0.35000000000000003,0,0
edge_mesh,7,mal--edge_mesh--star--n4--slice_takeover--r2,1,0.9922834,0.35000000000000003,1,1
edge_mesh,7,mal--edge_mesh--star--n4--slice_takeover--r2,0,0.5505376,0.35000000000000003,1,1
edge_mesh,7,mal--edge_mesh--star--n8--control_plane_worm--r5,1,0.94038326,0.35000000000000003,1,1
edge_mesh,7,mal--edge_mesh--star--n8--control_plane_worm--r5,0,0.40159777,0.35000000000000003,1,0
edge_mesh,7,mal--edge_mesh--star--n8--exfiltration_propagation--r2,1,0.9558286,0.35000000000000003,1,1
edge_mesh,7,mal--edge_mesh--star--n8--exfiltration_propagation--r2,0,0.017874219,0.35000000000000003,0,0
edge_mesh,7,mal--edge_mesh--star--n8--exfiltration_propagation--r3,1,0.99054223,0.35000000000000003,1,1
edge_mesh,7,mal--edge_mesh--star--n8--exfiltration_propagation--r3,0,0.4475793,0.35000000000000003,1,0
edge_mesh,7,mal--edge_mesh--star--n8--slice_takeover--r6,1,0.8327571,0.35000000000000003,1,1
edge_mesh,7,mal--edge_mesh--star--n8--slice_takeover--r6,0,0.3972774,0.35000000000000003,1,0
edge_mesh,19,benign--edge_mesh--chain--n10--containment_drill--r2,0,0.004411326,0.5800000000000002,0,0
edge_mesh,19,benign--edge_mesh--chain--n10--containment_drill--r6,0,0.006754036,0.5800000000000002,0,0
edge_mesh,19,benign--edge_mesh--chain--n10--containment_drill--r6,0,0.0016215699,0.5800000000000002,0,0
edge_mesh,19,benign--edge_mesh--chain--n10--maintenance_notice--r4,0,0.0071909963,0.5800000000000002,0,0
edge_mesh,19,benign--edge_mesh--chain--n10--maintenance_notice--r4,0,0.007924326,0.5800000000000002,0,0
edge_mesh,19,benign--edge_mesh--chain--n15--containment_drill--r4,0,0.006662131,0.5800000000000002,0,0
edge_mesh,19,benign--edge_mesh--chain--n15--containment_drill--r4,0,0.011917201,0.5800000000000002,0,0
edge_mesh,19,benign--edge_mesh--chain--n15--containment_drill--r4,0,0.002595881,0.5800000000000002,0,0
edge_mesh,19,benign--edge_mesh--chain--n15--containment_drill--r4,0,0.0048753433,0.5800000000000002,0,0
edge_mesh,19,benign--edge_mesh--chain--n15--routine_update--r1,0,0.014147464,0.5800000000000002,0,0
edge_mesh,19,benign--edge_mesh--chain--n15--routine_update--r1,0,0.048339207,0.5800000000000002,0,0
edge_mesh,19,benign--edge_mesh--chain--n15--routine_update--r5,0,0.06164355,0.5800000000000002,0,0
edge_mesh,19,benign--edge_mesh--chain--n15--routine_update--r5,0,0.0066990103,0.5800000000000002,0,0
edge_mesh,19,benign--edge_mesh--chain--n15--routine_update--r5,0,0.004214187,0.5800000000000002,0,0
edge_mesh,19,benign--edge_mesh--chain--n20--containment_drill--r2,0,0.0014297005,0.5800000000000002,0,0
edge_mesh,19,benign--edge_mesh--chain--n20--containment_drill--r6,0,0.003010946,0.5800000000000002,0,0
edge_mesh,19,benign--edge_mesh--chain--n20--maintenance_notice--r4,0,0.0042581926,0.5800000000000002,0,0
edge_mesh,19,benign--edge_mesh--chain--n20--maintenance_notice--r4,0,0.003649805,0.5800000000000002,0,0
edge_mesh,19,benign--edge_mesh--chain--n20--maintenance_notice--r4,0,0.0037825007,0.5800000000000002,0,0
edge_mesh,19,benign--edge_mesh--chain--n20--maintenance_notice--r4,0,0.0032866814,0.5800000000000002,0,0
edge_mesh,19,benign--edge_mesh--chain--n20--quoted_attack_review--r5,0,0.004995952,0.5800000000000002,0,0
edge_mesh,19,benign--edge_mesh--chain--n20--quoted_attack_review--r5,0,0.003153891,0.5800000000000002,0,0
edge_mesh,19,benign--edge_mesh--chain--n20--routine_update--r3,0,0.004113284,0.5800000000000002,0,0
edge_mesh,19,benign--edge_mesh--chain--n20--routine_update--r3,0,0.0032218625,0.5800000000000002,0,0
edge_mesh,19,benign--edge_mesh--chain--n4--containment_drill--r2,0,0.034189966,0.5800000000000002,0,0
edge_mesh,19,benign--edge_mesh--chain--n4--containment_drill--r2,0,0.005307536,0.5800000000000002,0,0
edge_mesh,19,benign--edge_mesh--chain--n4--containment_drill--r2,0,0.008023227,0.5800000000000002,0,0
edge_mesh,19,benign--edge_mesh--chain--n4--containment_drill--r2,0,0.031940155,0.5800000000000002,0,0
edge_mesh,19,benign--edge_mesh--chain--n4--containment_drill--r6,0,0.00589044,0.5800000000000002,0,0
edge_mesh,19,benign--edge_mesh--chain--n4--routine_update--r3,0,0.06255294,0.5800000000000002,0,0
edge_mesh,19,benign--edge_mesh--chain--n4--routine_update--r3,0,0.036840335,0.5800000000000002,0,0
edge_mesh,19,benign--edge_mesh--chain--n8--containment_drill--r4,0,0.015733965,0.5800000000000002,0,0
edge_mesh,19,benign--edge_mesh--chain--n8--containment_drill--r4,0,0.0300219,0.5800000000000002,0,0
edge_mesh,19,benign--edge_mesh--chain--n8--maintenance_notice--r2,0,0.0059779324,0.5800000000000002,0,0
edge_mesh,19,benign--edge_mesh--chain--n8--quoted_attack_review--r3,0,0.0037950054,0.5800000000000002,0,0
edge_mesh,19,benign--edge_mesh--chain--n8--quoted_attack_review--r3,0,0.0016354059,0.5800000000000002,0,0
edge_mesh,19,benign--edge_mesh--chain--n8--quoted_attack_review--r3,0,0.0013395816,0.5800000000000002,0,0
edge_mesh,19,benign--edge_mesh--chain--n8--quoted_attack_review--r3,0,0.001670176,0.5800000000000002,0,0
edge_mesh,19,benign--edge_mesh--chain--n8--routine_update--r1,0,0.0934997,0.5800000000000002,0,0
edge_mesh,19,benign--edge_mesh--chain--n8--routine_update--r1,0,0.012089999,0.5800000000000002,0,0
edge_mesh,19,benign--edge_mesh--chain--n8--routine_update--r5,0,0.0034770244,0.5800000000000002,0,0
edge_mesh,19,benign--edge_mesh--chain--n8--routine_update--r5,0,0.0023735147,0.5800000000000002,0,0
edge_mesh,19,benign--edge_mesh--mesh_lite--n10--routine_update--r1,0,0.02278864,0.5800000000000002,0,0
edge_mesh,19,benign--edge_mesh--mesh_lite--n10--routine_update--r5,0,0.010978019,0.5800000000000002,0,0
edge_mesh,19,benign--edge_mesh--mesh_lite--n15--containment_drill--r2,0,0.0028894888,0.5800000000000002,0,0
edge_mesh,19,benign--edge_mesh--mesh_lite--n20--maintenance_notice--r2,0,0.042708304,0.5800000000000002,0,0
edge_mesh,19,benign--edge_mesh--mesh_lite--n20--routine_update--r1,0,0.021315664,0.5800000000000002,0,0
edge_mesh,19,benign--edge_mesh--mesh_lite--n20--routine_update--r1,0,0.10138602,0.5800000000000002,0,0
edge_mesh,19,benign--edge_mesh--mesh_lite--n4--containment_drill--r4,0,0.0019593318,0.5800000000000002,0,0
edge_mesh,19,benign--edge_mesh--mesh_lite--n4--maintenance_notice--r2,0,0.01275562,0.5800000000000002,0,0
edge_mesh,19,benign--edge_mesh--mesh_lite--n4--maintenance_notice--r6,0,0.004178411,0.5800000000000002,0,0
edge_mesh,19,benign--edge_mesh--mesh_lite--n4--routine_update--r1,0,0.015160686,0.5800000000000002,0,0
edge_mesh,19,benign--edge_mesh--mesh_lite--n4--routine_update--r1,0,0.027511282,0.5800000000000002,0,0
edge_mesh,19,benign--edge_mesh--mesh_lite--n4--routine_update--r5,0,0.021315664,0.5800000000000002,0,0
edge_mesh,19,benign--edge_mesh--mesh_lite--n4--routine_update--r5,0,0.027711315,0.5800000000000002,0,0
edge_mesh,19,benign--edge_mesh--mesh_lite--n8--containment_drill--r2,0,0.0022374974,0.5800000000000002,0,0
edge_mesh,19,benign--edge_mesh--random_min_degree--n10--containment_drill--r2,0,0.0056553697,0.5800000000000002,0,0
edge_mesh,19,benign--edge_mesh--random_min_degree--n10--containment_drill--r2,0,0.0033383742,0.5800000000000002,0,0
edge_mesh,19,benign--edge_mesh--random_min_degree--n10--containment_drill--r2,0,0.0044052233,0.5800000000000002,0,0
edge_mesh,19,benign--edge_mesh--random_min_degree--n15--maintenance_notice--r2,0,0.014997622,0.5800000000000002,0,0
edge_mesh,19,benign--edge_mesh--random_min_degree--n15--routine_update--r1,0,0.014147464,0.5800000000000002,0,0
edge_mesh,19,benign--edge_mesh--random_min_degree--n20--containment_drill--r2,0,0.037868842,0.5800000000000002,0,0
edge_mesh,19,benign--edge_mesh--random_min_degree--n20--containment_drill--r2,0,0.009495642,0.5800000000000002,0,0
edge_mesh,19,benign--edge_mesh--random_min_degree--n20--quoted_attack_review--r1,0,0.071529135,0.5800000000000002,0,0
edge_mesh,19,benign--edge_mesh--random_min_degree--n20--quoted_attack_review--r1,0,0.0036883347,0.5800000000000002,0,0
edge_mesh,19,benign--edge_mesh--random_min_degree--n4--containment_drill--r2,0,0.004065984,0.5800000000000002,0,0
edge_mesh,19,benign--edge_mesh--random_min_degree--n8--containment_drill--r4,0,0.0016410062,0.5800000000000002,0,0
edge_mesh,19,benign--edge_mesh--random_min_degree--n8--maintenance_notice--r2,0,0.022986298,0.5800000000000002,0,0
edge_mesh,19,benign--edge_mesh--random_min_degree--n8--routine_update--r1,0,0.025348404,0.5800000000000002,0,0
edge_mesh,19,benign--edge_mesh--random_min_degree--n8--routine_update--r1,0,0.008140236,0.5800000000000002,0,0
edge_mesh,19,benign--edge_mesh--ring--n10--containment_drill--r2,0,0.0023732428,0.5800000000000002,0,0
edge_mesh,19,benign--edge_mesh--ring--n10--quoted_attack_review--r5,0,0.0029914249,0.5800000000000002,0,0
edge_mesh,19,benign--edge_mesh--ring--n15--maintenance_notice--r2,0,0.0115495175,0.5800000000000002,0,0
edge_mesh,19,benign--edge_mesh--ring--n15--routine_update--r1,0,0.058471914,0.5800000000000002,0,0
edge_mesh,19,benign--edge_mesh--ring--n15--routine_update--r1,0,0.008628036,0.5800000000000002,0,0
edge_mesh,19,benign--edge_mesh--ring--n15--routine_update--r1,0,0.008599727,0.5800000000000002,0,0
edge_mesh,19,benign--edge_mesh--ring--n15--routine_update--r1,0,0.0031919081,0.5800000000000002,0,0
edge_mesh,19,benign--edge_mesh--ring--n15--routine_update--r1,0,0.0028554315,0.5800000000000002,0,0
edge_mesh,19,benign--edge_mesh--ring--n15--routine_update--r5,0,0.015150808,0.5800000000000002,0,0
edge_mesh,19,benign--edge_mesh--ring--n20--containment_drill--r2,0,0.0020192761,0.5800000000000002,0,0
edge_mesh,19,benign--edge_mesh--ring--n4--containment_drill--r2,0,0.0023726253,0.5800000000000002,0,0
edge_mesh,19,benign--edge_mesh--ring--n4--containment_drill--r6,0,0.0031278103,0.5800000000000002,0,0
edge_mesh,19,benign--edge_mesh--ring--n4--maintenance_notice--r4,0,0.0039174277,0.5800000000000002,0,0
edge_mesh,19,benign--edge_mesh--ring--n4--maintenance_notice--r4,0,0.013561129,0.5800000000000002,0,0
edge_mesh,19,benign--edge_mesh--ring--n4--maintenance_notice--r4,0,0.0059837922,0.5800000000000002,0,0
edge_mesh,19,benign--edge_mesh--ring--n4--routine_update--r3,0,0.0040353322,0.5800000000000002,0,0
edge_mesh,19,benign--edge_mesh--ring--n8--quoted_attack_review--r3,0,0.043155886,0.5800000000000002,0,0
edge_mesh,19,benign--edge_mesh--ring--n8--quoted_attack_review--r3,0,0.004045959,0.5800000000000002,0,0
edge_mesh,19,benign--edge_mesh--ring--n8--quoted_attack_review--r3,0,0.014237877,0.5800000000000002,0,0
edge_mesh,19,benign--edge_mesh--ring--n8--quoted_attack_review--r3,0,0.04109523,0.5800000000000002,0,0
edge_mesh,19,benign--edge_mesh--ring--n8--quoted_attack_review--r3,0,0.027591128,0.5800000000000002,0,0
edge_mesh,19,benign--edge_mesh--star--n10--maintenance_notice--r2,0,0.014945155,0.5800000000000002,0,0
edge_mesh,19,benign--edge_mesh--star--n10--maintenance_notice--r2,0,0.0038025554,0.5800000000000002,0,0
edge_mesh,19,benign--edge_mesh--star--n10--quoted_attack_review--r3,0,0.008027213,0.5800000000000002,0,0
edge_mesh,19,benign--edge_mesh--star--n10--quoted_attack_review--r3,0,0.009562583,0.5800000000000002,0,0
edge_mesh,19,benign--edge_mesh--star--n10--routine_update--r5,0,0.15601009,0.5800000000000002,0,0
edge_mesh,19,benign--edge_mesh--star--n10--routine_update--r5,0,0.016542498,0.5800000000000002,0,0
edge_mesh,19,benign--edge_mesh--star--n15--containment_drill--r2,0,0.0024360942,0.5800000000000002,0,0
edge_mesh,19,benign--edge_mesh--star--n15--containment_drill--r2,0,0.00255305,0.5800000000000002,0,0
edge_mesh,19,benign--edge_mesh--star--n15--containment_drill--r6,0,0.0025819503,0.5800000000000002,0,0
edge_mesh,19,benign--edge_mesh--star--n15--containment_drill--r6,0,0.009679025,0.5800000000000002,0,0
edge_mesh,19,benign--edge_mesh--star--n15--containment_drill--r6,0,0.00504388,0.5800000000000002,0,0
edge_mesh,19,benign--edge_mesh--star--n15--maintenance_notice--r4,0,0.011693874,0.5800000000000002,0,0
edge_mesh,19,benign--edge_mesh--star--n15--maintenance_notice--r4,0,0.0015483011,0.5800000000000002,0,0
edge_mesh,19,benign--edge_mesh--star--n15--routine_update--r3,0,0.01520145,0.5800000000000002,0,0
edge_mesh,19,benign--edge_mesh--star--n15--routine_update--r3,0,0.0028931499,0.5800000000000002,0,0
edge_mesh,19,benign--edge_mesh--star--n20--containment_drill--r4,0,0.0067015234,0.5800000000000002,0,0
edge_mesh,19,benign--edge_mesh--star--n20--containment_drill--r4,0,0.011501165,0.5800000000000002,0,0
edge_mesh,19,benign--edge_mesh--star--n20--maintenance_notice--r2,0,0.004214229,0.5800000000000002,0,0
edge_mesh,19,benign--edge_mesh--star--n20--maintenance_notice--r2,0,0.0064114323,0.5800000000000002,0,0
edge_mesh,19,benign--edge_mesh--star--n20--maintenance_notice--r6,0,0.007809882,0.5800000000000002,0,0
edge_mesh,19,benign--edge_mesh--star--n20--maintenance_notice--r6,0,0.0068717618,0.5800000000000002,0,0
edge_mesh,19,benign--edge_mesh--star--n20--routine_update--r5,0,0.073437594,0.5800000000000002,0,0
edge_mesh,19,benign--edge_mesh--star--n4--containment_drill--r4,0,0.003389904,0.5800000000000002,0,0
edge_mesh,19,benign--edge_mesh--star--n4--containment_drill--r4,0,0.0048926785,0.5800000000000002,0,0
edge_mesh,19,benign--edge_mesh--star--n4--containment_drill--r4,0,0.0026858016,0.5800000000000002,0,0
edge_mesh,19,benign--edge_mesh--star--n4--routine_update--r1,0,0.015160686,0.5800000000000002,0,0
edge_mesh,19,benign--edge_mesh--star--n4--routine_update--r1,0,0.0049587926,0.5800000000000002,0,0
edge_mesh,19,benign--edge_mesh--star--n8--containment_drill--r2,0,0.006418644,0.5800000000000002,0,0
edge_mesh,19,benign--edge_mesh--star--n8--containment_drill--r2,0,0.003436601,0.5800000000000002,0,0
edge_mesh,19,benign--edge_mesh--star--n8--containment_drill--r2,0,0.0036752287,0.5800000000000002,0,0
edge_mesh,19,benign--edge_mesh--star--n8--quoted_attack_review--r5,0,0.02460824,0.5800000000000002,0,0
edge_mesh,19,benign--edge_mesh--star--n8--quoted_attack_review--r5,0,0.0036982484,0.5800000000000002,0,0
edge_mesh,19,benign--edge_mesh--star--n8--routine_update--r3,0,0.020485803,0.5800000000000002,0,0
edge_mesh,19,benign--edge_mesh--star--n8--routine_update--r3,0,0.009002799,0.5800000000000002,0,0
edge_mesh,19,mal--edge_mesh--chain--n10--guard_suppression--r1,1,0.52887905,0.5800000000000002,0,1
edge_mesh,19,mal--edge_mesh--chain--n10--guard_suppression--r1,0,0.012157119,0.5800000000000002,0,0
edge_mesh,19,mal--edge_mesh--chain--n10--recovery_poisoning--r1,1,0.983942,0.5800000000000002,1,1
edge_mesh,19,mal--edge_mesh--chain--n10--recovery_poisoning--r1,0,0.19823405,0.5800000000000002,0,0
edge_mesh,19,mal--edge_mesh--chain--n10--recovery_poisoning--r1,0,0.026137788,0.5800000000000002,0,0
edge_mesh,19,mal--edge_mesh--chain--n10--recovery_poisoning--r1,0,0.028682806,0.5800000000000002,0,0
edge_mesh,19,mal--edge_mesh--chain--n10--recovery_poisoning--r3,1,0.92637825,0.5800000000000002,1,1
edge_mesh,19,mal--edge_mesh--chain--n10--recovery_poisoning--r3,0,0.038363483,0.5800000000000002,0,0
edge_mesh,19,mal--edge_mesh--chain--n10--recovery_poisoning--r3,0,0.0064716586,0.5800000000000002,0,0
edge_mesh,19,mal--edge_mesh--chain--n10--recovery_poisoning--r3,0,0.009707701,0.5800000000000002,0,0
edge_mesh,19,mal--edge_mesh--chain--n10--recovery_poisoning--r3,1,0.8022909,0.5800000000000002,1,1
edge_mesh,19,mal--edge_mesh--chain--n10--recovery_poisoning--r3,0,0.49542293,0.5800000000000002,0,0
edge_mesh,19,mal--edge_mesh--chain--n15--control_plane_worm--r3,1,0.99259514,0.5800000000000002,1,1
edge_mesh,19,mal--edge_mesh--chain--n15--recovery_poisoning--r2,1,0.99667114,0.5800000000000002,1,1
edge_mesh,19,mal--edge_mesh--chain--n15--recovery_poisoning--r2,0,0.49554163,0.5800000000000002,0,0
edge_mesh,19,mal--edge_mesh--chain--n20--control_plane_worm--r2,0,0.17719689,0.5800000000000002,0,0
edge_mesh,19,mal--edge_mesh--chain--n20--control_plane_worm--r2,0,0.0030044601,0.5800000000000002,0,0
edge_mesh,19,mal--edge_mesh--chain--n20--exfiltration_propagation--r1,1,0.94359356,0.5800000000000002,1,1
edge_mesh,19,mal--edge_mesh--chain--n20--exfiltration_propagation--r1,1,0.7724917,0.5800000000000002,1,1
edge_mesh,19,mal--edge_mesh--chain--n20--exfiltration_propagation--r1,1,0.6207543,0.5800000000000002,1,1
edge_mesh,19,mal--edge_mesh--chain--n20--guard_suppression--r4,1,0.99269956,0.5800000000000002,1,1
edge_mesh,19,mal--edge_mesh--chain--n20--guard_suppression--r4,0,0.12363052,0.5800000000000002,0,0
edge_mesh,19,mal--edge_mesh--chain--n20--guard_suppression--r4,0,0.009811503,0.5800000000000002,0,0
edge_mesh,19,mal--edge_mesh--chain--n20--guard_suppression--r4,0,0.0048643555,0.5800000000000002,0,0
edge_mesh,19,mal--edge_mesh--chain--n20--guard_suppression--r4,0,0.02412702,0.5800000000000002,0,0
edge_mesh,19,mal--edge_mesh--chain--n20--guard_suppression--r4,0,0.6485539,0.5800000000000002,1,1
edge_mesh,19,mal--edge_mesh--chain--n20--recovery_poisoning--r2,1,0.9793651,0.5800000000000002,1,1
edge_mesh,19,mal--edge_mesh--chain--n20--recovery_poisoning--r2,0,0.021017686,0.5800000000000002,0,0
edge_mesh,19,mal--edge_mesh--chain--n20--recovery_poisoning--r2,0,0.0041163773,0.5800000000000002,0,0
edge_mesh,19,mal--edge_mesh--chain--n20--recovery_poisoning--r2,0,0.0031710803,0.5800000000000002,0,0
edge_mesh,19,mal--edge_mesh--chain--n20--recovery_poisoning--r2,1,0.9963074,0.5800000000000002,1,1
edge_mesh,19,mal--edge_mesh--chain--n20--recovery_poisoning--r6,1,0.9497947,0.5800000000000002,1,1
edge_mesh,19,mal--edge_mesh--chain--n20--recovery_poisoning--r6,0,0.009653996,0.5800000000000002,0,0
edge_mesh,19,mal--edge_mesh--chain--n20--slice_takeover--r3,1,0.9939943,0.5800000000000002,1,1
edge_mesh,19,mal--edge_mesh--chain--n20--slice_takeover--r3,1,0.9742104,0.5800000000000002,1,1
edge_mesh,19,mal--edge_mesh--chain--n20--slice_takeover--r3,0,0.4768333,0.5800000000000002,0,0
edge_mesh,19,mal--edge_mesh--chain--n4--control_plane_worm--r6,1,0.98876756,0.5800000000000002,1,1
edge_mesh,19,mal--edge_mesh--chain--n4--control_plane_worm--r6,0,0.8536967,0.5800000000000002,1,1
edge_mesh,19,mal--edge_mesh--chain--n4--control_plane_worm--r6,0,0.5422537,0.5800000000000002,0,1
edge_mesh,19,mal--edge_mesh--chain--n4--recovery_poisoning--r5,1,0.9876923,0.5800000000000002,1,1
edge_mesh,19,mal--edge_mesh--chain--n4--recovery_poisoning--r5,0,0.028078087,0.5800000000000002,0,0
edge_mesh,19,mal--edge_mesh--chain--n4--slice_takeover--r2,1,0.8918308,0.5800000000000002,1,1
edge_mesh,19,mal--edge_mesh--chain--n4--slice_takeover--r2,1,0.93123066,0.5800000000000002,1,1
edge_mesh,19,mal--edge_mesh--chain--n4--slice_takeover--r2,0,0.039555706,0.5800000000000002,0,0
edge_mesh,19,mal--edge_mesh--chain--n8--control_plane_worm--r5,1,0.28945148,0.5800000000000002,0,0
edge_mesh,19,mal--edge_mesh--chain--n8--control_plane_worm--r5,1,0.43698055,0.5800000000000002,0,0
edge_mesh,19,mal--edge_mesh--chain--n8--control_plane_worm--r5,0,0.035133004,0.5800000000000002,0,0
edge_mesh,19,mal--edge_mesh--chain--n8--exfiltration_propagation--r2,1,0.85059994,0.5800000000000002,1,1
edge_mesh,19,mal--edge_mesh--chain--n8--exfiltration_propagation--r2,0,0.055286363,0.5800000000000002,0,0
edge_mesh,19,mal--edge_mesh--chain--n8--exfiltration_propagation--r3,0,0.0032840893,0.5800000000000002,0,0
edge_mesh,19,mal--edge_mesh--chain--n8--exfiltration_propagation--r3,0,0.26569313,0.5800000000000002,0,0
edge_mesh,19,mal--edge_mesh--chain--n8--guard_suppression--r2,1,0.99429375,0.5800000000000002,1,1
edge_mesh,19,mal--edge_mesh--chain--n8--guard_suppression--r2,0,0.8523886,0.5800000000000002,1,1
edge_mesh,19,mal--edge_mesh--mesh_lite--n10--guard_suppression--r1,1,0.8005374,0.5800000000000002,1,1
edge_mesh,19,mal--edge_mesh--mesh_lite--n10--guard_suppression--r1,0,0.081874914,0.5800000000000002,0,0
edge_mesh,19,mal--edge_mesh--mesh_lite--n15--guard_suppression--r2,1,0.9926644,0.5800000000000002,1,1
edge_mesh,19,mal--edge_mesh--mesh_lite--n15--guard_suppression--r2,1,0.53197396,0.5800000000000002,0,1
edge_mesh,19,mal--edge_mesh--mesh_lite--n15--guard_suppression--r2,0,0.15610799,0.5800000000000002,0,0
edge_mesh,19,mal--edge_mesh--mesh_lite--n15--guard_suppression--r2,0,0.059998814,0.5800000000000002,0,0
edge_mesh,19,mal--edge_mesh--mesh_lite--n15--guard_suppression--r2,0,0.0026581516,0.5800000000000002,0,0
edge_mesh,19,mal--edge_mesh--mesh_lite--n15--guard_suppression--r2,0,0.0044013266,0.5800000000000002,0,0
edge_mesh,19,mal--edge_mesh--mesh_lite--n15--guard_suppression--r2,0,0.014562015,0.5800000000000002,0,0
edge_mesh,19,mal--edge_mesh--mesh_lite--n15--guard_suppression--r2,1,0.42360348,0.5800000000000002,0,0
edge_mesh,19,mal--edge_mesh--mesh_lite--n4--slice_takeover--r2,0,0.37465334,0.5800000000000002,0,0
edge_mesh,19,mal--edge_mesh--mesh_lite--n4--slice_takeover--r2,0,0.08694885,0.5800000000000002,0,0
edge_mesh,19,mal--edge_mesh--mesh_lite--n4--slice_takeover--r2,1,0.8668321,0.5800000000000002,1,1
edge_mesh,19,mal--edge_mesh--mesh_lite--n4--slice_takeover--r2,0,0.013463512,0.5800000000000002,0,0
edge_mesh,19,mal--edge_mesh--mesh_lite--n8--exfiltration_propagation--r2,1,0.9730208,0.5800000000000002,1,1
edge_mesh,19,mal--edge_mesh--mesh_lite--n8--exfiltration_propagation--r2,0,0.6477213,0.5800000000000002,1,1
edge_mesh,19,mal--edge_mesh--mesh_lite--n8--exfiltration_propagation--r2,1,0.9655748,0.5800000000000002,1,1
edge_mesh,19,mal--edge_mesh--mesh_lite--n8--exfiltration_propagation--r2,1,0.8975039,0.5800000000000002,1,1
edge_mesh,19,mal--edge_mesh--mesh_lite--n8--exfiltration_propagation--r2,1,0.5619498,0.5800000000000002,0,1
edge_mesh,19,mal--edge_mesh--mesh_lite--n8--exfiltration_propagation--r2,0,0.33535266,0.5800000000000002,0,0
edge_mesh,19,mal--edge_mesh--mesh_lite--n8--exfiltration_propagation--r2,0,0.02444065,0.5800000000000002,0,0
edge_mesh,19,mal--edge_mesh--mesh_lite--n8--exfiltration_propagation--r2,1,0.9073852,0.5800000000000002,1,1
edge_mesh,19,mal--edge_mesh--mesh_lite--n8--exfiltration_propagation--r2,1,0.7790723,0.5800000000000002,1,1
edge_mesh,19,mal--edge_mesh--mesh_lite--n8--exfiltration_propagation--r2,1,0.0753428,0.5800000000000002,0,0
edge_mesh,19,mal--edge_mesh--random_min_degree--n10--control_plane_worm--r2,1,0.9966,0.5800000000000002,1,1
edge_mesh,19,mal--edge_mesh--random_min_degree--n10--control_plane_worm--r2,0,0.22527315,0.5800000000000002,0,0
edge_mesh,19,mal--edge_mesh--random_min_degree--n10--control_plane_worm--r2,1,0.9232938,0.5800000000000002,1,1
edge_mesh,19,mal--edge_mesh--random_min_degree--n10--control_plane_worm--r2,0,0.42045206,0.5800000000000002,0,0
edge_mesh,19,mal--edge_mesh--random_min_degree--n10--control_plane_worm--r2,0,0.023992985,0.5800000000000002,0,0
edge_mesh,19,mal--edge_mesh--random_min_degree--n15--guard_suppression--r2,1,0.99408334,0.5800000000000002,1,1
edge_mesh,19,mal--edge_mesh--random_min_degree--n15--guard_suppression--r2,1,0.96975726,0.5800000000000002,1,1
edge_mesh,19,mal--edge_mesh--random_min_degree--n8--exfiltration_propagation--r2,1,0.9824346,0.5800000000000002,1,1
edge_mesh,19,mal--edge_mesh--random_min_degree--n8--exfiltration_propagation--r2,0,0.04094032,0.5800000000000002,0,0
edge_mesh,19,mal--edge_mesh--random_min_degree--n8--exfiltration_propagation--r2,1,0.99581856,0.5800000000000002,1,1
edge_mesh,19,mal--edge_mesh--random_min_degree--n8--exfiltration_propagation--r2,0,0.030875476,0.5800000000000002,0,0
edge_mesh,19,mal--edge_mesh--random_min_degree--n8--exfiltration_propagation--r2,0,0.051101476,0.5800000000000002,0,0
edge_mesh,19,mal--edge_mesh--random_min_degree--n8--exfiltration_propagation--r2,0,0.28864002,0.5800000000000002,0,0
edge_mesh,19,mal--edge_mesh--ring--n10--control_plane_worm--r2,1,0.9817494,0.5800000000000002,1,1
edge_mesh,19,mal--edge_mesh--ring--n10--control_plane_worm--r2,0,0.22266456,0.5800000000000002,0,0
edge_mesh,19,mal--edge_mesh--ring--n10--control_plane_worm--r2,0,0.009047609,0.5800000000000002,0,0
edge_mesh,19,mal--edge_mesh--ring--n10--control_plane_worm--r2,1,0.99218315,0.5800000000000002,1,1
edge_mesh,19,mal--edge_mesh--ring--n10--exfiltration_propagation--r2,1,0.9740738,0.5800000000000002,1,1
edge_mesh,19,mal--edge_mesh--ring--n10--exfiltration_propagation--r2,1,0.40765065,0.5800000000000002,0,0
edge_mesh,19,mal--edge_mesh--ring--n10--recovery_poisoning--r3,1,0.94519067,0.5800000000000002,1,1
edge_mesh,19,mal--edge_mesh--ring--n10--recovery_poisoning--r3,1,0.9675469,0.5800000000000002,1,1
edge_mesh,19,mal--edge_mesh--ring--n10--recovery_poisoning--r3,1,0.91717446,0.5800000000000002,1,1
edge_mesh,19,mal--edge_mesh--ring--n4--slice_takeover--r2,1,0.9937807,0.5800000000000002,1,1
edge_mesh,19,mal--edge_mesh--ring--n4--slice_takeover--r2,1,0.9123699,0.5800000000000002,1,1
edge_mesh,19,mal--edge_mesh--ring--n4--slice_takeover--r2,1,0.9278204,0.5800000000000002,1,1
edge_mesh,19,mal--edge_mesh--ring--n4--slice_takeover--r2,0,0.20073219,0.5800000000000002,0,0
edge_mesh,19,mal--edge_mesh--ring--n8--exfiltration_propagation--r3,0,0.0038591619,0.5800000000000002,0,0
edge_mesh,19,mal--edge_mesh--ring--n8--guard_suppression--r1,1,0.87437075,0.5800000000000002,1,1
edge_mesh,19,mal--edge_mesh--ring--n8--guard_suppression--r1,0,0.29687205,0.5800000000000002,0,0
edge_mesh,19,mal--edge_mesh--ring--n8--guard_suppression--r2,1,0.9902506,0.5800000000000002,1,1
edge_mesh,19,mal--edge_mesh--ring--n8--guard_suppression--r2,0,0.3686645,0.5800000000000002,0,0
edge_mesh,19,mal--edge_mesh--ring--n8--slice_takeover--r1,1,0.93300825,0.5800000000000002,1,1
edge_mesh,19,mal--edge_mesh--ring--n8--slice_takeover--r1,1,0.92512846,0.5800000000000002,1,1
edge_mesh,19,mal--edge_mesh--ring--n8--slice_takeover--r1,1,0.9392115,0.5800000000000002,1,1
edge_mesh,19,mal--edge_mesh--ring--n8--slice_takeover--r1,1,0.677909,0.5800000000000002,1,1
edge_mesh,19,mal--edge_mesh--star--n10--control_plane_worm--r2,1,0.9834435,0.5800000000000002,1,1
edge_mesh,19,mal--edge_mesh--star--n10--control_plane_worm--r2,0,0.022680422,0.5800000000000002,0,0
edge_mesh,19,mal--edge_mesh--star--n10--control_plane_worm--r4,1,0.9917259,0.5800000000000002,1,1
edge_mesh,19,mal--edge_mesh--star--n10--control_plane_worm--r4,1,0.87732834,0.5800000000000002,1,1
edge_mesh,19,mal--edge_mesh--star--n10--exfiltration_propagation--r2,1,0.80542946,0.5800000000000002,1,1
edge_mesh,19,mal--edge_mesh--star--n10--exfiltration_propagation--r2,1,0.33752406,0.5800000000000002,0,0
edge_mesh,19,mal--edge_mesh--star--n10--exfiltration_propagation--r2,0,0.016673435,0.5800000000000002,0,0
edge_mesh,19,mal--edge_mesh--star--n10--recovery_poisoning--r3,1,0.99022806,0.5800000000000002,1,1
edge_mesh,19,mal--edge_mesh--star--n10--recovery_poisoning--r3,0,0.22797538,0.5800000000000002,0,0
edge_mesh,19,mal--edge_mesh--star--n15--exfiltration_propagation--r6,1,0.92300355,0.5800000000000002,1,1
edge_mesh,19,mal--edge_mesh--star--n15--exfiltration_propagation--r6,0,0.5285144,0.5800000000000002,0,1
edge_mesh,19,mal--edge_mesh--star--n15--guard_suppression--r5,0,0.6473996,0.5800000000000002,1,1
edge_mesh,19,mal--edge_mesh--star--n15--recovery_poisoning--r2,1,0.9166083,0.5800000000000002,1,1
edge_mesh,19,mal--edge_mesh--star--n15--recovery_poisoning--r2,0,0.39738613,0.5800000000000002,0,0
edge_mesh,19,mal--edge_mesh--star--n15--slice_takeover--r4,1,0.99214995,0.5800000000000002,1,1
edge_mesh,19,mal--edge_mesh--star--n15--slice_takeover--r4,0,0.2876905,0.5800000000000002,0,0
edge_mesh,19,mal--edge_mesh--star--n20--exfiltration_propagation--r5,1,0.9865568,0.5800000000000002,1,1
edge_mesh,19,mal--edge_mesh--star--n20--exfiltration_propagation--r5,0,0.021883547,0.5800000000000002,0,0
edge_mesh,19,mal--edge_mesh--star--n20--recovery_poisoning--r2,1,0.76719624,0.5800000000000002,1,1
edge_mesh,19,mal--edge_mesh--star--n20--recovery_poisoning--r2,0,0.4301783,0.5800000000000002,0,0
edge_mesh,19,mal--edge_mesh--star--n20--recovery_poisoning--r2,0,0.031299386,0.5800000000000002,0,0
edge_mesh,19,mal--edge_mesh--star--n20--slice_takeover--r3,1,0.9880305,0.5800000000000002,1,1
edge_mesh,19,mal--edge_mesh--star--n20--slice_takeover--r3,0,0.7463978,0.5800000000000002,1,1
edge_mesh,19,mal--edge_mesh--star--n4--control_plane_worm--r6,1,0.9689068,0.5800000000000002,1,1
edge_mesh,19,mal--edge_mesh--star--n4--exfiltration_propagation--r4,1,0.9950971,0.5800000000000002,1,1
edge_mesh,19,mal--edge_mesh--star--n4--exfiltration_propagation--r4,0,0.00814103,0.5800000000000002,0,0
edge_mesh,19,mal--edge_mesh--star--n4--guard_suppression--r3,1,0.9913039,0.5800000000000002,1,1
edge_mesh,19,mal--edge_mesh--star--n4--guard_suppression--r3,0,0.23042625,0.5800000000000002,0,0
edge_mesh,19,mal--edge_mesh--star--n4--slice_takeover--r2,1,0.9907923,0.5800000000000002,1,1
edge_mesh,19,mal--edge_mesh--star--n4--slice_takeover--r2,0,0.39023063,0.5800000000000002,0,0
edge_mesh,19,mal--edge_mesh--star--n8--control_plane_worm--r5,1,0.8334787,0.5800000000000002,1,1
edge_mesh,19,mal--edge_mesh--star--n8--control_plane_worm--r5,0,0.11399648,0.5800000000000002,0,0
edge_mesh,19,mal--edge_mesh--star--n8--exfiltration_propagation--r2,1,0.96625674,0.5800000000000002,1,1
edge_mesh,19,mal--edge_mesh--star--n8--exfiltration_propagation--r2,0,0.012164159,0.5800000000000002,0,0
edge_mesh,19,mal--edge_mesh--star--n8--exfiltration_propagation--r3,1,0.9915671,0.5800000000000002,1,1
edge_mesh,19,mal--edge_mesh--star--n8--exfiltration_propagation--r3,0,0.7253129,0.5800000000000002,1,1
edge_mesh,19,mal--edge_mesh--star--n8--slice_takeover--r6,1,0.92691475,0.5800000000000002,1,1
edge_mesh,19,mal--edge_mesh--star--n8--slice_takeover--r6,0,0.52142745,0.5800000000000002,0,1
edge_mesh,31,benign--edge_mesh--chain--n10--containment_drill--r2,0,0.0037406713,0.6100000000000001,0,0
edge_mesh,31,benign--edge_mesh--chain--n10--containment_drill--r6,0,0.005213538,0.6100000000000001,0,0
edge_mesh,31,benign--edge_mesh--chain--n10--containment_drill--r6,0,0.0018795433,0.6100000000000001,0,0
edge_mesh,31,benign--edge_mesh--chain--n10--maintenance_notice--r4,0,0.0040755323,0.6100000000000001,0,0
edge_mesh,31,benign--edge_mesh--chain--n10--maintenance_notice--r4,0,0.006969116,0.6100000000000001,0,0
edge_mesh,31,benign--edge_mesh--chain--n15--containment_drill--r4,0,0.0071985773,0.6100000000000001,0,0
edge_mesh,31,benign--edge_mesh--chain--n15--containment_drill--r4,0,0.013740207,0.6100000000000001,0,0
edge_mesh,31,benign--edge_mesh--chain--n15--containment_drill--r4,0,0.0025453689,0.6100000000000001,0,0
edge_mesh,31,benign--edge_mesh--chain--n15--containment_drill--r4,0,0.0041959113,0.6100000000000001,0,0
edge_mesh,31,benign--edge_mesh--chain--n15--routine_update--r1,0,0.028176729,0.6100000000000001,0,0
edge_mesh,31,benign--edge_mesh--chain--n15--routine_update--r1,0,0.04854221,0.6100000000000001,0,0
edge_mesh,31,benign--edge_mesh--chain--n15--routine_update--r5,0,0.04515142,0.6100000000000001,0,0
edge_mesh,31,benign--edge_mesh--chain--n15--routine_update--r5,0,0.00857747,0.6100000000000001,0,0
edge_mesh,31,benign--edge_mesh--chain--n15--routine_update--r5,0,0.00883381,0.6100000000000001,0,0
edge_mesh,31,benign--edge_mesh--chain--n20--containment_drill--r2,0,0.0016918296,0.6100000000000001,0,0
edge_mesh,31,benign--edge_mesh--chain--n20--containment_drill--r6,0,0.006907157,0.6100000000000001,0,0
edge_mesh,31,benign--edge_mesh--chain--n20--maintenance_notice--r4,0,0.0046482375,0.6100000000000001,0,0
edge_mesh,31,benign--edge_mesh--chain--n20--maintenance_notice--r4,0,0.0030770896,0.6100000000000001,0,0
edge_mesh,31,benign--edge_mesh--chain--n20--maintenance_notice--r4,0,0.0057509495,0.6100000000000001,0,0
edge_mesh,31,benign--edge_mesh--chain--n20--maintenance_notice--r4,0,0.0080432175,0.6100000000000001,0,0
edge_mesh,31,benign--edge_mesh--chain--n20--quoted_attack_review--r5,0,0.012821625,0.6100000000000001,0,0
edge_mesh,31,benign--edge_mesh--chain--n20--quoted_attack_review--r5,0,0.0043261666,0.6100000000000001,0,0
edge_mesh,31,benign--edge_mesh--chain--n20--routine_update--r3,0,0.0092958575,0.6100000000000001,0,0
edge_mesh,31,benign--edge_mesh--chain--n20--routine_update--r3,0,0.0039415895,0.6100000000000001,0,0
edge_mesh,31,benign--edge_mesh--chain--n4--containment_drill--r2,0,0.02427237,0.6100000000000001,0,0
edge_mesh,31,benign--edge_mesh--chain--n4--containment_drill--r2,0,0.011309301,0.6100000000000001,0,0
edge_mesh,31,benign--edge_mesh--chain--n4--containment_drill--r2,0,0.027275419,0.6100000000000001,0,0
edge_mesh,31,benign--edge_mesh--chain--n4--containment_drill--r2,0,0.028363485,0.6100000000000001,0,0
edge_mesh,31,benign--edge_mesh--chain--n4--containment_drill--r6,0,0.009547411,0.6100000000000001,0,0
edge_mesh,31,benign--edge_mesh--chain--n4--routine_update--r3,0,0.04091786,0.6100000000000001,0,0
edge_mesh,31,benign--edge_mesh--chain--n4--routine_update--r3,0,0.029095452,0.6100000000000001,0,0
edge_mesh,31,benign--edge_mesh--chain--n8--containment_drill--r4,0,0.010394861,0.6100000000000001,0,0
edge_mesh,31,benign--edge_mesh--chain--n8--containment_drill--r4,0,0.016584301,0.6100000000000001,0,0
edge_mesh,31,benign--edge_mesh--chain--n8--maintenance_notice--r2,0,0.00406121,0.6100000000000001,0,0
edge_mesh,31,benign--edge_mesh--chain--n8--quoted_attack_review--r3,0,0.004150956,0.6100000000000001,0,0
edge_mesh,31,benign--edge_mesh--chain--n8--quoted_attack_review--r3,0,0.0026843664,0.6100000000000001,0,0
edge_mesh,31,benign--edge_mesh--chain--n8--quoted_attack_review--r3,0,0.0020245702,0.6100000000000001,0,0
edge_mesh,31,benign--edge_mesh--chain--n8--quoted_attack_review--r3,0,0.0014369643,0.6100000000000001,0,0
edge_mesh,31,benign--edge_mesh--chain--n8--routine_update--r1,0,0.052122016,0.6100000000000001,0,0
edge_mesh,31,benign--edge_mesh--chain--n8--routine_update--r1,0,0.04781811,0.6100000000000001,0,0
edge_mesh,31,benign--edge_mesh--chain--n8--routine_update--r5,0,0.005030891,0.6100000000000001,0,0
edge_mesh,31,benign--edge_mesh--chain--n8--routine_update--r5,0,0.002777802,0.6100000000000001,0,0
edge_mesh,31,benign--edge_mesh--mesh_lite--n10--routine_update--r1,0,0.014728012,0.6100000000000001,0,0
edge_mesh,31,benign--edge_mesh--mesh_lite--n10--routine_update--r5,0,0.0072765946,0.6100000000000001,0,0
edge_mesh,31,benign--edge_mesh--mesh_lite--n15--containment_drill--r2,0,0.002238754,0.6100000000000001,0,0
edge_mesh,31,benign--edge_mesh--mesh_lite--n20--maintenance_notice--r2,0,0.06260447,0.6100000000000001,0,0
edge_mesh,31,benign--edge_mesh--mesh_lite--n20--routine_update--r1,0,0.017126461,0.6100000000000001,0,0
edge_mesh,31,benign--edge_mesh--mesh_lite--n20--routine_update--r1,0,0.068942465,0.6100000000000001,0,0
edge_mesh,31,benign--edge_mesh--mesh_lite--n4--containment_drill--r4,0,0.0021306796,0.6100000000000001,0,0
edge_mesh,31,benign--edge_mesh--mesh_lite--n4--maintenance_notice--r2,0,0.0052126357,0.6100000000000001,0,0
edge_mesh,31,benign--edge_mesh--mesh_lite--n4--maintenance_notice--r6,0,0.0037981311,0.6100000000000001,0,0
edge_mesh,31,benign--edge_mesh--mesh_lite--n4--routine_update--r1,0,0.024789099,0.6100000000000001,0,0
edge_mesh,31,benign--edge_mesh--mesh_lite--n4--routine_update--r1,0,0.02621924,0.6100000000000001,0,0
edge_mesh,31,benign--edge_mesh--mesh_lite--n4--routine_update--r5,0,0.017126461,0.6100000000000001,0,0
edge_mesh,31,benign--edge_mesh--mesh_lite--n4--routine_update--r5,0,0.016593177,0.6100000000000001,0,0
edge_mesh,31,benign--edge_mesh--mesh_lite--n8--containment_drill--r2,0,0.0025478627,0.6100000000000001,0,0
edge_mesh,31,benign--edge_mesh--random_min_degree--n10--containment_drill--r2,0,0.0061613754,0.6100000000000001,0,0
edge_mesh,31,benign--edge_mesh--random_min_degree--n10--containment_drill--r2,0,0.0022476546,0.6100000000000001,0,0
edge_mesh,31,benign--edge_mesh--random_min_degree--n10--containment_drill--r2,0,0.0025833051,0.6100000000000001,0,0
edge_mesh,31,benign--edge_mesh--random_min_degree--n15--maintenance_notice--r2,0,0.0076553593,0.6100000000000001,0,0
edge_mesh,31,benign--edge_mesh--random_min_degree--n15--routine_update--r1,0,0.028176729,0.6100000000000001,0,0
edge_mesh,31,benign--edge_mesh--random_min_degree--n20--containment_drill--r2,0,0.04864658,0.6100000000000001,0,0
edge_mesh,31,benign--edge_mesh--random_min_degree--n20--containment_drill--r2,0,0.029646514,0.6100000000000001,0,0
edge_mesh,31,benign--edge_mesh--random_min_degree--n20--quoted_attack_review--r1,0,0.027451372,0.6100000000000001,0,0
edge_mesh,31,benign--edge_mesh--random_min_degree--n20--quoted_attack_review--r1,0,0.0017934828,0.6100000000000001,0,0
edge_mesh,31,benign--edge_mesh--random_min_degree--n4--containment_drill--r2,0,0.0036178192,0.6100000000000001,0,0
edge_mesh,31,benign--edge_mesh--random_min_degree--n8--containment_drill--r4,0,0.0021320356,0.6100000000000001,0,0
edge_mesh,31,benign--edge_mesh--random_min_degree--n8--maintenance_notice--r2,0,0.015623506,0.6100000000000001,0,0
edge_mesh,31,benign--edge_mesh--random_min_degree--n8--routine_update--r1,0,0.016511962,0.6100000000000001,0,0
edge_mesh,31,benign--edge_mesh--random_min_degree--n8--routine_update--r1,0,0.008126592,0.6100000000000001,0,0
edge_mesh,31,benign--edge_mesh--ring--n10--containment_drill--r2,0,0.0030361663,0.6100000000000001,0,0
edge_mesh,31,benign--edge_mesh--ring--n10--quoted_attack_review--r5,0,0.0025561738,0.6100000000000001,0,0
edge_mesh,31,benign--edge_mesh--ring--n15--maintenance_notice--r2,0,0.0061042067,0.6100000000000001,0,0
edge_mesh,31,benign--edge_mesh--ring--n15--routine_update--r1,0,0.01804928,0.6100000000000001,0,0
edge_mesh,31,benign--edge_mesh--ring--n15--routine_update--r1,0,0.008206537,0.6100000000000001,0,0
edge_mesh,31,benign--edge_mesh--ring--n15--routine_update--r1,0,0.015639221,0.6100000000000001,0,0
edge_mesh,31,benign--edge_mesh--ring--n15--routine_update--r1,0,0.007302761,0.6100000000000001,0,0
edge_mesh,31,benign--edge_mesh--ring--n15--routine_update--r1,0,0.0014565082,0.6100000000000001,0,0
edge_mesh,31,benign--edge_mesh--ring--n15--routine_update--r5,0,0.0099810865,0.6100000000000001,0,0
edge_mesh,31,benign--edge_mesh--ring--n20--containment_drill--r2,0,0.0023333104,0.6100000000000001,0,0
edge_mesh,31,benign--edge_mesh--ring--n4--containment_drill--r2,0,0.0020213749,0.6100000000000001,0,0
edge_mesh,31,benign--edge_mesh--ring--n4--containment_drill--r6,0,0.002121081,0.6100000000000001,0,0
edge_mesh,31,benign--edge_mesh--ring--n4--maintenance_notice--r4,0,0.0028784522,0.6100000000000001,0,0
edge_mesh,31,benign--edge_mesh--ring--n4--maintenance_notice--r4,0,0.022634447,0.6100000000000001,0,0
edge_mesh,31,benign--edge_mesh--ring--n4--maintenance_notice--r4,0,0.005703308,0.6100000000000001,0,0
edge_mesh,31,benign--edge_mesh--ring--n4--routine_update--r3,0,0.006340171,0.6100000000000001,0,0
edge_mesh,31,benign--edge_mesh--ring--n8--quoted_attack_review--r3,0,0.023927124,0.6100000000000001,0,0
edge_mesh,31,benign--edge_mesh--ring--n8--quoted_attack_review--r3,0,0.0032569326,0.6100000000000001,0,0
edge_mesh,31,benign--edge_mesh--ring--n8--quoted_attack_review--r3,0,0.018101297,0.6100000000000001,0,0
edge_mesh,31,benign--edge_mesh--ring--n8--quoted_attack_review--r3,0,0.34700733,0.6100000000000001,0,0
edge_mesh,31,benign--edge_mesh--ring--n8--quoted_attack_review--r3,0,0.032428835,0.6100000000000001,0,0
edge_mesh,31,benign--edge_mesh--star--n10--maintenance_notice--r2,0,0.0047513763,0.6100000000000001,0,0
edge_mesh,31,benign--edge_mesh--star--n10--maintenance_notice--r2,0,0.002145445,0.6100000000000001,0,0
edge_mesh,31,benign--edge_mesh--star--n10--quoted_attack_review--r3,0,0.010988912,0.6100000000000001,0,0
edge_mesh,31,benign--edge_mesh--star--n10--quoted_attack_review--r3,0,0.0067593227,0.6100000000000001,0,0
edge_mesh,31,benign--edge_mesh--star--n10--routine_update--r5,0,0.3514678,0.6100000000000001,0,0
edge_mesh,31,benign--edge_mesh--star--n10--routine_update--r5,0,0.010841968,0.6100000000000001,0,0
edge_mesh,31,benign--edge_mesh--star--n15--containment_drill--r2,0,0.0024283587,0.6100000000000001,0,0
edge_mesh,31,benign--edge_mesh--star--n15--containment_drill--r2,0,0.0033044177,0.6100000000000001,0,0
edge_mesh,31,benign--edge_mesh--star--n15--containment_drill--r6,0,0.003718614,0.6100000000000001,0,0
edge_mesh,31,benign--edge_mesh--star--n15--containment_drill--r6,0,0.031478293,0.6100000000000001,0,0
edge_mesh,31,benign--edge_mesh--star--n15--containment_drill--r6,0,0.017553112,0.6100000000000001,0,0
edge_mesh,31,benign--edge_mesh--star--n15--maintenance_notice--r4,0,0.0073456424,0.6100000000000001,0,0
edge_mesh,31,benign--edge_mesh--star--n15--maintenance_notice--r4,0,0.0026235224,0.6100000000000001,0,0
edge_mesh,31,benign--edge_mesh--star--n15--routine_update--r3,0,0.029607493,0.6100000000000001,0,0
edge_mesh,31,benign--edge_mesh--star--n15--routine_update--r3,0,0.0033896302,0.6100000000000001,0,0
edge_mesh,31,benign--edge_mesh--star--n20--containment_drill--r4,0,0.007262296,0.6100000000000001,0,0
edge_mesh,31,benign--edge_mesh--star--n20--containment_drill--r4,0,0.014064578,0.6100000000000001,0,0
edge_mesh,31,benign--edge_mesh--star--n20--maintenance_notice--r2,0,0.010007782,0.6100000000000001,0,0
edge_mesh,31,benign--edge_mesh--star--n20--maintenance_notice--r2,0,0.006535784,0.6100000000000001,0,0
edge_mesh,31,benign--edge_mesh--star--n20--maintenance_notice--r6,0,0.006560025,0.6100000000000001,0,0
edge_mesh,31,benign--edge_mesh--star--n20--maintenance_notice--r6,0,0.006350423,0.6100000000000001,0,0
edge_mesh,31,benign--edge_mesh--star--n20--routine_update--r5,0,0.032047216,0.6100000000000001,0,0
edge_mesh,31,benign--edge_mesh--star--n4--containment_drill--r4,0,0.0044514514,0.6100000000000001,0,0
edge_mesh,31,benign--edge_mesh--star--n4--containment_drill--r4,0,0.003731855,0.6100000000000001,0,0
edge_mesh,31,benign--edge_mesh--star--n4--containment_drill--r4,0,0.0034682718,0.6100000000000001,0,0
edge_mesh,31,benign--edge_mesh--star--n4--routine_update--r1,0,0.024789099,0.6100000000000001,0,0
edge_mesh,31,benign--edge_mesh--star--n4--routine_update--r1,0,0.004881348,0.6100000000000001,0,0
edge_mesh,31,benign--edge_mesh--star--n8--containment_drill--r2,0,0.010631485,0.6100000000000001,0,0
edge_mesh,31,benign--edge_mesh--star--n8--containment_drill--r2,0,0.0058432315,0.6100000000000001,0,0
edge_mesh,31,benign--edge_mesh--star--n8--containment_drill--r2,0,0.0050295447,0.6100000000000001,0,0
edge_mesh,31,benign--edge_mesh--star--n8--quoted_attack_review--r5,0,0.013841807,0.6100000000000001,0,0
edge_mesh,31,benign--edge_mesh--star--n8--quoted_attack_review--r5,0,0.0040563215,0.6100000000000001,0,0
edge_mesh,31,benign--edge_mesh--star--n8--routine_update--r3,0,0.02524737,0.6100000000000001,0,0
edge_mesh,31,benign--edge_mesh--star--n8--routine_update--r3,0,0.0056079137,0.6100000000000001,0,0
edge_mesh,31,mal--edge_mesh--chain--n10--guard_suppression--r1,1,0.41991934,0.6100000000000001,0,0
edge_mesh,31,mal--edge_mesh--chain--n10--guard_suppression--r1,0,0.020289816,0.6100000000000001,0,0
edge_mesh,31,mal--edge_mesh--chain--n10--recovery_poisoning--r1,1,0.9960741,0.6100000000000001,1,1
edge_mesh,31,mal--edge_mesh--chain--n10--recovery_poisoning--r1,0,0.19473122,0.6100000000000001,0,0
edge_mesh,31,mal--edge_mesh--chain--n10--recovery_poisoning--r1,0,0.058752622,0.6100000000000001,0,0
edge_mesh,31,mal--edge_mesh--chain--n10--recovery_poisoning--r1,0,0.041308586,0.6100000000000001,0,0
edge_mesh,31,mal--edge_mesh--chain--n10--recovery_poisoning--r3,1,0.88358384,0.6100000000000001,1,1
edge_mesh,31,mal--edge_mesh--chain--n10--recovery_poisoning--r3,0,0.038469773,0.6100000000000001,0,0
edge_mesh,31,mal--edge_mesh--chain--n10--recovery_poisoning--r3,0,0.012969929,0.6100000000000001,0,0
edge_mesh,31,mal--edge_mesh--chain--n10--recovery_poisoning--r3,0,0.0052583423,0.6100000000000001,0,0
edge_mesh,31,mal--edge_mesh--chain--n10--recovery_poisoning--r3,1,0.7751755,0.6100000000000001,1,1
edge_mesh,31,mal--edge_mesh--chain--n10--recovery_poisoning--r3,0,0.39293694,0.6100000000000001,0,0
edge_mesh,31,mal--edge_mesh--chain--n15--control_plane_worm--r3,1,0.99391997,0.6100000000000001,1,1
edge_mesh,31,mal--edge_mesh--chain--n15--recovery_poisoning--r2,1,0.9954201,0.6100000000000001,1,1
edge_mesh,31,mal--edge_mesh--chain--n15--recovery_poisoning--r2,0,0.61407167,0.6100000000000001,1,1
edge_mesh,31,mal--edge_mesh--chain--n20--control_plane_worm--r2,0,0.20057884,0.6100000000000001,0,0
edge_mesh,31,mal--edge_mesh--chain--n20--control_plane_worm--r2,0,0.010495141,0.6100000000000001,0,0
edge_mesh,31,mal--edge_mesh--chain--n20--exfiltration_propagation--r1,1,0.92898875,0.6100000000000001,1,1
edge_mesh,31,mal--edge_mesh--chain--n20--exfiltration_propagation--r1,1,0.72664845,0.6100000000000001,1,1
edge_mesh,31,mal--edge_mesh--chain--n20--exfiltration_propagation--r1,1,0.22012585,0.6100000000000001,0,0
edge_mesh,31,mal--edge_mesh--chain--n20--guard_suppression--r4,1,0.98873854,0.6100000000000001,1,1
edge_mesh,31,mal--edge_mesh--chain--n20--guard_suppression--r4,0,0.13106252,0.6100000000000001,0,0
edge_mesh,31,mal--edge_mesh--chain--n20--guard_suppression--r4,0,0.010059765,0.6100000000000001,0,0
edge_mesh,31,mal--edge_mesh--chain--n20--guard_suppression--r4,0,0.008649864,0.6100000000000001,0,0
edge_mesh,31,mal--edge_mesh--chain--n20--guard_suppression--r4,0,0.018605156,0.6100000000000001,0,0
edge_mesh,31,mal--edge_mesh--chain--n20--guard_suppression--r4,0,0.4334277,0.6100000000000001,0,0
edge_mesh,31,mal--edge_mesh--chain--n20--recovery_poisoning--r2,1,0.93710995,0.6100000000000001,1,1
edge_mesh,31,mal--edge_mesh--chain--n20--recovery_poisoning--r2,0,0.040058404,0.6100000000000001,0,0
edge_mesh,31,mal--edge_mesh--chain--n20--recovery_poisoning--r2,0,0.0052890046,0.6100000000000001,0,0
edge_mesh,31,mal--edge_mesh--chain--n20--recovery_poisoning--r2,0,0.0034312243,0.6100000000000001,0,0
edge_mesh,31,mal--edge_mesh--chain--n20--recovery_poisoning--r2,1,0.9943423,0.6100000000000001,1,1
edge_mesh,31,mal--edge_mesh--chain--n20--recovery_poisoning--r6,1,0.9670806,0.6100000000000001,1,1
edge_mesh,31,mal--edge_mesh--chain--n20--recovery_poisoning--r6,0,0.0045850608,0.6100000000000001,0,0
edge_mesh,31,mal--edge_mesh--chain--n20--slice_takeover--r3,1,0.99345136,0.6100000000000001,1,1
edge_mesh,31,mal--edge_mesh--chain--n20--slice_takeover--r3,1,0.9633619,0.6100000000000001,1,1
edge_mesh,31,mal--edge_mesh--chain--n20--slice_takeover--r3,0,0.4871873,0.6100000000000001,0,0
edge_mesh,31,mal--edge_mesh--chain--n4--control_plane_worm--r6,1,0.9745762,0.6100000000000001,1,1
edge_mesh,31,mal--edge_mesh--chain--n4--control_plane_worm--r6,0,0.8955638,0.6100000000000001,1,1
edge_mesh,31,mal--edge_mesh--chain--n4--control_plane_worm--r6,0,0.3468947,0.6100000000000001,0,0
edge_mesh,31,mal--edge_mesh--chain--n4--recovery_poisoning--r5,1,0.98776835,0.6100000000000001,1,1
edge_mesh,31,mal--edge_mesh--chain--n4--recovery_poisoning--r5,0,0.011038398,0.6100000000000001,0,0
edge_mesh,31,mal--edge_mesh--chain--n4--slice_takeover--r2,1,0.88976127,0.6100000000000001,1,1
edge_mesh,31,mal--edge_mesh--chain--n4--slice_takeover--r2,1,0.90804917,0.6100000000000001,1,1
edge_mesh,31,mal--edge_mesh--chain--n4--slice_takeover--r2,0,0.058979593,0.6100000000000001,0,0
edge_mesh,31,mal--edge_mesh--chain--n8--control_plane_worm--r5,1,0.31891215,0.6100000000000001,0,0
edge_mesh,31,mal--edge_mesh--chain--n8--control_plane_worm--r5,1,0.5283891,0.6100000000000001,0,1
edge_mesh,31,mal--edge_mesh--chain--n8--control_plane_worm--r5,0,0.03343587,0.6100000000000001,0,0
edge_mesh,31,mal--edge_mesh--chain--n8--exfiltration_propagation--r2,1,0.8418745,0.6100000000000001,1,1
edge_mesh,31,mal--edge_mesh--chain--n8--exfiltration_propagation--r2,0,0.29374617,0.6100000000000001,0,0
edge_mesh,31,mal--edge_mesh--chain--n8--exfiltration_propagation--r3,0,0.0028725008,0.6100000000000001,0,0
edge_mesh,31,mal--edge_mesh--chain--n8--exfiltration_propagation--r3,0,0.23317006,0.6100000000000001,0,0
edge_mesh,31,mal--edge_mesh--chain--n8--guard_suppression--r2,1,0.98904383,0.6100000000000001,1,1
edge_mesh,31,mal--edge_mesh--chain--n8--guard_suppression--r2,0,0.88703626,0.6100000000000001,1,1
edge_mesh,31,mal--edge_mesh--mesh_lite--n10--guard_suppression--r1,1,0.93322146,0.6100000000000001,1,1
edge_mesh,31,mal--edge_mesh--mesh_lite--n10--guard_suppression--r1,0,0.17595322,0.6100000000000001,0,0
edge_mesh,31,mal--edge_mesh--mesh_lite--n15--guard_suppression--r2,1,0.9925929,0.6100000000000001,1,1
edge_mesh,31,mal--edge_mesh--mesh_lite--n15--guard_suppression--r2,1,0.7651911,0.6100000000000001,1,1
edge_mesh,31,mal--edge_mesh--mesh_lite--n15--guard_suppression--r2,0,0.11795588,0.6100000000000001,0,0
edge_mesh,31,mal--edge_mesh--mesh_lite--n15--guard_suppression--r2,0,0.04503173,0.6100000000000001,0,0
edge_mesh,31,mal--edge_mesh--mesh_lite--n15--guard_suppression--r2,0,0.005016728,0.6100000000000001,0,0
edge_mesh,31,mal--edge_mesh--mesh_lite--n15--guard_suppression--r2,0,0.004966032,0.6100000000000001,0,0
edge_mesh,31,mal--edge_mesh--mesh_lite--n15--guard_suppression--r2,0,0.019106219,0.6100000000000001,0,0
edge_mesh,31,mal--edge_mesh--mesh_lite--n15--guard_suppression--r2,1,0.71201414,0.6100000000000001,1,1
edge_mesh,31,mal--edge_mesh--mesh_lite--n4--slice_takeover--r2,0,0.48607138,0.6100000000000001,0,0
edge_mesh,31,mal--edge_mesh--mesh_lite--n4--slice_takeover--r2,0,0.084255554,0.6100000000000001,0,0
edge_mesh,31,mal--edge_mesh--mesh_lite--n4--slice_takeover--r2,1,0.8609478,0.6100000000000001,1,1
edge_mesh,31,mal--edge_mesh--mesh_lite--n4--slice_takeover--r2,0,0.012371054,0.6100000000000001,0,0
edge_mesh,31,mal--edge_mesh--mesh_lite--n8--exfiltration_propagation--r2,1,0.955478,0.6100000000000001,1,1
edge_mesh,31,mal--edge_mesh--mesh_lite--n8--exfiltration_propagation--r2,0,0.537127,0.6100000000000001,0,1
edge_mesh,31,mal--edge_mesh--mesh_lite--n8--exfiltration_propagation--r2,1,0.8056317,0.6100000000000001,1,1
edge_mesh,31,mal--edge_mesh--mesh_lite--n8--exfiltration_propagation--r2,1,0.9020396,0.6100000000000001,1,1
edge_mesh,31,mal--edge_mesh--mesh_lite--n8--exfiltration_propagation--r2,1,0.780568,0.6100000000000001,1,1
edge_mesh,31,mal--edge_mesh--mesh_lite--n8--exfiltration_propagation--r2,0,0.46428594,0.6100000000000001,0,0
edge_mesh,31,mal--edge_mesh--mesh_lite--n8--exfiltration_propagation--r2,0,0.04030762,0.6100000000000001,0,0
edge_mesh,31,mal--edge_mesh--mesh_lite--n8--exfiltration_propagation--r2,1,0.8224212,0.6100000000000001,1,1
edge_mesh,31,mal--edge_mesh--mesh_lite--n8--exfiltration_propagation--r2,1,0.77440417,0.6100000000000001,1,1
edge_mesh,31,mal--edge_mesh--mesh_lite--n8--exfiltration_propagation--r2,1,0.18389289,0.6100000000000001,0,0
edge_mesh,31,mal--edge_mesh--random_min_degree--n10--control_plane_worm--r2,1,0.995723,0.6100000000000001,1,1
edge_mesh,31,mal--edge_mesh--random_min_degree--n10--control_plane_worm--r2,0,0.18546066,0.6100000000000001,0,0
edge_mesh,31,mal--edge_mesh--random_min_degree--n10--control_plane_worm--r2,1,0.89431196,0.6100000000000001,1,1
edge_mesh,31,mal--edge_mesh--random_min_degree--n10--control_plane_worm--r2,0,0.26777235,0.6100000000000001,0,0
edge_mesh,31,mal--edge_mesh--random_min_degree--n10--control_plane_worm--r2,0,0.036564544,0.6100000000000001,0,0
edge_mesh,31,mal--edge_mesh--random_min_degree--n15--guard_suppression--r2,1,0.9914819,0.6100000000000001,1,1
edge_mesh,31,mal--edge_mesh--random_min_degree--n15--guard_suppression--r2,1,0.97693455,0.6100000000000001,1,1
edge_mesh,31,mal--edge_mesh--random_min_degree--n8--exfiltration_propagation--r2,1,0.9683166,0.6100000000000001,1,1
edge_mesh,31,mal--edge_mesh--random_min_degree--n8--exfiltration_propagation--r2,0,0.031340186,0.6100000000000001,0,0
edge_mesh,31,mal--edge_mesh--random_min_degree--n8--exfiltration_propagation--r2,1,0.9854035,0.6100000000000001,1,1
edge_mesh,31,mal--edge_mesh--random_min_degree--n8--exfiltration_propagation--r2,0,0.015308605,0.6100000000000001,0,0
edge_mesh,31,mal--edge_mesh--random_min_degree--n8--exfiltration_propagation--r2,0,0.04416473,0.6100000000000001,0,0
edge_mesh,31,mal--edge_mesh--random_min_degree--n8--exfiltration_propagation--r2,0,0.22288185,0.6100000000000001,0,0
edge_mesh,31,mal--edge_mesh--ring--n10--control_plane_worm--r2,1,0.9628347,0.6100000000000001,1,1
edge_mesh,31,mal--edge_mesh--ring--n10--control_plane_worm--r2,0,0.18980798,0.6100000000000001,0,0
edge_mesh,31,mal--edge_mesh--ring--n10--control_plane_worm--r2,0,0.010756569,0.6100000000000001,0,0
edge_mesh,31,mal--edge_mesh--ring--n10--control_plane_worm--r2,1,0.961504,0.6100000000000001,1,1
edge_mesh,31,mal--edge_mesh--ring--n10--exfiltration_propagation--r2,1,0.95742583,0.6100000000000001,1,1
edge_mesh,31,mal--edge_mesh--ring--n10--exfiltration_propagation--r2,1,0.2464703,0.6100000000000001,0,0
edge_mesh,31,mal--edge_mesh--ring--n10--recovery_poisoning--r3,1,0.94757396,0.6100000000000001,1,1
edge_mesh,31,mal--edge_mesh--ring--n10--recovery_poisoning--r3,1,0.96951205,0.6100000000000001,1,1
edge_mesh,31,mal--edge_mesh--ring--n10--recovery_poisoning--r3,1,0.86510915,0.6100000000000001,1,1
edge_mesh,31,mal--edge_mesh--ring--n4--slice_takeover--r2,1,0.994921,0.6100000000000001,1,1
edge_mesh,31,mal--edge_mesh--ring--n4--slice_takeover--r2,1,0.9234863,0.6100000000000001,1,1
edge_mesh,31,mal--edge_mesh--ring--n4--slice_takeover--r2,1,0.9473684,0.6100000000000001,1,1
edge_mesh,31,mal--edge_mesh--ring--n4--slice_takeover--r2,0,0.5548883,0.6100000000000001,0,1
edge_mesh,31,mal--edge_mesh--ring--n8--exfiltration_propagation--r3,0,0.004184725,0.6100000000000001,0,0
edge_mesh,31,mal--edge_mesh--ring--n8--guard_suppression--r1,1,0.94518346,0.6100000000000001,1,1
edge_mesh,31,mal--edge_mesh--ring--n8--guard_suppression--r1,0,0.32586583,0.6100000000000001,0,0
edge_mesh,31,mal--edge_mesh--ring--n8--guard_suppression--r2,1,0.98777455,0.6100000000000001,1,1
edge_mesh,31,mal--edge_mesh--ring--n8--guard_suppression--r2,0,0.71980524,0.6100000000000001,1,1
edge_mesh,31,mal--edge_mesh--ring--n8--slice_takeover--r1,1,0.97874683,0.6100000000000001,1,1
edge_mesh,31,mal--edge_mesh--ring--n8--slice_takeover--r1,1,0.93205845,0.6100000000000001,1,1
edge_mesh,31,mal--edge_mesh--ring--n8--slice_takeover--r1,1,0.80889004,0.6100000000000001,1,1
edge_mesh,31,mal--edge_mesh--ring--n8--slice_takeover--r1,1,0.87088853,0.6100000000000001,1,1
edge_mesh,31,mal--edge_mesh--star--n10--control_plane_worm--r2,1,0.9639807,0.6100000000000001,1,1
edge_mesh,31,mal--edge_mesh--star--n10--control_plane_worm--r2,0,0.013076297,0.6100000000000001,0,0
edge_mesh,31,mal--edge_mesh--star--n10--control_plane_worm--r4,1,0.9886208,0.6100000000000001,1,1
edge_mesh,31,mal--edge_mesh--star--n10--control_plane_worm--r4,1,0.6983204,0.6100000000000001,1,1
edge_mesh,31,mal--edge_mesh--star--n10--exfiltration_propagation--r2,1,0.7344619,0.6100000000000001,1,1
edge_mesh,31,mal--edge_mesh--star--n10--exfiltration_propagation--r2,1,0.37087238,0.6100000000000001,0,0
edge_mesh,31,mal--edge_mesh--star--n10--exfiltration_propagation--r2,0,0.008929047,0.6100000000000001,0,0
edge_mesh,31,mal--edge_mesh--star--n10--recovery_poisoning--r3,1,0.99268943,0.6100000000000001,1,1
edge_mesh,31,mal--edge_mesh--star--n10--recovery_poisoning--r3,0,0.5607535,0.6100000000000001,0,1
edge_mesh,31,mal--edge_mesh--star--n15--exfiltration_propagation--r6,1,0.9537437,0.6100000000000001,1,1
edge_mesh,31,mal--edge_mesh--star--n15--exfiltration_propagation--r6,0,0.41246533,0.6100000000000001,0,0
edge_mesh,31,mal--edge_mesh--star--n15--guard_suppression--r5,0,0.8836705,0.6100000000000001,1,1
edge_mesh,31,mal--edge_mesh--star--n15--recovery_poisoning--r2,1,0.84807134,0.6100000000000001,1,1
edge_mesh,31,mal--edge_mesh--star--n15--recovery_poisoning--r2,0,0.09032122,0.6100000000000001,0,0
edge_mesh,31,mal--edge_mesh--star--n15--slice_takeover--r4,1,0.99180275,0.6100000000000001,1,1
edge_mesh,31,mal--edge_mesh--star--n15--slice_takeover--r4,0,0.30161664,0.6100000000000001,0,0
edge_mesh,31,mal--edge_mesh--star--n20--exfiltration_propagation--r5,1,0.985501,0.6100000000000001,1,1
edge_mesh,31,mal--edge_mesh--star--n20--exfiltration_propagation--r5,0,0.053502,0.6100000000000001,0,0
edge_mesh,31,mal--edge_mesh--star--n20--recovery_poisoning--r2,1,0.70299554,0.6100000000000001,1,1
edge_mesh,31,mal--edge_mesh--star--n20--recovery_poisoning--r2,0,0.29041743,0.6100000000000001,0,0
edge_mesh,31,mal--edge_mesh--star--n20--recovery_poisoning--r2,0,0.025694571,0.6100000000000001,0,0
edge_mesh,31,mal--edge_mesh--star--n20--slice_takeover--r3,1,0.9870812,0.6100000000000001,1,1
edge_mesh,31,mal--edge_mesh--star--n20--slice_takeover--r3,0,0.876969,0.6100000000000001,1,1
edge_mesh,31,mal--edge_mesh--star--n4--control_plane_worm--r6,1,0.9795482,0.6100000000000001,1,1
edge_mesh,31,mal--edge_mesh--star--n4--exfiltration_propagation--r4,1,0.9864783,0.6100000000000001,1,1
edge_mesh,31,mal--edge_mesh--star--n4--exfiltration_propagation--r4,0,0.019332606,0.6100000000000001,0,0
edge_mesh,31,mal--edge_mesh--star--n4--guard_suppression--r3,1,0.98713976,0.6100000000000001,1,1
edge_mesh,31,mal--edge_mesh--star--n4--guard_suppression--r3,0,0.16799106,0.6100000000000001,0,0
edge_mesh,31,mal--edge_mesh--star--n4--slice_takeover--r2,1,0.991896,0.6100000000000001,1,1
edge_mesh,31,mal--edge_mesh--star--n4--slice_takeover--r2,0,0.25889894,0.6100000000000001,0,0
edge_mesh,31,mal--edge_mesh--star--n8--control_plane_worm--r5,1,0.86407906,0.6100000000000001,1,1
edge_mesh,31,mal--edge_mesh--star--n8--control_plane_worm--r5,0,0.24263291,0.6100000000000001,0,0
edge_mesh,31,mal--edge_mesh--star--n8--exfiltration_propagation--r2,1,0.9202535,0.6100000000000001,1,1
edge_mesh,31,mal--edge_mesh--star--n8--exfiltration_propagation--r2,0,0.041672092,0.6100000000000001,0,0
edge_mesh,31,mal--edge_mesh--star--n8--exfiltration_propagation--r3,1,0.96726704,0.6100000000000001,1,1
edge_mesh,31,mal--edge_mesh--star--n8--exfiltration_propagation--r3,0,0.4280123,0.6100000000000001,0,0
edge_mesh,31,mal--edge_mesh--star--n8--slice_takeover--r6,1,0.94479424,0.6100000000000001,1,1
edge_mesh,31,mal--edge_mesh--star--n8--slice_takeover--r6,0,0.54968876,0.6100000000000001,0,1
edge_mesh,43,benign--edge_mesh--chain--n10--containment_drill--r2,0,0.0021976545,0.5800000000000002,0,0
edge_mesh,43,benign--edge_mesh--chain--n10--containment_drill--r6,0,0.0019842603,0.5800000000000002,0,0
edge_mesh,43,benign--edge_mesh--chain--n10--containment_drill--r6,0,0.0015475412,0.5800000000000002,0,0
edge_mesh,43,benign--edge_mesh--chain--n10--maintenance_notice--r4,0,0.008123621,0.5800000000000002,0,0
edge_mesh,43,benign--edge_mesh--chain--n10--maintenance_notice--r4,0,0.0061492724,0.5800000000000002,0,0
edge_mesh,43,benign--edge_mesh--chain--n15--containment_drill--r4,0,0.0019396315,0.5800000000000002,0,0
edge_mesh,43,benign--edge_mesh--chain--n15--containment_drill--r4,0,0.005685783,0.5800000000000002,0,0
edge_mesh,43,benign--edge_mesh--chain--n15--containment_drill--r4,0,0.0017797912,0.5800000000000002,0,0
edge_mesh,43,benign--edge_mesh--chain--n15--containment_drill--r4,0,0.002601325,0.5800000000000002,0,0
edge_mesh,43,benign--edge_mesh--chain--n15--routine_update--r1,0,0.016399655,0.5800000000000002,0,0
edge_mesh,43,benign--edge_mesh--chain--n15--routine_update--r1,0,0.11960671,0.5800000000000002,0,0
edge_mesh,43,benign--edge_mesh--chain--n15--routine_update--r5,0,0.03348769,0.5800000000000002,0,0
edge_mesh,43,benign--edge_mesh--chain--n15--routine_update--r5,0,0.008624117,0.5800000000000002,0,0
edge_mesh,43,benign--edge_mesh--chain--n15--routine_update--r5,0,0.0053284233,0.5800000000000002,0,0
edge_mesh,43,benign--edge_mesh--chain--n20--containment_drill--r2,0,0.0010550629,0.5800000000000002,0,0
edge_mesh,43,benign--edge_mesh--chain--n20--containment_drill--r6,0,0.002640403,0.5800000000000002,0,0
edge_mesh,43,benign--edge_mesh--chain--n20--maintenance_notice--r4,0,0.004875591,0.5800000000000002,0,0
edge_mesh,43,benign--edge_mesh--chain--n20--maintenance_notice--r4,0,0.0019793683,0.5800000000000002,0,0
edge_mesh,43,benign--edge_mesh--chain--n20--maintenance_notice--r4,0,0.0052054008,0.5800000000000002,0,0
edge_mesh,43,benign--edge_mesh--chain--n20--maintenance_notice--r4,0,0.004311252,0.5800000000000002,0,0
edge_mesh,43,benign--edge_mesh--chain--n20--quoted_attack_review--r5,0,0.0015566644,0.5800000000000002,0,0
edge_mesh,43,benign--edge_mesh--chain--n20--quoted_attack_review--r5,0,0.0017427853,0.5800000000000002,0,0
edge_mesh,43,benign--edge_mesh--chain--n20--routine_update--r3,0,0.0146756135,0.5800000000000002,0,0
edge_mesh,43,benign--edge_mesh--chain--n20--routine_update--r3,0,0.0056329835,0.5800000000000002,0,0
edge_mesh,43,benign--edge_mesh--chain--n4--containment_drill--r2,0,0.012507786,0.5800000000000002,0,0
edge_mesh,43,benign--edge_mesh--chain--n4--containment_drill--r2,0,0.0037094355,0.5800000000000002,0,0
edge_mesh,43,benign--edge_mesh--chain--n4--containment_drill--r2,0,0.011330242,0.5800000000000002,0,0
edge_mesh,43,benign--edge_mesh--chain--n4--containment_drill--r2,0,0.010391962,0.5800000000000002,0,0
edge_mesh,43,benign--edge_mesh--chain--n4--containment_drill--r6,0,0.010043091,0.5800000000000002,0,0
edge_mesh,43,benign--edge_mesh--chain--n4--routine_update--r3,0,0.035769533,0.5800000000000002,0,0
edge_mesh,43,benign--edge_mesh--chain--n4--routine_update--r3,0,0.0195229,0.5800000000000002,0,0
edge_mesh,43,benign--edge_mesh--chain--n8--containment_drill--r4,0,0.007311647,0.5800000000000002,0,0
edge_mesh,43,benign--edge_mesh--chain--n8--containment_drill--r4,0,0.0066400273,0.5800000000000002,0,0
edge_mesh,43,benign--edge_mesh--chain--n8--maintenance_notice--r2,0,0.004505988,0.5800000000000002,0,0
edge_mesh,43,benign--edge_mesh--chain--n8--quoted_attack_review--r3,0,0.0020791008,0.5800000000000002,0,0
edge_mesh,43,benign--edge_mesh--chain--n8--quoted_attack_review--r3,0,0.001385544,0.5800000000000002,0,0
edge_mesh,43,benign--edge_mesh--chain--n8--quoted_attack_review--r3,0,0.00090837287,0.5800000000000002,0,0
edge_mesh,43,benign--edge_mesh--chain--n8--quoted_attack_review--r3,0,0.0010570317,0.5800000000000002,0,0
edge_mesh,43,benign--edge_mesh--chain--n8--routine_update--r1,0,0.10617361,0.5800000000000002,0,0
edge_mesh,43,benign--edge_mesh--chain--n8--routine_update--r1,0,0.021718858,0.5800000000000002,0,0
edge_mesh,43,benign--edge_mesh--chain--n8--routine_update--r5,0,0.0026582377,0.5800000000000002,0,0
edge_mesh,43,benign--edge_mesh--chain--n8--routine_update--r5,0,0.002596701,0.5800000000000002,0,0
edge_mesh,43,benign--edge_mesh--mesh_lite--n10--routine_update--r1,0,0.028257161,0.5800000000000002,0,0
edge_mesh,43,benign--edge_mesh--mesh_lite--n10--routine_update--r5,0,0.0052003735,0.5800000000000002,0,0
edge_mesh,43,benign--edge_mesh--mesh_lite--n15--containment_drill--r2,0,0.0013318616,0.5800000000000002,0,0
edge_mesh,43,benign--edge_mesh--mesh_lite--n20--maintenance_notice--r2,0,0.0456005,0.5800000000000002,0,0
edge_mesh,43,benign--edge_mesh--mesh_lite--n20--routine_update--r1,0,0.01764844,0.5800000000000002,0,0
edge_mesh,43,benign--edge_mesh--mesh_lite--n20--routine_update--r1,0,0.050051887,0.5800000000000002,0,0
edge_mesh,43,benign--edge_mesh--mesh_lite--n4--containment_drill--r4,0,0.0012466605,0.5800000000000002,0,0
edge_mesh,43,benign--edge_mesh--mesh_lite--n4--maintenance_notice--r2,0,0.0053414265,0.5800000000000002,0,0
edge_mesh,43,benign--edge_mesh--mesh_lite--n4--maintenance_notice--r6,0,0.0032420289,0.5800000000000002,0,0
edge_mesh,43,benign--edge_mesh--mesh_lite--n4--routine_update--r1,0,0.01110306,0.5800000000000002,0,0
edge_mesh,43,benign--edge_mesh--mesh_lite--n4--routine_update--r1,0,0.03678296,0.5800000000000002,0,0
edge_mesh,43,benign--edge_mesh--mesh_lite--n4--routine_update--r5,0,0.01764844,0.5800000000000002,0,0
edge_mesh,43,benign--edge_mesh--mesh_lite--n4--routine_update--r5,0,0.018254435,0.5800000000000002,0,0
edge_mesh,43,benign--edge_mesh--mesh_lite--n8--containment_drill--r2,0,0.0018939431,0.5800000000000002,0,0
edge_mesh,43,benign--edge_mesh--random_min_degree--n10--containment_drill--r2,0,0.004620854,0.5800000000000002,0,0
edge_mesh,43,benign--edge_mesh--random_min_degree--n10--containment_drill--r2,0,0.0017090898,0.5800000000000002,0,0
edge_mesh,43,benign--edge_mesh--random_min_degree--n10--containment_drill--r2,0,0.0015872825,0.5800000000000002,0,0
edge_mesh,43,benign--edge_mesh--random_min_degree--n15--maintenance_notice--r2,0,0.010180746,0.5800000000000002,0,0
edge_mesh,43,benign--edge_mesh--random_min_degree--n15--routine_update--r1,0,0.016399655,0.5800000000000002,0,0
edge_mesh,43,benign--edge_mesh--random_min_degree--n20--containment_drill--r2,0,0.013659887,0.5800000000000002,0,0
edge_mesh,43,benign--edge_mesh--random_min_degree--n20--containment_drill--r2,0,0.0071598697,0.5800000000000002,0,0
edge_mesh,43,benign--edge_mesh--random_min_degree--n20--quoted_attack_review--r1,0,0.014948442,0.5800000000000002,0,0
edge_mesh,43,benign--edge_mesh--random_min_degree--n20--quoted_attack_review--r1,0,0.0029365625,0.5800000000000002,0,0
edge_mesh,43,benign--edge_mesh--random_min_degree--n4--containment_drill--r2,0,0.0019421375,0.5800000000000002,0,0
edge_mesh,43,benign--edge_mesh--random_min_degree--n8--containment_drill--r4,0,0.001533336,0.5800000000000002,0,0
edge_mesh,43,benign--edge_mesh--random_min_degree--n8--maintenance_notice--r2,0,0.03241484,0.5800000000000002,0,0
edge_mesh,43,benign--edge_mesh--random_min_degree--n8--routine_update--r1,0,0.016531339,0.5800000000000002,0,0
edge_mesh,43,benign--edge_mesh--random_min_degree--n8--routine_update--r1,0,0.004109102,0.5800000000000002,0,0
edge_mesh,43,benign--edge_mesh--ring--n10--containment_drill--r2,0,0.0018793019,0.5800000000000002,0,0
edge_mesh,43,benign--edge_mesh--ring--n10--quoted_attack_review--r5,0,0.0019227627,0.5800000000000002,0,0
edge_mesh,43,benign--edge_mesh--ring--n15--maintenance_notice--r2,0,0.005591852,0.5800000000000002,0,0
edge_mesh,43,benign--edge_mesh--ring--n15--routine_update--r1,0,0.012434777,0.5800000000000002,0,0
edge_mesh,43,benign--edge_mesh--ring--n15--routine_update--r1,0,0.0035054218,0.5800000000000002,0,0
edge_mesh,43,benign--edge_mesh--ring--n15--routine_update--r1,0,0.012707175,0.5800000000000002,0,0
edge_mesh,43,benign--edge_mesh--ring--n15--routine_update--r1,0,0.003089961,0.5800000000000002,0,0
edge_mesh,43,benign--edge_mesh--ring--n15--routine_update--r1,0,0.002038498,0.5800000000000002,0,0
edge_mesh,43,benign--edge_mesh--ring--n15--routine_update--r5,0,0.0056124493,0.5800000000000002,0,0
edge_mesh,43,benign--edge_mesh--ring--n20--containment_drill--r2,0,0.0014299857,0.5800000000000002,0,0
edge_mesh,43,benign--edge_mesh--ring--n4--containment_drill--r2,0,0.0013300901,0.5800000000000002,0,0
edge_mesh,43,benign--edge_mesh--ring--n4--containment_drill--r6,0,0.0011507899,0.5800000000000002,0,0
edge_mesh,43,benign--edge_mesh--ring--n4--maintenance_notice--r4,0,0.0036300682,0.5800000000000002,0,0
edge_mesh,43,benign--edge_mesh--ring--n4--maintenance_notice--r4,0,0.0131038455,0.5800000000000002,0,0
edge_mesh,43,benign--edge_mesh--ring--n4--maintenance_notice--r4,0,0.0066884207,0.5800000000000002,0,0
edge_mesh,43,benign--edge_mesh--ring--n4--routine_update--r3,0,0.0027029663,0.5800000000000002,0,0
edge_mesh,43,benign--edge_mesh--ring--n8--quoted_attack_review--r3,0,0.015378231,0.5800000000000002,0,0
edge_mesh,43,benign--edge_mesh--ring--n8--quoted_attack_review--r3,0,0.0013903817,0.5800000000000002,0,0
edge_mesh,43,benign--edge_mesh--ring--n8--quoted_attack_review--r3,0,0.017712614,0.5800000000000002,0,0
edge_mesh,43,benign--edge_mesh--ring--n8--quoted_attack_review--r3,0,0.1640383,0.5800000000000002,0,0
edge_mesh,43,benign--edge_mesh--ring--n8--quoted_attack_review--r3,0,0.031008372,0.5800000000000002,0,0
edge_mesh,43,benign--edge_mesh--star--n10--maintenance_notice--r2,0,0.03122752,0.5800000000000002,0,0
edge_mesh,43,benign--edge_mesh--star--n10--maintenance_notice--r2,0,0.008157749,0.5800000000000002,0,0
edge_mesh,43,benign--edge_mesh--star--n10--quoted_attack_review--r3,0,0.0027155897,0.5800000000000002,0,0
edge_mesh,43,benign--edge_mesh--star--n10--quoted_attack_review--r3,0,0.003798573,0.5800000000000002,0,0
edge_mesh,43,benign--edge_mesh--star--n10--routine_update--r5,0,0.2366814,0.5800000000000002,0,0
edge_mesh,43,benign--edge_mesh--star--n10--routine_update--r5,0,0.009996842,0.5800000000000002,0,0
edge_mesh,43,benign--edge_mesh--star--n15--containment_drill--r2,0,0.0019394867,0.5800000000000002,0,0
edge_mesh,43,benign--edge_mesh--star--n15--containment_drill--r2,0,0.0012685088,0.5800000000000002,0,0
edge_mesh,43,benign--edge_mesh--star--n15--containment_drill--r6,0,0.0017729957,0.5800000000000002,0,0
edge_mesh,43,benign--edge_mesh--star--n15--containment_drill--r6,0,0.007550474,0.5800000000000002,0,0
edge_mesh,43,benign--edge_mesh--star--n15--containment_drill--r6,0,0.0045308745,0.5800000000000002,0,0
edge_mesh,43,benign--edge_mesh--star--n15--maintenance_notice--r4,0,0.011444085,0.5800000000000002,0,0
edge_mesh,43,benign--edge_mesh--star--n15--maintenance_notice--r4,0,0.0016168592,0.5800000000000002,0,0
edge_mesh,43,benign--edge_mesh--star--n15--routine_update--r3,0,0.017914928,0.5800000000000002,0,0
edge_mesh,43,benign--edge_mesh--star--n15--routine_update--r3,0,0.0019255365,0.5800000000000002,0,0
edge_mesh,43,benign--edge_mesh--star--n20--containment_drill--r4,0,0.0029657262,0.5800000000000002,0,0
edge_mesh,43,benign--edge_mesh--star--n20--containment_drill--r4,0,0.015163179,0.5800000000000002,0,0
edge_mesh,43,benign--edge_mesh--star--n20--maintenance_notice--r2,0,0.014787317,0.5800000000000002,0,0
edge_mesh,43,benign--edge_mesh--star--n20--maintenance_notice--r2,0,0.031548046,0.5800000000000002,0,0
edge_mesh,43,benign--edge_mesh--star--n20--maintenance_notice--r6,0,0.013076274,0.5800000000000002,0,0
edge_mesh,43,benign--edge_mesh--star--n20--maintenance_notice--r6,0,0.0065072994,0.5800000000000002,0,0
edge_mesh,43,benign--edge_mesh--star--n20--routine_update--r5,0,0.016571311,0.5800000000000002,0,0
edge_mesh,43,benign--edge_mesh--star--n4--containment_drill--r4,0,0.0014894238,0.5800000000000002,0,0
edge_mesh,43,benign--edge_mesh--star--n4--containment_drill--r4,0,0.0030944543,0.5800000000000002,0,0
edge_mesh,43,benign--edge_mesh--star--n4--containment_drill--r4,0,0.0018370382,0.5800000000000002,0,0
edge_mesh,43,benign--edge_mesh--star--n4--routine_update--r1,0,0.01110306,0.5800000000000002,0,0
edge_mesh,43,benign--edge_mesh--star--n4--routine_update--r1,0,0.008709029,0.5800000000000002,0,0
edge_mesh,43,benign--edge_mesh--star--n8--containment_drill--r2,0,0.008334726,0.5800000000000002,0,0
edge_mesh,43,benign--edge_mesh--star--n8--containment_drill--r2,0,0.0034004787,0.5800000000000002,0,0
edge_mesh,43,benign--edge_mesh--star--n8--containment_drill--r2,0,0.0018087812,0.5800000000000002,0,0
edge_mesh,43,benign--edge_mesh--star--n8--quoted_attack_review--r5,0,0.005594112,0.5800000000000002,0,0
edge_mesh,43,benign--edge_mesh--star--n8--quoted_attack_review--r5,0,0.0018538418,0.5800000000000002,0,0
edge_mesh,43,benign--edge_mesh--star--n8--routine_update--r3,0,0.018076029,0.5800000000000002,0,0
edge_mesh,43,benign--edge_mesh--star--n8--routine_update--r3,0,0.013660067,0.5800000000000002,0,0
edge_mesh,43,mal--edge_mesh--chain--n10--guard_suppression--r1,1,0.72048575,0.5800000000000002,1,1
edge_mesh,43,mal--edge_mesh--chain--n10--guard_suppression--r1,0,0.00888395,0.5800000000000002,0,0
edge_mesh,43,mal--edge_mesh--chain--n10--recovery_poisoning--r1,1,0.98528534,0.5800000000000002,1,1
edge_mesh,43,mal--edge_mesh--chain--n10--recovery_poisoning--r1,0,0.09143495,0.5800000000000002,0,0
edge_mesh,43,mal--edge_mesh--chain--n10--recovery_poisoning--r1,0,0.016231157,0.5800000000000002,0,0
edge_mesh,43,mal--edge_mesh--chain--n10--recovery_poisoning--r1,0,0.024793731,0.5800000000000002,0,0
edge_mesh,43,mal--edge_mesh--chain--n10--recovery_poisoning--r3,1,0.87969065,0.5800000000000002,1,1
edge_mesh,43,mal--edge_mesh--chain--n10--recovery_poisoning--r3,0,0.022175716,0.5800000000000002,0,0
edge_mesh,43,mal--edge_mesh--chain--n10--recovery_poisoning--r3,0,0.005026017,0.5800000000000002,0,0
edge_mesh,43,mal--edge_mesh--chain--n10--recovery_poisoning--r3,0,0.0036272078,0.5800000000000002,0,0
edge_mesh,43,mal--edge_mesh--chain--n10--recovery_poisoning--r3,1,0.7250191,0.5800000000000002,1,1
edge_mesh,43,mal--edge_mesh--chain--n10--recovery_poisoning--r3,0,0.41946992,0.5800000000000002,0,0
edge_mesh,43,mal--edge_mesh--chain--n15--control_plane_worm--r3,1,0.9916857,0.5800000000000002,1,1
edge_mesh,43,mal--edge_mesh--chain--n15--recovery_poisoning--r2,1,0.99606174,0.5800000000000002,1,1
edge_mesh,43,mal--edge_mesh--chain--n15--recovery_poisoning--r2,0,0.77063185,0.5800000000000002,1,1
edge_mesh,43,mal--edge_mesh--chain--n20--control_plane_worm--r2,0,0.29130477,0.5800000000000002,0,0
edge_mesh,43,mal--edge_mesh--chain--n20--control_plane_worm--r2,0,0.003359347,0.5800000000000002,0,0
edge_mesh,43,mal--edge_mesh--chain--n20--exfiltration_propagation--r1,1,0.9345941,0.5800000000000002,1,1
edge_mesh,43,mal--edge_mesh--chain--n20--exfiltration_propagation--r1,1,0.7479269,0.5800000000000002,1,1
edge_mesh,43,mal--edge_mesh--chain--n20--exfiltration_propagation--r1,1,0.4782381,0.5800000000000002,0,0
edge_mesh,43,mal--edge_mesh--chain--n20--guard_suppression--r4,1,0.98826504,0.5800000000000002,1,1
edge_mesh,43,mal--edge_mesh--chain--n20--guard_suppression--r4,0,0.40595248,0.5800000000000002,0,0
edge_mesh,43,mal--edge_mesh--chain--n20--guard_suppression--r4,0,0.014936313,0.5800000000000002,0,0
edge_mesh,43,mal--edge_mesh--chain--n20--guard_suppression--r4,0,0.008135237,0.5800000000000002,0,0
edge_mesh,43,mal--edge_mesh--chain--n20--guard_suppression--r4,0,0.04386936,0.5800000000000002,0,0
edge_mesh,43,mal--edge_mesh--chain--n20--guard_suppression--r4,0,0.8667907,0.5800000000000002,1,1
edge_mesh,43,mal--edge_mesh--chain--n20--recovery_poisoning--r2,1,0.9367059,0.5800000000000002,1,1
edge_mesh,43,mal--edge_mesh--chain--n20--recovery_poisoning--r2,0,0.05479325,0.5800000000000002,0,0
edge_mesh,43,mal--edge_mesh--chain--n20--recovery_poisoning--r2,0,0.0023602692,0.5800000000000002,0,0
edge_mesh,43,mal--edge_mesh--chain--n20--recovery_poisoning--r2,0,0.0053202007,0.5800000000000002,0,0
edge_mesh,43,mal--edge_mesh--chain--n20--recovery_poisoning--r2,1,0.99313027,0.5800000000000002,1,1
edge_mesh,43,mal--edge_mesh--chain--n20--recovery_poisoning--r6,1,0.9387399,0.5800000000000002,1,1
edge_mesh,43,mal--edge_mesh--chain--n20--recovery_poisoning--r6,0,0.004873621,0.5800000000000002,0,0
edge_mesh,43,mal--edge_mesh--chain--n20--slice_takeover--r3,1,0.9929114,0.5800000000000002,1,1
edge_mesh,43,mal--edge_mesh--chain--n20--slice_takeover--r3,1,0.9803115,0.5800000000000002,1,1
edge_mesh,43,mal--edge_mesh--chain--n20--slice_takeover--r3,0,0.18670422,0.5800000000000002,0,0
edge_mesh,43,mal--edge_mesh--chain--n4--control_plane_worm--r6,1,0.9814268,0.5800000000000002,1,1
edge_mesh,43,mal--edge_mesh--chain--n4--control_plane_worm--r6,0,0.9338109,0.5800000000000002,1,1
edge_mesh,43,mal--edge_mesh--chain--n4--control_plane_worm--r6,0,0.5726936,0.5800000000000002,0,1
edge_mesh,43,mal--edge_mesh--chain--n4--recovery_poisoning--r5,1,0.9739915,0.5800000000000002,1,1
edge_mesh,43,mal--edge_mesh--chain--n4--recovery_poisoning--r5,0,0.01109513,0.5800000000000002,0,0
edge_mesh,43,mal--edge_mesh--chain--n4--slice_takeover--r2,1,0.82292914,0.5800000000000002,1,1
edge_mesh,43,mal--edge_mesh--chain--n4--slice_takeover--r2,1,0.9286124,0.5800000000000002,1,1
edge_mesh,43,mal--edge_mesh--chain--n4--slice_takeover--r2,0,0.054264437,0.5800000000000002,0,0
edge_mesh,43,mal--edge_mesh--chain--n8--control_plane_worm--r5,1,0.13744208,0.5800000000000002,0,0
edge_mesh,43,mal--edge_mesh--chain--n8--control_plane_worm--r5,1,0.26100177,0.5800000000000002,0,0
edge_mesh,43,mal--edge_mesh--chain--n8--control_plane_worm--r5,0,0.018895173,0.5800000000000002,0,0
edge_mesh,43,mal--edge_mesh--chain--n8--exfiltration_propagation--r2,1,0.9280566,0.5800000000000002,1,1
edge_mesh,43,mal--edge_mesh--chain--n8--exfiltration_propagation--r2,0,0.07631288,0.5800000000000002,0,0
edge_mesh,43,mal--edge_mesh--chain--n8--exfiltration_propagation--r3,0,0.002141019,0.5800000000000002,0,0
edge_mesh,43,mal--edge_mesh--chain--n8--exfiltration_propagation--r3,0,0.48527527,0.5800000000000002,0,0
edge_mesh,43,mal--edge_mesh--chain--n8--guard_suppression--r2,1,0.9746625,0.5800000000000002,1,1
edge_mesh,43,mal--edge_mesh--chain--n8--guard_suppression--r2,0,0.71672016,0.5800000000000002,1,1
edge_mesh,43,mal--edge_mesh--mesh_lite--n10--guard_suppression--r1,1,0.928349,0.5800000000000002,1,1
edge_mesh,43,mal--edge_mesh--mesh_lite--n10--guard_suppression--r1,0,0.23131816,0.5800000000000002,0,0
edge_mesh,43,mal--edge_mesh--mesh_lite--n15--guard_suppression--r2,1,0.9926252,0.5800000000000002,1,1
edge_mesh,43,mal--edge_mesh--mesh_lite--n15--guard_suppression--r2,1,0.51710373,0.5800000000000002,0,1
edge_mesh,43,mal--edge_mesh--mesh_lite--n15--guard_suppression--r2,0,0.05063168,0.5800000000000002,0,0
edge_mesh,43,mal--edge_mesh--mesh_lite--n15--guard_suppression--r2,0,0.13205203,0.5800000000000002,0,0
edge_mesh,43,mal--edge_mesh--mesh_lite--n15--guard_suppression--r2,0,0.0049229544,0.5800000000000002,0,0
edge_mesh,43,mal--edge_mesh--mesh_lite--n15--guard_suppression--r2,0,0.004485588,0.5800000000000002,0,0
edge_mesh,43,mal--edge_mesh--mesh_lite--n15--guard_suppression--r2,0,0.008005039,0.5800000000000002,0,0
edge_mesh,43,mal--edge_mesh--mesh_lite--n15--guard_suppression--r2,1,0.5362361,0.5800000000000002,0,1
edge_mesh,43,mal--edge_mesh--mesh_lite--n4--slice_takeover--r2,0,0.47767863,0.5800000000000002,0,0
edge_mesh,43,mal--edge_mesh--mesh_lite--n4--slice_takeover--r2,0,0.13552271,0.5800000000000002,0,0
edge_mesh,43,mal--edge_mesh--mesh_lite--n4--slice_takeover--r2,1,0.9456709,0.5800000000000002,1,1
edge_mesh,43,mal--edge_mesh--mesh_lite--n4--slice_takeover--r2,0,0.010569057,0.5800000000000002,0,0
edge_mesh,43,mal--edge_mesh--mesh_lite--n8--exfiltration_propagation--r2,1,0.9697889,0.5800000000000002,1,1
edge_mesh,43,mal--edge_mesh--mesh_lite--n8--exfiltration_propagation--r2,0,0.5474231,0.5800000000000002,0,1
edge_mesh,43,mal--edge_mesh--mesh_lite--n8--exfiltration_propagation--r2,1,0.9479781,0.5800000000000002,1,1
edge_mesh,43,mal--edge_mesh--mesh_lite--n8--exfiltration_propagation--r2,1,0.9727465,0.5800000000000002,1,1
edge_mesh,43,mal--edge_mesh--mesh_lite--n8--exfiltration_propagation--r2,1,0.83335066,0.5800000000000002,1,1
edge_mesh,43,mal--edge_mesh--mesh_lite--n8--exfiltration_propagation--r2,0,0.3876811,0.5800000000000002,0,0
edge_mesh,43,mal--edge_mesh--mesh_lite--n8--exfiltration_propagation--r2,0,0.046737183,0.5800000000000002,0,0
edge_mesh,43,mal--edge_mesh--mesh_lite--n8--exfiltration_propagation--r2,1,0.94859356,0.5800000000000002,1,1
edge_mesh,43,mal--edge_mesh--mesh_lite--n8--exfiltration_propagation--r2,1,0.6591237,0.5800000000000002,1,1
edge_mesh,43,mal--edge_mesh--mesh_lite--n8--exfiltration_propagation--r2,1,0.15568067,0.5800000000000002,0,0
edge_mesh,43,mal--edge_mesh--random_min_degree--n10--control_plane_worm--r2,1,0.99714464,0.5800000000000002,1,1
edge_mesh,43,mal--edge_mesh--random_min_degree--n10--control_plane_worm--r2,0,0.27741826,0.5800000000000002,0,0
edge_mesh,43,mal--edge_mesh--random_min_degree--n10--control_plane_worm--r2,1,0.8937476,0.5800000000000002,1,1
edge_mesh,43,mal--edge_mesh--random_min_degree--n10--control_plane_worm--r2,0,0.2641784,0.5800000000000002,0,0
edge_mesh,43,mal--edge_mesh--random_min_degree--n10--control_plane_worm--r2,0,0.050972123,0.5800000000000002,0,0
edge_mesh,43,mal--edge_mesh--random_min_degree--n15--guard_suppression--r2,1,0.9817525,0.5800000000000002,1,1
edge_mesh,43,mal--edge_mesh--random_min_degree--n15--guard_suppression--r2,1,0.95225924,0.5800000000000002,1,1
edge_mesh,43,mal--edge_mesh--random_min_degree--n8--exfiltration_propagation--r2,1,0.973006,0.5800000000000002,1,1
edge_mesh,43,mal--edge_mesh--random_min_degree--n8--exfiltration_propagation--r2,0,0.03124725,0.5800000000000002,0,0
edge_mesh,43,mal--edge_mesh--random_min_degree--n8--exfiltration_propagation--r2,1,0.98972803,0.5800000000000002,1,1
edge_mesh,43,mal--edge_mesh--random_min_degree--n8--exfiltration_propagation--r2,0,0.042259477,0.5800000000000002,0,0
edge_mesh,43,mal--edge_mesh--random_min_degree--n8--exfiltration_propagation--r2,0,0.075109184,0.5800000000000002,0,0
edge_mesh,43,mal--edge_mesh--random_min_degree--n8--exfiltration_propagation--r2,0,0.19600461,0.5800000000000002,0,0
edge_mesh,43,mal--edge_mesh--ring--n10--control_plane_worm--r2,1,0.9878697,0.5800000000000002,1,1
edge_mesh,43,mal--edge_mesh--ring--n10--control_plane_worm--r2,0,0.11429513,0.5800000000000002,0,0
edge_mesh,43,mal--edge_mesh--ring--n10--control_plane_worm--r2,0,0.009155034,0.5800000000000002,0,0
edge_mesh,43,mal--edge_mesh--ring--n10--control_plane_worm--r2,1,0.99334127,0.5800000000000002,1,1
edge_mesh,43,mal--edge_mesh--ring--n10--exfiltration_propagation--r2,1,0.98245966,0.5800000000000002,1,1
edge_mesh,43,mal--edge_mesh--ring--n10--exfiltration_propagation--r2,1,0.53021836,0.5800000000000002,0,1
edge_mesh,43,mal--edge_mesh--ring--n10--recovery_poisoning--r3,1,0.94086874,0.5800000000000002,1,1
edge_mesh,43,mal--edge_mesh--ring--n10--recovery_poisoning--r3,1,0.9232532,0.5800000000000002,1,1
edge_mesh,43,mal--edge_mesh--ring--n10--recovery_poisoning--r3,1,0.8825365,0.5800000000000002,1,1
edge_mesh,43,mal--edge_mesh--ring--n4--slice_takeover--r2,1,0.99406993,0.5800000000000002,1,1
edge_mesh,43,mal--edge_mesh--ring--n4--slice_takeover--r2,1,0.93930405,0.5800000000000002,1,1
edge_mesh,43,mal--edge_mesh--ring--n4--slice_takeover--r2,1,0.8862741,0.5800000000000002,1,1
edge_mesh,43,mal--edge_mesh--ring--n4--slice_takeover--r2,0,0.15212141,0.5800000000000002,0,0
edge_mesh,43,mal--edge_mesh--ring--n8--exfiltration_propagation--r3,0,0.0025119975,0.5800000000000002,0,0
edge_mesh,43,mal--edge_mesh--ring--n8--guard_suppression--r1,1,0.9154443,0.5800000000000002,1,1
edge_mesh,43,mal--edge_mesh--ring--n8--guard_suppression--r1,0,0.46829417,0.5800000000000002,0,0
edge_mesh,43,mal--edge_mesh--ring--n8--guard_suppression--r2,1,0.98890895,0.5800000000000002,1,1
edge_mesh,43,mal--edge_mesh--ring--n8--guard_suppression--r2,0,0.55618066,0.5800000000000002,0,1
edge_mesh,43,mal--edge_mesh--ring--n8--slice_takeover--r1,1,0.9707727,0.5800000000000002,1,1
edge_mesh,43,mal--edge_mesh--ring--n8--slice_takeover--r1,1,0.9124368,0.5800000000000002,1,1
edge_mesh,43,mal--edge_mesh--ring--n8--slice_takeover--r1,1,0.9277423,0.5800000000000002,1,1
edge_mesh,43,mal--edge_mesh--ring--n8--slice_takeover--r1,1,0.79163086,0.5800000000000002,1,1
edge_mesh,43,mal--edge_mesh--star--n10--control_plane_worm--r2,1,0.9703022,0.5800000000000002,1,1
edge_mesh,43,mal--edge_mesh--star--n10--control_plane_worm--r2,0,0.014026313,0.5800000000000002,0,0
edge_mesh,43,mal--edge_mesh--star--n10--control_plane_worm--r4,1,0.9928348,0.5800000000000002,1,1
edge_mesh,43,mal--edge_mesh--star--n10--control_plane_worm--r4,1,0.88304055,0.5800000000000002,1,1
edge_mesh,43,mal--edge_mesh--star--n10--exfiltration_propagation--r2,1,0.7775373,0.5800000000000002,1,1
edge_mesh,43,mal--edge_mesh--star--n10--exfiltration_propagation--r2,1,0.5252917,0.5800000000000002,0,1
edge_mesh,43,mal--edge_mesh--star--n10--exfiltration_propagation--r2,0,0.023549803,0.5800000000000002,0,0
edge_mesh,43,mal--edge_mesh--star--n10--recovery_poisoning--r3,1,0.9909855,0.5800000000000002,1,1
edge_mesh,43,mal--edge_mesh--star--n10--recovery_poisoning--r3,0,0.48770127,0.5800000000000002,0,0
edge_mesh,43,mal--edge_mesh--star--n15--exfiltration_propagation--r6,1,0.8937307,0.5800000000000002,1,1
edge_mesh,43,mal--edge_mesh--star--n15--exfiltration_propagation--r6,0,0.3653577,0.5800000000000002,0,0
edge_mesh,43,mal--edge_mesh--star--n15--guard_suppression--r5,0,0.90606195,0.5800000000000002,1,1
edge_mesh,43,mal--edge_mesh--star--n15--recovery_poisoning--r2,1,0.8701513,0.5800000000000002,1,1
edge_mesh,43,mal--edge_mesh--star--n15--recovery_poisoning--r2,0,0.4109975,0.5800000000000002,0,0
edge_mesh,43,mal--edge_mesh--star--n15--slice_takeover--r4,1,0.9915434,0.5800000000000002,1,1
edge_mesh,43,mal--edge_mesh--star--n15--slice_takeover--r4,0,0.24332136,0.5800000000000002,0,0
edge_mesh,43,mal--edge_mesh--star--n20--exfiltration_propagation--r5,1,0.99000275,0.5800000000000002,1,1
edge_mesh,43,mal--edge_mesh--star--n20--exfiltration_propagation--r5,0,0.04248245,0.5800000000000002,0,0
edge_mesh,43,mal--edge_mesh--star--n20--recovery_poisoning--r2,1,0.8517495,0.5800000000000002,1,1
edge_mesh,43,mal--edge_mesh--star--n20--recovery_poisoning--r2,0,0.40573436,0.5800000000000002,0,0
edge_mesh,43,mal--edge_mesh--star--n20--recovery_poisoning--r2,0,0.015283466,0.5800000000000002,0,0
edge_mesh,43,mal--edge_mesh--star--n20--slice_takeover--r3,1,0.9923496,0.5800000000000002,1,1
edge_mesh,43,mal--edge_mesh--star--n20--slice_takeover--r3,0,0.9557343,0.5800000000000002,1,1
edge_mesh,43,mal--edge_mesh--star--n4--control_plane_worm--r6,1,0.9786154,0.5800000000000002,1,1
edge_mesh,43,mal--edge_mesh--star--n4--exfiltration_propagation--r4,1,0.99231076,0.5800000000000002,1,1
edge_mesh,43,mal--edge_mesh--star--n4--exfiltration_propagation--r4,0,0.005752856,0.5800000000000002,0,0
edge_mesh,43,mal--edge_mesh--star--n4--guard_suppression--r3,1,0.99158406,0.5800000000000002,1,1
edge_mesh,43,mal--edge_mesh--star--n4--guard_suppression--r3,0,0.17495468,0.5800000000000002,0,0
edge_mesh,43,mal--edge_mesh--star--n4--slice_takeover--r2,1,0.98600096,0.5800000000000002,1,1
edge_mesh,43,mal--edge_mesh--star--n4--slice_takeover--r2,0,0.15430102,0.5800000000000002,0,0
edge_mesh,43,mal--edge_mesh--star--n8--control_plane_worm--r5,1,0.85209936,0.5800000000000002,1,1
edge_mesh,43,mal--edge_mesh--star--n8--control_plane_worm--r5,0,0.24966425,0.5800000000000002,0,0
edge_mesh,43,mal--edge_mesh--star--n8--exfiltration_propagation--r2,1,0.971711,0.5800000000000002,1,1
edge_mesh,43,mal--edge_mesh--star--n8--exfiltration_propagation--r2,0,0.03666811,0.5800000000000002,0,0
edge_mesh,43,mal--edge_mesh--star--n8--exfiltration_propagation--r3,1,0.9829776,0.5800000000000002,1,1
edge_mesh,43,mal--edge_mesh--star--n8--exfiltration_propagation--r3,0,0.6323072,0.5800000000000002,1,1
edge_mesh,43,mal--edge_mesh--star--n8--slice_takeover--r6,1,0.8208171,0.5800000000000002,1,1
edge_mesh,43,mal--edge_mesh--star--n8--slice_takeover--r6,0,0.3969713,0.5800000000000002,0,0
edge_mesh,59,benign--edge_mesh--chain--n10--containment_drill--r2,0,0.003953901,0.44000000000000006,0,0
edge_mesh,59,benign--edge_mesh--chain--n10--containment_drill--r6,0,0.002799015,0.44000000000000006,0,0
edge_mesh,59,benign--edge_mesh--chain--n10--containment_drill--r6,0,0.0010590481,0.44000000000000006,0,0
edge_mesh,59,benign--edge_mesh--chain--n10--maintenance_notice--r4,0,0.011476125,0.44000000000000006,0,0
edge_mesh,59,benign--edge_mesh--chain--n10--maintenance_notice--r4,0,0.0035360677,0.44000000000000006,0,0
edge_mesh,59,benign--edge_mesh--chain--n15--containment_drill--r4,0,0.015212905,0.44000000000000006,0,0
edge_mesh,59,benign--edge_mesh--chain--n15--containment_drill--r4,0,0.01913514,0.44000000000000006,0,0
edge_mesh,59,benign--edge_mesh--chain--n15--containment_drill--r4,0,0.003842084,0.44000000000000006,0,0
edge_mesh,59,benign--edge_mesh--chain--n15--containment_drill--r4,0,0.011665391,0.44000000000000006,0,0
edge_mesh,59,benign--edge_mesh--chain--n15--routine_update--r1,0,0.017810345,0.44000000000000006,0,0
edge_mesh,59,benign--edge_mesh--chain--n15--routine_update--r1,0,0.11675767,0.44000000000000006,0,0
edge_mesh,59,benign--edge_mesh--chain--n15--routine_update--r5,0,0.02478503,0.44000000000000006,0,0
edge_mesh,59,benign--edge_mesh--chain--n15--routine_update--r5,0,0.0037159051,0.44000000000000006,0,0
edge_mesh,59,benign--edge_mesh--chain--n15--routine_update--r5,0,0.0035461665,0.44000000000000006,0,0
edge_mesh,59,benign--edge_mesh--chain--n20--containment_drill--r2,0,0.0014013028,0.44000000000000006,0,0
edge_mesh,59,benign--edge_mesh--chain--n20--containment_drill--r6,0,0.007487325,0.44000000000000006,0,0
edge_mesh,59,benign--edge_mesh--chain--n20--maintenance_notice--r4,0,0.004602718,0.44000000000000006,0,0
edge_mesh,59,benign--edge_mesh--chain--n20--maintenance_notice--r4,0,0.0048849024,0.44000000000000006,0,0
edge_mesh,59,benign--edge_mesh--chain--n20--maintenance_notice--r4,0,0.0051541165,0.44000000000000006,0,0
edge_mesh,59,benign--edge_mesh--chain--n20--maintenance_notice--r4,0,0.0035129485,0.44000000000000006,0,0
edge_mesh,59,benign--edge_mesh--chain--n20--quoted_attack_review--r5,0,0.0035050318,0.44000000000000006,0,0
edge_mesh,59,benign--edge_mesh--chain--n20--quoted_attack_review--r5,0,0.006277828,0.44000000000000006,0,0
edge_mesh,59,benign--edge_mesh--chain--n20--routine_update--r3,0,0.021406043,0.44000000000000006,0,0
edge_mesh,59,benign--edge_mesh--chain--n20--routine_update--r3,0,0.009536388,0.44000000000000006,0,0
edge_mesh,59,benign--edge_mesh--chain--n4--containment_drill--r2,0,0.021045731,0.44000000000000006,0,0
edge_mesh,59,benign--edge_mesh--chain--n4--containment_drill--r2,0,0.007717672,0.44000000000000006,0,0
edge_mesh,59,benign--edge_mesh--chain--n4--containment_drill--r2,0,0.020110184,0.44000000000000006,0,0
edge_mesh,59,benign--edge_mesh--chain--n4--containment_drill--r2,0,0.01146791,0.44000000000000006,0,0
edge_mesh,59,benign--edge_mesh--chain--n4--containment_drill--r6,0,0.0077052405,0.44000000000000006,0,0
edge_mesh,59,benign--edge_mesh--chain--n4--routine_update--r3,0,0.050949883,0.44000000000000006,0,0
edge_mesh,59,benign--edge_mesh--chain--n4--routine_update--r3,0,0.023989117,0.44000000000000006,0,0
edge_mesh,59,benign--edge_mesh--chain--n8--containment_drill--r4,0,0.01261473,0.44000000000000006,0,0
edge_mesh,59,benign--edge_mesh--chain--n8--containment_drill--r4,0,0.014913808,0.44000000000000006,0,0
edge_mesh,59,benign--edge_mesh--chain--n8--maintenance_notice--r2,0,0.0038513094,0.44000000000000006,0,0
edge_mesh,59,benign--edge_mesh--chain--n8--quoted_attack_review--r3,0,0.0038132693,0.44000000000000006,0,0
edge_mesh,59,benign--edge_mesh--chain--n8--quoted_attack_review--r3,0,0.0044850237,0.44000000000000006,0,0
edge_mesh,59,benign--edge_mesh--chain--n8--quoted_attack_review--r3,0,0.0021808096,0.44000000000000006,0,0
edge_mesh,59,benign--edge_mesh--chain--n8--quoted_attack_review--r3,0,0.0023384944,0.44000000000000006,0,0
edge_mesh,59,benign--edge_mesh--chain--n8--routine_update--r1,0,0.048807472,0.44000000000000006,0,0
edge_mesh,59,benign--edge_mesh--chain--n8--routine_update--r1,0,0.014235341,0.44000000000000006,0,0
edge_mesh,59,benign--edge_mesh--chain--n8--routine_update--r5,0,0.0038194673,0.44000000000000006,0,0
edge_mesh,59,benign--edge_mesh--chain--n8--routine_update--r5,0,0.0027738474,0.44000000000000006,0,0
edge_mesh,59,benign--edge_mesh--mesh_lite--n10--routine_update--r1,0,0.034826558,0.44000000000000006,0,0
edge_mesh,59,benign--edge_mesh--mesh_lite--n10--routine_update--r5,0,0.011130339,0.44000000000000006,0,0
edge_mesh,59,benign--edge_mesh--mesh_lite--n15--containment_drill--r2,0,0.0018248952,0.44000000000000006,0,0
edge_mesh,59,benign--edge_mesh--mesh_lite--n20--maintenance_notice--r2,0,0.06248768,0.44000000000000006,0,0
edge_mesh,59,benign--edge_mesh--mesh_lite--n20--routine_update--r1,0,0.0131129995,0.44000000000000006,0,0
edge_mesh,59,benign--edge_mesh--mesh_lite--n20--routine_update--r1,0,0.026552022,0.44000000000000006,0,0
edge_mesh,59,benign--edge_mesh--mesh_lite--n4--containment_drill--r4,0,0.0021844627,0.44000000000000006,0,0
edge_mesh,59,benign--edge_mesh--mesh_lite--n4--maintenance_notice--r2,0,0.006044869,0.44000000000000006,0,0
edge_mesh,59,benign--edge_mesh--mesh_lite--n4--maintenance_notice--r6,0,0.0053658555,0.44000000000000006,0,0
edge_mesh,59,benign--edge_mesh--mesh_lite--n4--routine_update--r1,0,0.029886527,0.44000000000000006,0,0
edge_mesh,59,benign--edge_mesh--mesh_lite--n4--routine_update--r1,0,0.022503698,0.44000000000000006,0,0
edge_mesh,59,benign--edge_mesh--mesh_lite--n4--routine_update--r5,0,0.0131129995,0.44000000000000006,0,0
edge_mesh,59,benign--edge_mesh--mesh_lite--n4--routine_update--r5,0,0.010487136,0.44000000000000006,0,0
edge_mesh,59,benign--edge_mesh--mesh_lite--n8--containment_drill--r2,0,0.0026176376,0.44000000000000006,0,0
edge_mesh,59,benign--edge_mesh--random_min_degree--n10--containment_drill--r2,0,0.012683018,0.44000000000000006,0,0
edge_mesh,59,benign--edge_mesh--random_min_degree--n10--containment_drill--r2,0,0.0027714649,0.44000000000000006,0,0
edge_mesh,59,benign--edge_mesh--random_min_degree--n10--containment_drill--r2,0,0.0056208465,0.44000000000000006,0,0
edge_mesh,59,benign--edge_mesh--random_min_degree--n15--maintenance_notice--r2,0,0.0058574807,0.44000000000000006,0,0
edge_mesh,59,benign--edge_mesh--random_min_degree--n15--routine_update--r1,0,0.017810345,0.44000000000000006,0,0
edge_mesh,59,benign--edge_mesh--random_min_degree--n20--containment_drill--r2,0,0.016745348,0.44000000000000006,0,0
edge_mesh,59,benign--edge_mesh--random_min_degree--n20--containment_drill--r2,0,0.008330947,0.44000000000000006,0,0
edge_mesh,59,benign--edge_mesh--random_min_degree--n20--quoted_attack_review--r1,0,0.030854145,0.44000000000000006,0,0
edge_mesh,59,benign--edge_mesh--random_min_degree--n20--quoted_attack_review--r1,0,0.0067447727,0.44000000000000006,0,0
edge_mesh,59,benign--edge_mesh--random_min_degree--n4--containment_drill--r2,0,0.005682282,0.44000000000000006,0,0
edge_mesh,59,benign--edge_mesh--random_min_degree--n8--containment_drill--r4,0,0.0014208163,0.44000000000000006,0,0
edge_mesh,59,benign--edge_mesh--random_min_degree--n8--maintenance_notice--r2,0,0.023819746,0.44000000000000006,0,0
edge_mesh,59,benign--edge_mesh--random_min_degree--n8--routine_update--r1,0,0.02099991,0.44000000000000006,0,0
edge_mesh,59,benign--edge_mesh--random_min_degree--n8--routine_update--r1,0,0.0073051015,0.44000000000000006,0,0
edge_mesh,59,benign--edge_mesh--ring--n10--containment_drill--r2,0,0.0020709895,0.44000000000000006,0,0
edge_mesh,59,benign--edge_mesh--ring--n10--quoted_attack_review--r5,0,0.0023941807,0.44000000000000006,0,0
edge_mesh,59,benign--edge_mesh--ring--n15--maintenance_notice--r2,0,0.0060601123,0.44000000000000006,0,0
edge_mesh,59,benign--edge_mesh--ring--n15--routine_update--r1,0,0.024952073,0.44000000000000006,0,0
edge_mesh,59,benign--edge_mesh--ring--n15--routine_update--r1,0,0.0040604733,0.44000000000000006,0,0
edge_mesh,59,benign--edge_mesh--ring--n15--routine_update--r1,0,0.020357262,0.44000000000000006,0,0
edge_mesh,59,benign--edge_mesh--ring--n15--routine_update--r1,0,0.0047624335,0.44000000000000006,0,0
edge_mesh,59,benign--edge_mesh--ring--n15--routine_update--r1,0,0.0032680472,0.44000000000000006,0,0
edge_mesh,59,benign--edge_mesh--ring--n15--routine_update--r5,0,0.005942689,0.44000000000000006,0,0
edge_mesh,59,benign--edge_mesh--ring--n20--containment_drill--r2,0,0.002077388,0.44000000000000006,0,0
edge_mesh,59,benign--edge_mesh--ring--n4--containment_drill--r2,0,0.0027863532,0.44000000000000006,0,0
edge_mesh,59,benign--edge_mesh--ring--n4--containment_drill--r6,0,0.0022215734,0.44000000000000006,0,0
edge_mesh,59,benign--edge_mesh--ring--n4--maintenance_notice--r4,0,0.0051432527,0.44000000000000006,0,0
edge_mesh,59,benign--edge_mesh--ring--n4--maintenance_notice--r4,0,0.0103620915,0.44000000000000006,0,0
edge_mesh,59,benign--edge_mesh--ring--n4--maintenance_notice--r4,0,0.0063385465,0.44000000000000006,0,0
edge_mesh,59,benign--edge_mesh--ring--n4--routine_update--r3,0,0.0033699612,0.44000000000000006,0,0
edge_mesh,59,benign--edge_mesh--ring--n8--quoted_attack_review--r3,0,0.0587503,0.44000000000000006,0,0
edge_mesh,59,benign--edge_mesh--ring--n8--quoted_attack_review--r3,0,0.0025795603,0.44000000000000006,0,0
edge_mesh,59,benign--edge_mesh--ring--n8--quoted_attack_review--r3,0,0.010643494,0.44000000000000006,0,0
edge_mesh,59,benign--edge_mesh--ring--n8--quoted_attack_review--r3,0,0.22022352,0.44000000000000006,0,0
edge_mesh,59,benign--edge_mesh--ring--n8--quoted_attack_review--r3,0,0.06918899,0.44000000000000006,0,0
edge_mesh,59,benign--edge_mesh--star--n10--maintenance_notice--r2,0,0.006954147,0.44000000000000006,0,0
edge_mesh,59,benign--edge_mesh--star--n10--maintenance_notice--r2,0,0.003675555,0.44000000000000006,0,0
edge_mesh,59,benign--edge_mesh--star--n10--quoted_attack_review--r3,0,0.0063093402,0.44000000000000006,0,0
edge_mesh,59,benign--edge_mesh--star--n10--quoted_attack_review--r3,0,0.0041443068,0.44000000000000006,0,0
edge_mesh,59,benign--edge_mesh--star--n10--routine_update--r5,0,0.34814355,0.44000000000000006,0,0
edge_mesh,59,benign--edge_mesh--star--n10--routine_update--r5,0,0.0067733913,0.44000000000000006,0,0
edge_mesh,59,benign--edge_mesh--star--n15--containment_drill--r2,0,0.0026414443,0.44000000000000006,0,0
edge_mesh,59,benign--edge_mesh--star--n15--containment_drill--r2,0,0.0019958282,0.44000000000000006,0,0
edge_mesh,59,benign--edge_mesh--star--n15--containment_drill--r6,0,0.0025907736,0.44000000000000006,0,0
edge_mesh,59,benign--edge_mesh--star--n15--containment_drill--r6,0,0.00769635,0.44000000000000006,0,0
edge_mesh,59,benign--edge_mesh--star--n15--containment_drill--r6,0,0.006200643,0.44000000000000006,0,0
edge_mesh,59,benign--edge_mesh--star--n15--maintenance_notice--r4,0,0.019741124,0.44000000000000006,0,0
edge_mesh,59,benign--edge_mesh--star--n15--maintenance_notice--r4,0,0.0027362693,0.44000000000000006,0,0
edge_mesh,59,benign--edge_mesh--star--n15--routine_update--r3,0,0.021666499,0.44000000000000006,0,0
edge_mesh,59,benign--edge_mesh--star--n15--routine_update--r3,0,0.0032838867,0.44000000000000006,0,0
edge_mesh,59,benign--edge_mesh--star--n20--containment_drill--r4,0,0.010025286,0.44000000000000006,0,0
edge_mesh,59,benign--edge_mesh--star--n20--containment_drill--r4,0,0.010681028,0.44000000000000006,0,0
edge_mesh,59,benign--edge_mesh--star--n20--maintenance_notice--r2,0,0.0077592987,0.44000000000000006,0,0
edge_mesh,59,benign--edge_mesh--star--n20--maintenance_notice--r2,0,0.004292329,0.44000000000000006,0,0
edge_mesh,59,benign--edge_mesh--star--n20--maintenance_notice--r6,0,0.024626605,0.44000000000000006,0,0
edge_mesh,59,benign--edge_mesh--star--n20--maintenance_notice--r6,0,0.008020389,0.44000000000000006,0,0
edge_mesh,59,benign--edge_mesh--star--n20--routine_update--r5,0,0.012498848,0.44000000000000006,0,0
edge_mesh,59,benign--edge_mesh--star--n4--containment_drill--r4,0,0.006741486,0.44000000000000006,0,0
edge_mesh,59,benign--edge_mesh--star--n4--containment_drill--r4,0,0.004642822,0.44000000000000006,0,0
edge_mesh,59,benign--edge_mesh--star--n4--containment_drill--r4,0,0.0039463346,0.44000000000000006,0,0
edge_mesh,59,benign--edge_mesh--star--n4--routine_update--r1,0,0.029886527,0.44000000000000006,0,0
edge_mesh,59,benign--edge_mesh--star--n4--routine_update--r1,0,0.009321714,0.44000000000000006,0,0
edge_mesh,59,benign--edge_mesh--star--n8--containment_drill--r2,0,0.007561402,0.44000000000000006,0,0
edge_mesh,59,benign--edge_mesh--star--n8--containment_drill--r2,0,0.003005783,0.44000000000000006,0,0
edge_mesh,59,benign--edge_mesh--star--n8--containment_drill--r2,0,0.0025290751,0.44000000000000006,0,0
edge_mesh,59,benign--edge_mesh--star--n8--quoted_attack_review--r5,0,0.009516817,0.44000000000000006,0,0
edge_mesh,59,benign--edge_mesh--star--n8--quoted_attack_review--r5,0,0.003923362,0.44000000000000006,0,0
edge_mesh,59,benign--edge_mesh--star--n8--routine_update--r3,0,0.027934518,0.44000000000000006,0,0
edge_mesh,59,benign--edge_mesh--star--n8--routine_update--r3,0,0.014628125,0.44000000000000006,0,0
edge_mesh,59,mal--edge_mesh--chain--n10--guard_suppression--r1,1,0.6882057,0.44000000000000006,1,1
edge_mesh,59,mal--edge_mesh--chain--n10--guard_suppression--r1,0,0.021559129,0.44000000000000006,0,0
edge_mesh,59,mal--edge_mesh--chain--n10--recovery_poisoning--r1,1,0.98729265,0.44000000000000006,1,1
edge_mesh,59,mal--edge_mesh--chain--n10--recovery_poisoning--r1,0,0.08017637,0.44000000000000006,0,0
edge_mesh,59,mal--edge_mesh--chain--n10--recovery_poisoning--r1,0,0.027560176,0.44000000000000006,0,0
edge_mesh,59,mal--edge_mesh--chain--n10--recovery_poisoning--r1,0,0.032623295,0.44000000000000006,0,0
edge_mesh,59,mal--edge_mesh--chain--n10--recovery_poisoning--r3,1,0.9543271,0.44000000000000006,1,1
edge_mesh,59,mal--edge_mesh--chain--n10--recovery_poisoning--r3,0,0.045932095,0.44000000000000006,0,0
edge_mesh,59,mal--edge_mesh--chain--n10--recovery_poisoning--r3,0,0.013944402,0.44000000000000006,0,0
edge_mesh,59,mal--edge_mesh--chain--n10--recovery_poisoning--r3,0,0.004014148,0.44000000000000006,0,0
edge_mesh,59,mal--edge_mesh--chain--n10--recovery_poisoning--r3,1,0.8727751,0.44000000000000006,1,1
edge_mesh,59,mal--edge_mesh--chain--n10--recovery_poisoning--r3,0,0.60875446,0.44000000000000006,1,1
edge_mesh,59,mal--edge_mesh--chain--n15--control_plane_worm--r3,1,0.9962096,0.44000000000000006,1,1
edge_mesh,59,mal--edge_mesh--chain--n15--recovery_poisoning--r2,1,0.99601173,0.44000000000000006,1,1
edge_mesh,59,mal--edge_mesh--chain--n15--recovery_poisoning--r2,0,0.24232906,0.44000000000000006,0,0
edge_mesh,59,mal--edge_mesh--chain--n20--control_plane_worm--r2,0,0.2902379,0.44000000000000006,0,0
edge_mesh,59,mal--edge_mesh--chain--n20--control_plane_worm--r2,0,0.0035558022,0.44000000000000006,0,0
edge_mesh,59,mal--edge_mesh--chain--n20--exfiltration_propagation--r1,1,0.91588026,0.44000000000000006,1,1
edge_mesh,59,mal--edge_mesh--chain--n20--exfiltration_propagation--r1,1,0.58903193,0.44000000000000006,1,1
edge_mesh,59,mal--edge_mesh--chain--n20--exfiltration_propagation--r1,1,0.6657196,0.44000000000000006,1,1
edge_mesh,59,mal--edge_mesh--chain--n20--guard_suppression--r4,1,0.9929953,0.44000000000000006,1,1
edge_mesh,59,mal--edge_mesh--chain--n20--guard_suppression--r4,0,0.15844323,0.44000000000000006,0,0
edge_mesh,59,mal--edge_mesh--chain--n20--guard_suppression--r4,0,0.008750731,0.44000000000000006,0,0
edge_mesh,59,mal--edge_mesh--chain--n20--guard_suppression--r4,0,0.006177224,0.44000000000000006,0,0
edge_mesh,59,mal--edge_mesh--chain--n20--guard_suppression--r4,0,0.021769749,0.44000000000000006,0,0
edge_mesh,59,mal--edge_mesh--chain--n20--guard_suppression--r4,0,0.6480433,0.44000000000000006,1,1
edge_mesh,59,mal--edge_mesh--chain--n20--recovery_poisoning--r2,1,0.93324727,0.44000000000000006,1,1
edge_mesh,59,mal--edge_mesh--chain--n20--recovery_poisoning--r2,0,0.08681072,0.44000000000000006,0,0
edge_mesh,59,mal--edge_mesh--chain--n20--recovery_poisoning--r2,0,0.0056484635,0.44000000000000006,0,0
edge_mesh,59,mal--edge_mesh--chain--n20--recovery_poisoning--r2,0,0.0031897118,0.44000000000000006,0,0
edge_mesh,59,mal--edge_mesh--chain--n20--recovery_poisoning--r2,1,0.9923774,0.44000000000000006,1,1
edge_mesh,59,mal--edge_mesh--chain--n20--recovery_poisoning--r6,1,0.98156965,0.44000000000000006,1,1
edge_mesh,59,mal--edge_mesh--chain--n20--recovery_poisoning--r6,0,0.011178316,0.44000000000000006,0,0
edge_mesh,59,mal--edge_mesh--chain--n20--slice_takeover--r3,1,0.99377126,0.44000000000000006,1,1
edge_mesh,59,mal--edge_mesh--chain--n20--slice_takeover--r3,1,0.9740397,0.44000000000000006,1,1
edge_mesh,59,mal--edge_mesh--chain--n20--slice_takeover--r3,0,0.33072782,0.44000000000000006,0,0
edge_mesh,59,mal--edge_mesh--chain--n4--control_plane_worm--r6,1,0.9803562,0.44000000000000006,1,1
edge_mesh,59,mal--edge_mesh--chain--n4--control_plane_worm--r6,0,0.96031994,0.44000000000000006,1,1
edge_mesh,59,mal--edge_mesh--chain--n4--control_plane_worm--r6,0,0.6559854,0.44000000000000006,1,1
edge_mesh,59,mal--edge_mesh--chain--n4--recovery_poisoning--r5,1,0.9903689,0.44000000000000006,1,1
edge_mesh,59,mal--edge_mesh--chain--n4--recovery_poisoning--r5,0,0.015994055,0.44000000000000006,0,0
edge_mesh,59,mal--edge_mesh--chain--n4--slice_takeover--r2,1,0.9497756,0.44000000000000006,1,1
edge_mesh,59,mal--edge_mesh--chain--n4--slice_takeover--r2,1,0.9095737,0.44000000000000006,1,1
edge_mesh,59,mal--edge_mesh--chain--n4--slice_takeover--r2,0,0.08470514,0.44000000000000006,0,0
edge_mesh,59,mal--edge_mesh--chain--n8--control_plane_worm--r5,1,0.18043827,0.44000000000000006,0,0
edge_mesh,59,mal--edge_mesh--chain--n8--control_plane_worm--r5,1,0.4700203,0.44000000000000006,1,0
edge_mesh,59,mal--edge_mesh--chain--n8--control_plane_worm--r5,0,0.030123468,0.44000000000000006,0,0
edge_mesh,59,mal--edge_mesh--chain--n8--exfiltration_propagation--r2,1,0.8909966,0.44000000000000006,1,1
edge_mesh,59,mal--edge_mesh--chain--n8--exfiltration_propagation--r2,0,0.09670856,0.44000000000000006,0,0
edge_mesh,59,mal--edge_mesh--chain--n8--exfiltration_propagation--r3,0,0.008290955,0.44000000000000006,0,0
edge_mesh,59,mal--edge_mesh--chain--n8--exfiltration_propagation--r3,0,0.509003,0.44000000000000006,1,1
edge_mesh,59,mal--edge_mesh--chain--n8--guard_suppression--r2,1,0.99462503,0.44000000000000006,1,1
edge_mesh,59,mal--edge_mesh--chain--n8--guard_suppression--r2,0,0.87738574,0.44000000000000006,1,1
edge_mesh,59,mal--edge_mesh--mesh_lite--n10--guard_suppression--r1,1,0.89679635,0.44000000000000006,1,1
edge_mesh,59,mal--edge_mesh--mesh_lite--n10--guard_suppression--r1,0,0.18262003,0.44000000000000006,0,0
edge_mesh,59,mal--edge_mesh--mesh_lite--n15--guard_suppression--r2,1,0.9936985,0.44000000000000006,1,1
edge_mesh,59,mal--edge_mesh--mesh_lite--n15--guard_suppression--r2,1,0.59063905,0.44000000000000006,1,1
edge_mesh,59,mal--edge_mesh--mesh_lite--n15--guard_suppression--r2,0,0.08269388,0.44000000000000006,0,0
edge_mesh,59,mal--edge_mesh--mesh_lite--n15--guard_suppression--r2,0,0.032799255,0.44000000000000006,0,0
edge_mesh,59,mal--edge_mesh--mesh_lite--n15--guard_suppression--r2,0,0.0062428503,0.44000000000000006,0,0
edge_mesh,59,mal--edge_mesh--mesh_lite--n15--guard_suppression--r2,0,0.0033765403,0.44000000000000006,0,0
edge_mesh,59,mal--edge_mesh--mesh_lite--n15--guard_suppression--r2,0,0.019539915,0.44000000000000006,0,0
edge_mesh,59,mal--edge_mesh--mesh_lite--n15--guard_suppression--r2,1,0.74674654,0.44000000000000006,1,1
edge_mesh,59,mal--edge_mesh--mesh_lite--n4--slice_takeover--r2,0,0.501458,0.44000000000000006,1,1
edge_mesh,59,mal--edge_mesh--mesh_lite--n4--slice_takeover--r2,0,0.13175926,0.44000000000000006,0,0
edge_mesh,59,mal--edge_mesh--mesh_lite--n4--slice_takeover--r2,1,0.8940068,0.44000000000000006,1,1
edge_mesh,59,mal--edge_mesh--mesh_lite--n4--slice_takeover--r2,0,0.023859283,0.44000000000000006,0,0
edge_mesh,59,mal--edge_mesh--mesh_lite--n8--exfiltration_propagation--r2,1,0.95382404,0.44000000000000006,1,1
edge_mesh,59,mal--edge_mesh--mesh_lite--n8--exfiltration_propagation--r2,0,0.44478038,0.44000000000000006,1,0
edge_mesh,59,mal--edge_mesh--mesh_lite--n8--exfiltration_propagation--r2,1,0.9147627,0.44000000000000006,1,1
edge_mesh,59,mal--edge_mesh--mesh_lite--n8--exfiltration_propagation--r2,1,0.9146482,0.44000000000000006,1,1
edge_mesh,59,mal--edge_mesh--mesh_lite--n8--exfiltration_propagation--r2,1,0.7433211,0.44000000000000006,1,1
edge_mesh,59,mal--edge_mesh--mesh_lite--n8--exfiltration_propagation--r2,0,0.40020663,0.44000000000000006,0,0
edge_mesh,59,mal--edge_mesh--mesh_lite--n8--exfiltration_propagation--r2,0,0.025266707,0.44000000000000006,0,0
edge_mesh,59,mal--edge_mesh--mesh_lite--n8--exfiltration_propagation--r2,1,0.8411032,0.44000000000000006,1,1
edge_mesh,59,mal--edge_mesh--mesh_lite--n8--exfiltration_propagation--r2,1,0.641024,0.44000000000000006,1,1
edge_mesh,59,mal--edge_mesh--mesh_lite--n8--exfiltration_propagation--r2,1,0.063853666,0.44000000000000006,0,0
edge_mesh,59,mal--edge_mesh--random_min_degree--n10--control_plane_worm--r2,1,0.9975963,0.44000000000000006,1,1
edge_mesh,59,mal--edge_mesh--random_min_degree--n10--control_plane_worm--r2,0,0.34041613,0.44000000000000006,0,0
edge_mesh,59,mal--edge_mesh--random_min_degree--n10--control_plane_worm--r2,1,0.9655263,0.44000000000000006,1,1
edge_mesh,59,mal--edge_mesh--random_min_degree--n10--control_plane_worm--r2,0,0.611619,0.44000000000000006,1,1
edge_mesh,59,mal--edge_mesh--random_min_degree--n10--control_plane_worm--r2,0,0.026775053,0.44000000000000006,0,0
edge_mesh,59,mal--edge_mesh--random_min_degree--n15--guard_suppression--r2,1,0.993536,0.44000000000000006,1,1
edge_mesh,59,mal--edge_mesh--random_min_degree--n15--guard_suppression--r2,1,0.9779915,0.44000000000000006,1,1
edge_mesh,59,mal--edge_mesh--random_min_degree--n8--exfiltration_propagation--r2,1,0.9561834,0.44000000000000006,1,1
edge_mesh,59,mal--edge_mesh--random_min_degree--n8--exfiltration_propagation--r2,0,0.051812578,0.44000000000000006,0,0
edge_mesh,59,mal--edge_mesh--random_min_degree--n8--exfiltration_propagation--r2,1,0.983377,0.44000000000000006,1,1
edge_mesh,59,mal--edge_mesh--random_min_degree--n8--exfiltration_propagation--r2,0,0.033483323,0.44000000000000006,0,0
edge_mesh,59,mal--edge_mesh--random_min_degree--n8--exfiltration_propagation--r2,0,0.05028787,0.44000000000000006,0,0
edge_mesh,59,mal--edge_mesh--random_min_degree--n8--exfiltration_propagation--r2,0,0.13644055,0.44000000000000006,0,0
edge_mesh,59,mal--edge_mesh--ring--n10--control_plane_worm--r2,1,0.9774439,0.44000000000000006,1,1
edge_mesh,59,mal--edge_mesh--ring--n10--control_plane_worm--r2,0,0.27975327,0.44000000000000006,0,0
edge_mesh,59,mal--edge_mesh--ring--n10--control_plane_worm--r2,0,0.013280678,0.44000000000000006,0,0
edge_mesh,59,mal--edge_mesh--ring--n10--control_plane_worm--r2,1,0.9896171,0.44000000000000006,1,1
edge_mesh,59,mal--edge_mesh--ring--n10--exfiltration_propagation--r2,1,0.9816523,0.44000000000000006,1,1
edge_mesh,59,mal--edge_mesh--ring--n10--exfiltration_propagation--r2,1,0.49571693,0.44000000000000006,1,0
edge_mesh,59,mal--edge_mesh--ring--n10--recovery_poisoning--r3,1,0.98112065,0.44000000000000006,1,1
edge_mesh,59,mal--edge_mesh--ring--n10--recovery_poisoning--r3,1,0.9602661,0.44000000000000006,1,1
edge_mesh,59,mal--edge_mesh--ring--n10--recovery_poisoning--r3,1,0.86862063,0.44000000000000006,1,1
edge_mesh,59,mal--edge_mesh--ring--n4--slice_takeover--r2,1,0.9944095,0.44000000000000006,1,1
edge_mesh,59,mal--edge_mesh--ring--n4--slice_takeover--r2,1,0.95782614,0.44000000000000006,1,1
edge_mesh,59,mal--edge_mesh--ring--n4--slice_takeover--r2,1,0.9736171,0.44000000000000006,1,1
edge_mesh,59,mal--edge_mesh--ring--n4--slice_takeover--r2,0,0.30824742,0.44000000000000006,0,0
edge_mesh,59,mal--edge_mesh--ring--n8--exfiltration_propagation--r3,0,0.007456217,0.44000000000000006,0,0
edge_mesh,59,mal--edge_mesh--ring--n8--guard_suppression--r1,1,0.9302276,0.44000000000000006,1,1
edge_mesh,59,mal--edge_mesh--ring--n8--guard_suppression--r1,0,0.56684816,0.44000000000000006,1,1
edge_mesh,59,mal--edge_mesh--ring--n8--guard_suppression--r2,1,0.9936731,0.44000000000000006,1,1
edge_mesh,59,mal--edge_mesh--ring--n8--guard_suppression--r2,0,0.556351,0.44000000000000006,1,1
edge_mesh,59,mal--edge_mesh--ring--n8--slice_takeover--r1,1,0.9882746,0.44000000000000006,1,1
edge_mesh,59,mal--edge_mesh--ring--n8--slice_takeover--r1,1,0.9098165,0.44000000000000006,1,1
edge_mesh,59,mal--edge_mesh--ring--n8--slice_takeover--r1,1,0.86829334,0.44000000000000006,1,1
edge_mesh,59,mal--edge_mesh--ring--n8--slice_takeover--r1,1,0.80564725,0.44000000000000006,1,1
edge_mesh,59,mal--edge_mesh--star--n10--control_plane_worm--r2,1,0.986126,0.44000000000000006,1,1
edge_mesh,59,mal--edge_mesh--star--n10--control_plane_worm--r2,0,0.013630301,0.44000000000000006,0,0
edge_mesh,59,mal--edge_mesh--star--n10--control_plane_worm--r4,1,0.99336267,0.44000000000000006,1,1
edge_mesh,59,mal--edge_mesh--star--n10--control_plane_worm--r4,1,0.71454024,0.44000000000000006,1,1
edge_mesh,59,mal--edge_mesh--star--n10--exfiltration_propagation--r2,1,0.7035126,0.44000000000000006,1,1
edge_mesh,59,mal--edge_mesh--star--n10--exfiltration_propagation--r2,1,0.4726053,0.44000000000000006,1,0
edge_mesh,59,mal--edge_mesh--star--n10--exfiltration_propagation--r2,0,0.011468213,0.44000000000000006,0,0
edge_mesh,59,mal--edge_mesh--star--n10--recovery_poisoning--r3,1,0.9892966,0.44000000000000006,1,1
edge_mesh,59,mal--edge_mesh--star--n10--recovery_poisoning--r3,0,0.20143814,0.44000000000000006,0,0
edge_mesh,59,mal--edge_mesh--star--n15--exfiltration_propagation--r6,1,0.92957115,0.44000000000000006,1,1
edge_mesh,59,mal--edge_mesh--star--n15--exfiltration_propagation--r6,0,0.29587302,0.44000000000000006,0,0
edge_mesh,59,mal--edge_mesh--star--n15--guard_suppression--r5,0,0.90793836,0.44000000000000006,1,1
edge_mesh,59,mal--edge_mesh--star--n15--recovery_poisoning--r2,1,0.9310884,0.44000000000000006,1,1
edge_mesh,59,mal--edge_mesh--star--n15--recovery_poisoning--r2,0,0.3164639,0.44000000000000006,0,0
edge_mesh,59,mal--edge_mesh--star--n15--slice_takeover--r4,1,0.99585366,0.44000000000000006,1,1
edge_mesh,59,mal--edge_mesh--star--n15--slice_takeover--r4,0,0.33120137,0.44000000000000006,0,0
edge_mesh,59,mal--edge_mesh--star--n20--exfiltration_propagation--r5,1,0.9890626,0.44000000000000006,1,1
edge_mesh,59,mal--edge_mesh--star--n20--exfiltration_propagation--r5,0,0.06390736,0.44000000000000006,0,0
edge_mesh,59,mal--edge_mesh--star--n20--recovery_poisoning--r2,1,0.74595964,0.44000000000000006,1,1
edge_mesh,59,mal--edge_mesh--star--n20--recovery_poisoning--r2,0,0.33442408,0.44000000000000006,0,0
edge_mesh,59,mal--edge_mesh--star--n20--recovery_poisoning--r2,0,0.022708882,0.44000000000000006,0,0
edge_mesh,59,mal--edge_mesh--star--n20--slice_takeover--r3,1,0.9951845,0.44000000000000006,1,1
edge_mesh,59,mal--edge_mesh--star--n20--slice_takeover--r3,0,0.92454594,0.44000000000000006,1,1
edge_mesh,59,mal--edge_mesh--star--n4--control_plane_worm--r6,1,0.9899386,0.44000000000000006,1,1
edge_mesh,59,mal--edge_mesh--star--n4--exfiltration_propagation--r4,1,0.98247784,0.44000000000000006,1,1
edge_mesh,59,mal--edge_mesh--star--n4--exfiltration_propagation--r4,0,0.007985214,0.44000000000000006,0,0
edge_mesh,59,mal--edge_mesh--star--n4--guard_suppression--r3,1,0.9888919,0.44000000000000006,1,1
edge_mesh,59,mal--edge_mesh--star--n4--guard_suppression--r3,0,0.110276684,0.44000000000000006,0,0
edge_mesh,59,mal--edge_mesh--star--n4--slice_takeover--r2,1,0.99291223,0.44000000000000006,1,1
edge_mesh,59,mal--edge_mesh--star--n4--slice_takeover--r2,0,0.4509206,0.44000000000000006,1,0
edge_mesh,59,mal--edge_mesh--star--n8--control_plane_worm--r5,1,0.8513561,0.44000000000000006,1,1
edge_mesh,59,mal--edge_mesh--star--n8--control_plane_worm--r5,0,0.271938,0.44000000000000006,0,0
edge_mesh,59,mal--edge_mesh--star--n8--exfiltration_propagation--r2,1,0.97042716,0.44000000000000006,1,1
edge_mesh,59,mal--edge_mesh--star--n8--exfiltration_propagation--r2,0,0.011424299,0.44000000000000006,0,0
edge_mesh,59,mal--edge_mesh--star--n8--exfiltration_propagation--r3,1,0.99111205,0.44000000000000006,1,1
edge_mesh,59,mal--edge_mesh--star--n8--exfiltration_propagation--r3,0,0.3060928,0.44000000000000006,0,0
edge_mesh,59,mal--edge_mesh--star--n8--slice_takeover--r6,1,0.9373806,0.44000000000000006,1,1
edge_mesh,59,mal--edge_mesh--star--n8--slice_takeover--r6,0,0.58233774,0.44000000000000006,1,1
